Longitude,Latitude,Year,Month,Day,Depth,Chlorophyll
10.8022,55.066,2015,1,5,1.0,1.73
10.567,55.4517,2015,1,5,1.0,4.31
9.0758,56.6208,2015,1,5,1.0,1.3
10.5192,55.4792,2015,1,5,1.0,1.84
9.2925,56.5958,2015,1,5,1.0,16.0
11.1702,55.4612,2015,1,5,1.0,2.4
10.8622,55.5077,2015,1,5,1.0,1.5
8.4148,56.601,2015,1,5,1.0,1.1
12.4233,55.4933,2015,1,6,1.0,0.4
10.5322,55.6027,2015,1,6,1.0,2.23
9.9153,57.6078,2015,1,6,1.0,0.4
11.678,55.1968,2015,1,6,1.0,1.5
9.0625,56.954,2015,1,6,1.0,1.2
9.6292,57.035,2015,1,6,1.0,0.5
11.2822,55.2483,2015,1,6,1.0,1.3
10.0903,55.6743,2015,1,6,1.0,0.7
11.4643,55.2053,2015,1,6,1.0,1.0
11.687,57.667,2015,1,7,0.5,1.2
12.2955,54.976,2015,1,7,1.0,2.46
9.5283,55.4927,2015,1,7,1.0,0.7
9.722,55.429,2015,1,7,1.0,1.3
10.5163,56.867,2015,1,7,1.0,1.7
9.561,56.9417,2015,1,7,0.6,15.0
10.0752,55.166,2015,1,7,1.0,3.53
10.7917,56.8567,2015,1,7,1.0,1.6
11.7705,55.0685,2015,1,7,1.0,3.1
11.403,58.343,2015,1,7,0.5,1.9
11.24,58.353,2015,1,7,0.5,0.75
11.103,58.868,2015,1,7,0.5,0.75
20.32,58.88,2015,1,8,0.0,0.3
10.7717,55.2977,2015,1,8,0.5,0.8
10.3687,56.2427,2015,1,8,1.0,0.8
11.627,58.393,2015,1,8,0.5,0.8
10.3187,56.1547,2015,1,8,1.0,1.2
9.533,55.2497,2015,1,8,1.0,1.8
10.3913,56.0442,2015,1,8,1.0,0.3
12.067,55.713,2015,1,8,1.0,0.8
9.5868,55.3665,2015,1,8,1.0,0.9
11.58,58.23,2015,1,8,0.5,0.36
18.23,58.58,2015,1,8,0.0,0.2
10.3085,56.9895,2015,1,8,0.0,2.8
11.81,58.1092,2015,1,8,0.5,0.72
17.98,58.02,2015,1,8,0.0,0.2
11.907,57.692,2015,1,8,0.5,0.68
17.67,57.12,2015,1,8,0.0,0.2
14.87,55.62,2015,1,9,0.0,0.7
12.75,55.867,2015,1,10,0.0,1.4
12.517,56.127,2015,1,10,0.0,1.8
12.37,56.23,2015,1,10,0.0,2.5
12.72,56.565,2015,1,10,0.0,2.3
12.2117,56.94,2015,1,12,0.0,1.1
11.758,56.958,2015,1,12,0.0,0.7
11.67,57.192,2015,1,12,0.0,0.8
12.117,56.667,2015,1,12,0.0,1.8
12.22,56.57,2015,1,12,0.0,1.9
13.3,55.0,2015,1,13,0.0,1.1
10.2568,55.0755,2015,1,13,1.0,3.85
-6.684,55.1487,2015,1,13,1.0,10.28
14.08,55.0,2015,1,13,0.0,1.5
10.3743,55.0628,2015,1,13,0.5,3.6
11.8273,54.7093,2015,1,13,1.0,1.8
9.9072,55.851,2015,1,13,1.0,1.1
12.05,57.407,2015,1,13,0.0,1.9
12.107,57.137,2015,1,13,0.0,1.3
18.4,55.555,2015,1,14,0.0,0.4
11.2822,55.2483,2015,1,14,1.0,1.3
11.4643,55.2053,2015,1,14,1.0,4.7
19.58,56.63,2015,1,14,0.0,0.4
20.05,57.33,2015,1,14,0.0,0.3
19.88,58.0,2015,1,15,0.0,0.3
-117.308,32.958,2015,1,15,1.99,0.37
-117.283,32.955,2015,1,15,1.99,0.34
-117.465,33.245,2015,1,16,1.99,0.44
-117.395,32.912,2015,1,16,1.99,0.33
-117.532,32.845,2015,1,16,1.99,0.19
-117.873,32.68,2015,1,16,1.99,0.2
-118.215,32.513,2015,1,17,1.99,0.2
-118.557,32.348,2015,1,17,1.99,0.11
-118.895,32.177,2015,1,17,1.99,0.11
-119.233,32.01,2015,1,17,1.99,0.13
-119.57,31.847,2015,1,17,1.99,0.1
-120.25,31.512,2015,1,17,1.99,0.11
-120.925,31.182,2015,1,18,1.99,0.1
-121.59,30.847,2015,1,18,1.99,0.12
-122.265,30.515,2015,1,18,1.99,0.09
-122.925,30.182,2015,1,18,1.99,0.11
-123.587,29.848,2015,1,19,1.99,0.09
11.8572,55.9978,2015,1,19,1.0,3.7
10.7028,54.8858,2015,1,19,1.0,1.82
11.51,54.8753,2015,1,19,1.0,0.3
-5.5972,54.467,2015,1,19,1.0,0.52
-124.0,30.42,2015,1,19,1.99,0.11
9.561,56.9417,2015,1,19,0.6,8.4
8.351,55.3375,2015,1,19,1.0,2.33
21.9532,60.2557,2015,1,19,0.0,1.2
8.2107,56.3433,2015,1,19,1.0,6.3
11.8723,54.6272,2015,1,19,1.0,2.91
-8.768,51.633,2015,1,19,0.0,2.8
-8.7628,51.6445,2015,1,19,0.0,1.2
-8.7627,51.6417,2015,1,19,0.0,4.2
8.5763,55.0938,2015,1,19,1.0,0.6
-8.6725,51.6258,2015,1,19,0.0,0.9
-8.6738,51.6423,2015,1,19,0.0,1.3
-8.6735,51.636,2015,1,19,0.0,1.0
-8.686,51.6382,2015,1,19,0.0,1.8
-8.6963,51.6357,2015,1,19,0.0,2.2
-8.7102,51.6355,2015,1,19,0.0,3.6
-8.7163,51.6397,2015,1,19,0.0,2.2
-8.7368,51.6382,2015,1,19,0.0,3.9
-8.7518,51.6453,2015,1,19,0.0,5.9
-8.7368,51.6382,2015,1,19,0.0,3.1
-8.7627,51.6417,2015,1,19,0.0,3.5
-8.7628,51.6445,2015,1,19,0.0,3.2
-123.332,30.753,2015,1,19,1.99,0.13
-122.663,31.085,2015,1,19,1.99,0.1
-121.995,31.418,2015,1,20,1.99,0.1
10.567,55.4517,2015,1,20,1.0,1.8
10.5192,55.4792,2015,1,20,1.0,1.0
8.2243,56.0778,2015,1,20,1.0,6.5
11.5867,55.118,2015,1,20,1.0,0.9
-5.7967,54.8392,2015,1,20,1.0,0.24
10.3913,56.0442,2015,1,20,1.0,0.7
8.3445,55.5122,2015,1,20,1.0,1.1
12.2955,54.976,2015,1,20,1.0,1.1
-121.317,31.75,2015,1,20,1.99,0.11
10.3187,56.1547,2015,1,20,1.0,1.7
12.2332,55.0132,2015,1,20,1.0,1.3
-8.5113,51.6665,2015,1,20,0.0,2.7
-8.5082,51.6737,2015,1,20,0.0,1.6
10.3687,56.2427,2015,1,20,1.0,1.2
8.1083,55.967,2015,1,20,1.0,1.1
11.7705,55.0685,2015,1,20,1.0,0.6
12.0538,55.161,2015,1,20,1.0,0.8
-8.501,51.6913,2015,1,20,0.0,1.7
-8.5142,51.7023,2015,1,20,0.0,1.6
-8.5322,51.6928,2015,1,20,0.0,2.2
-8.5803,51.6955,2015,1,20,0.0,6.2
-8.5518,51.7017,2015,1,20,0.0,2.5
-8.601,51.7068,2015,1,20,0.0,6.0
-8.6128,51.723,2015,1,20,0.0,6.2
-8.6297,51.729,2015,1,20,0.0,3.7
-8.632,51.7458,2015,1,20,0.0,3.4
-8.634,51.7372,2015,1,20,0.0,4.8
-8.64,51.753,2015,1,20,0.0,3.4
-120.642,32.083,2015,1,20,2.98,0.11
-119.958,32.418,2015,1,21,1.99,0.15
-119.485,32.653,2015,1,21,2.98,0.12
9.8058,58.0792,2015,1,21,2.0,0.3
10.0752,55.166,2015,1,21,1.0,1.03
10.8022,55.066,2015,1,21,1.0,2.11
9.9153,57.6078,2015,1,21,1.0,2.11
19.6665,54.3662,2015,1,21,0.5,10.65
19.7605,54.4448,2015,1,21,0.5,12.43
19.7247,54.4472,2015,1,21,0.5,10.65
-118.937,32.918,2015,1,21,1.99,0.29
9.5868,55.3665,2015,1,21,1.0,1.63
11.1702,55.4612,2015,1,21,1.0,1.9
16.5645,57.0982,2015,1,21,0.5,0.5
19.6688,54.451,2015,1,21,0.5,8.88
19.64,54.3938,2015,1,21,0.5,10.65
-8.459,51.8995,2015,1,21,0.31,2.0
-8.4235,51.901,2015,1,21,0.55,1.9
-8.4463,51.902,2015,1,21,0.38,1.5
19.45,54.3662,2015,1,21,0.5,15.98
-8.3362,51.8778,2015,1,21,0.36,1.9
-8.3565,51.8867,2015,1,21,0.34,1.7
-8.39,51.8983,2015,1,21,0.33,1.7
-8.4025,51.901,2015,1,21,0.28,1.6
9.533,55.2497,2015,1,21,1.0,2.1
19.2965,54.3,2015,1,21,0.5,10.65
-8.2422,51.8405,2015,1,21,0.32,1.4
-8.3127,51.8378,2015,1,21,0.29,1.5
19.427,54.2892,2015,1,21,0.5,10.65
-8.2745,51.7747,2015,1,21,0.26,1.0
-8.2652,51.7898,2015,1,21,0.34,1.1
-8.269,51.8105,2015,1,21,0.37,1.1
19.5203,54.3318,2015,1,21,0.5,14.2
-118.388,33.183,2015,1,21,1.99,0.18
-8.4025,51.901,2015,1,21,0.32,1.3
-8.4463,51.902,2015,1,21,0.38,1.6
-8.3565,51.8867,2015,1,21,0.23,1.3
-118.253,33.25,2015,1,21,1.99,0.21
-117.907,33.418,2015,1,21,1.99,0.21
-117.77,33.487,2015,1,22,1.99,0.65
-117.748,33.495,2015,1,22,1.99,0.87
8.585,57.4372,2015,1,22,0.0,0.3
-118.095,33.672,2015,1,22,1.99,0.86
17.617,58.8,2015,1,22,0.0,0.3
10.7717,55.2977,2015,1,22,0.5,1.1
21.0942,60.5952,2015,1,22,0.0,0.5
18.521,54.656,2015,1,22,0.0,7.74
12.75,55.867,2015,1,22,1.0,0.5
-5.8067,54.668,2015,1,22,1.0,0.3
16.501,56.7723,2015,1,22,0.5,0.7
-118.445,33.888,2015,1,22,1.99,2.21
-7.8603,51.888,2015,1,22,0.29,1.2
-7.839,51.9123,2015,1,22,0.27,1.7
-7.786,51.941,2015,1,22,0.27,1.4
-118.49,33.89,2015,1,22,1.99,0.21
12.067,55.713,2015,1,22,1.0,1.7
-7.8353,51.927,2015,1,22,0.26,4.6
11.8723,54.6272,2015,1,22,1.0,1.0
-7.883,52.0827,2015,1,22,0.26,3.2
-7.8623,52.0873,2015,1,22,0.26,2.8
-7.867,52.1095,2015,1,22,0.27,3.1
-7.8548,52.1198,2015,1,22,0.25,2.1
-118.627,33.823,2015,1,22,1.99,0.21
-7.8553,52.0135,2015,1,22,0.24,5.6
-7.8527,52.0307,2015,1,22,0.26,4.5
-7.8492,52.0488,2015,1,22,0.26,4.4
-7.8723,52.0652,2015,1,22,0.24,2.7
-7.8465,51.9662,2015,1,22,0.25,3.0
-7.865,51.984,2015,1,22,0.18,4.0
-7.8823,51.9958,2015,1,22,0.26,5.6
-7.8417,51.9482,2015,1,22,0.0,4.2
8.7915,57.7908,2015,1,22,2.0,0.3
-7.8555,52.147,2015,1,22,0.0,1.9
-118.975,33.66,2015,1,22,1.99,0.16
-119.318,33.492,2015,1,22,1.99,0.17
-119.663,33.323,2015,1,23,1.99,0.48
-120.01,33.155,2015,1,23,1.99,0.12
9.8023,57.8873,2015,1,23,2.0,0.3
9.8025,57.7598,2015,1,23,0.0,0.4
-120.35,32.99,2015,1,23,1.99,0.14
21.05,55.74,2015,1,23,0.0,8.23
20.83,56.03,2015,1,23,0.0,0.48
-121.04,32.658,2015,1,23,1.99,0.13
20.89,55.77,2015,1,23,0.0,0.8
-121.712,32.323,2015,1,23,1.99,0.11
-122.392,31.99,2015,1,24,1.99,0.12
10.8193,57.4322,2015,1,24,0.0,2.0
21.06,55.72,2015,1,24,0.0,2.31
-123.07,31.655,2015,1,24,1.99,0.11
11.0227,57.8865,2015,1,24,0.0,0.6
20.96,55.31,2015,1,24,0.0,0.77
-123.745,31.323,2015,1,24,1.99,0.1
21.08,55.56,2015,1,24,0.0,1.08
-124.17,31.912,2015,1,24,1.99,0.15
-123.492,32.245,2015,1,25,1.99,0.11
10.817,58.677,2015,1,25,2.0,0.0
-122.813,32.575,2015,1,25,1.99,0.14
11.0048,58.4118,2015,1,25,0.0,1.4
-122.128,32.908,2015,1,25,1.99,0.19
-121.443,33.247,2015,1,25,1.99,0.3
10.485,58.289,2015,1,26,2.0,0.4
-120.755,33.578,2015,1,26,1.99,0.18
-120.412,33.745,2015,1,26,1.99,0.13
10.2568,55.0755,2015,1,26,1.0,2.63
11.7952,55.8662,2015,1,26,1.0,2.9
11.8572,55.9978,2015,1,26,1.0,2.3
10.3743,55.0628,2015,1,26,0.5,2.6
11.2822,55.2483,2015,1,26,1.0,1.4
-8.1142,54.651,2015,1,26,0.0,1.0
8.2243,56.0778,2015,1,26,1.0,2.6
11.4643,55.2053,2015,1,26,1.0,1.0
-8.1995,54.501,2015,1,26,0.0,1.0
-8.1902,54.501,2015,1,26,0.0,1.0
-8.1307,54.6443,2015,1,26,0.0,1.0
-8.1488,54.6362,2015,1,26,0.0,1.0
-120.133,33.88,2015,1,26,1.99,0.8
10.745,57.3,2015,1,26,1.0,0.8
-8.1943,54.501,2015,1,26,0.0,1.0
-8.134,54.6055,2015,1,26,0.0,1.0
-8.134,54.6203,2015,1,26,0.0,1.0
10.3085,56.9895,2015,1,26,0.0,0.7
-8.1995,54.501,2015,1,26,0.0,1.0
-119.513,34.178,2015,1,26,1.99,1.1
-119.412,34.227,2015,1,26,1.99,1.21
-119.323,34.258,2015,1,26,1.99,1.47
-8.2087,54.5045,2015,1,26,0.0,1.0
-8.2087,54.5045,2015,1,26,4.2,1.0
-8.2087,54.5045,2015,1,26,0.0,1.0
-8.2545,54.5108,2015,1,26,4.72,1.0
-119.802,34.403,2015,1,27,1.99,0.71
-120.025,34.277,2015,1,27,1.99,0.31
11.348,57.361,2015,1,27,0.0,2.1
11.3253,55.111,2015,1,27,1.0,0.5
-120.525,34.452,2015,1,27,1.99,0.91
11.5867,55.118,2015,1,27,1.0,0.9
10.7028,54.8858,2015,1,27,1.0,2.4
-8.4397,54.635,2015,1,27,0.0,1.0
-120.807,34.318,2015,1,27,2.98,0.36
8.2107,56.3433,2015,1,27,1.0,8.4
14.2972,55.65,2015,1,27,0.5,0.23
-8.4373,54.6317,2015,1,27,0.0,1.0
-8.4355,54.628,2015,1,27,0.0,1.0
-8.4398,54.6218,2015,1,27,0.0,1.0
-8.4303,54.6423,2015,1,27,0.0,1.0
-8.435,54.6357,2015,1,27,0.0,1.0
10.7917,56.8567,2015,1,27,1.0,0.5
11.8723,54.6272,2015,1,27,1.0,0.9
12.0538,55.161,2015,1,27,1.0,0.7
12.1538,55.1827,2015,1,27,1.0,0.9
-8.4633,54.5958,2015,1,27,0.0,1.0
-8.4062,54.6122,2015,1,27,0.0,1.0
-8.4443,54.6052,2015,1,27,0.0,1.0
-8.3872,54.619,2015,1,27,0.0,1.0
-8.4397,54.633,2015,1,27,0.0,1.0
11.8273,54.7093,2015,1,27,1.0,0.7
-8.4397,54.633,2015,1,27,0.0,1.0
-8.4397,54.635,2015,1,27,0.0,1.0
-8.4373,54.6317,2015,1,27,0.0,1.0
-8.4355,54.628,2015,1,27,0.0,1.0
-8.4398,54.6218,2015,1,27,0.0,2.0
-8.4303,54.6423,2015,1,27,0.0,1.0
-8.435,54.6357,2015,1,27,0.0,1.0
11.8662,56.7935,2015,1,27,2.0,1.6
-121.15,34.153,2015,1,27,1.99,0.32
12.117,56.667,2015,1,27,2.0,1.7
-121.845,33.823,2015,1,27,1.99,0.19
-122.533,33.483,2015,1,28,1.99,0.14
11.8955,56.3528,2015,1,28,0.0,2.2
2.67,51.168,2015,1,28,3.0,2.2
2.858,51.225,2015,1,28,3.0,2.6
12.5658,56.5572,2015,1,28,0.0,1.7
-123.905,32.813,2015,1,28,1.99,0.11
-124.322,33.385,2015,1,28,1.99,0.14
11.16,56.132,2015,1,29,0.0,1.7
3.1875,51.375,2015,1,29,3.0,2.6
-123.642,33.722,2015,1,29,1.99,0.18
-122.945,34.055,2015,1,29,1.99,0.16
-122.247,34.388,2015,1,29,1.99,0.25
10.792,56.857,2015,1,29,0.0,0.8
-121.553,34.713,2015,1,30,1.99,0.3
-121.198,34.888,2015,1,30,1.99,0.28
-120.918,35.022,2015,1,30,1.99,0.51
-120.782,35.093,2015,1,30,1.99,0.69
-121.255,35.643,2015,1,30,1.99,1.33
-121.61,35.475,2015,1,30,1.99,0.38
-121.958,35.312,2015,1,31,1.99,0.36
-122.667,34.975,2015,1,31,1.99,0.23
-123.363,34.645,2015,1,31,2.98,0.27
11.325,57.53,2015,1,31,0.0,1.5
-124.065,34.31,2015,1,31,2.98,0.22
-124.477,34.88,2015,2,1,2.98,0.19
11.0293,58.0788,2015,2,1,0.0,1.3
-123.778,35.212,2015,2,1,2.98,0.21
-123.073,35.543,2015,2,1,1.99,0.55
-122.368,35.88,2015,2,1,1.99,1.25
-122.01,36.048,2015,2,2,1.99,0.49
10.567,55.4517,2015,2,2,1.0,0.84
10.5322,55.6027,2015,2,2,1.0,1.62
18.79,54.581,2015,2,2,0.0,2.52
10.5192,55.4792,2015,2,2,2.9,0.96
10.0903,55.6743,2015,2,2,1.0,1.3
18.833,54.666,2015,2,2,0.0,0.89
9.6687,55.7043,2015,2,2,1.0,2.9
-6.2202,53.7063,2015,2,2,0.0,1.3
-6.3437,53.715,2015,2,2,0.0,1.8
-6.2222,53.7185,2015,2,2,0.0,0.8
-6.2293,53.734,2015,2,2,0.0,1.1
-9.1402,54.1293,2015,2,2,0.0,1.0
-9.138,54.1382,2015,2,2,0.0,1.0
-9.1397,54.1495,2015,2,2,0.0,1.0
-9.1383,54.1607,2015,2,2,0.0,1.0
-9.1375,54.1708,2015,2,2,0.0,1.0
-9.131,54.1933,2015,2,2,0.0,1.0
-9.138,54.1857,2015,2,2,0.0,1.0
-9.1355,54.201,2015,2,2,0.0,2.0
-122.055,36.788,2015,2,2,1.99,0.99
12.107,57.137,2015,2,2,0.0,0.9
-6.2688,53.7318,2015,2,2,0.0,1.2
-6.288,53.7243,2015,2,2,0.0,1.2
-6.3098,53.7203,2015,2,2,0.0,1.2
-6.3292,53.718,2015,2,2,0.0,1.5
-6.251,53.7243,2015,2,2,0.0,1.5
-6.3437,53.715,2015,2,2,0.0,1.7
-9.1355,54.201,2015,2,2,0.0,4.0
18.37,54.883,2015,2,2,0.0,0.97
12.05,57.407,2015,2,2,0.0,1.1
-6.2688,53.7318,2015,2,2,0.3,1.6
-6.288,53.7243,2015,2,2,0.1,1.6
-6.3098,53.7203,2015,2,2,0.2,1.5
-6.3292,53.718,2015,2,2,0.2,1.7
-9.1383,54.1323,2015,2,2,0.0,1.0
-9.1402,54.1293,2015,2,2,0.0,2.0
-9.1397,54.1495,2015,2,2,0.0,1.0
-9.138,54.1382,2015,2,2,0.0,1.0
-9.1383,54.1607,2015,2,2,0.0,2.0
-9.1375,54.1708,2015,2,2,0.0,2.0
-9.131,54.1933,2015,2,2,0.0,2.0
-9.138,54.1857,2015,2,2,0.0,1.0
14.2972,55.65,2015,2,2,0.5,0.51
-6.251,53.7243,2015,2,2,0.2,2.0
18.083,54.875,2015,2,2,0.0,1.81
-122.415,36.622,2015,2,2,1.99,1.29
17.535,54.833,2015,2,2,0.0,1.33
-122.773,36.452,2015,2,2,1.99,1.31
-9.1417,54.121,2015,2,2,0.0,1.0
-123.485,36.122,2015,2,3,1.99,0.24
16.8,54.633,2015,2,3,0.0,1.13
9.5283,55.4927,2015,2,3,1.0,0.9
9.0758,56.6208,2015,2,3,1.0,4.8
-124.197,35.787,2015,2,3,1.99,0.17
9.722,55.429,2015,2,3,1.0,1.85
9.9153,57.6078,2015,2,3,1.0,0.25
14.8237,56.1115,2015,2,3,0.5,0.72
15.983,54.45,2015,2,3,0.0,1.02
10.3187,56.1547,2015,2,3,1.0,1.8
8.3445,55.5122,2015,2,3,1.0,1.1
9.2925,56.5958,2015,2,3,1.0,11.0
-8.4825,54.278,2015,2,3,0.0,1.0
-8.493,54.285,2015,2,3,0.0,1.0
-8.4992,54.2903,2015,2,3,0.0,2.0
-8.516,54.2993,2015,2,3,0.0,1.0
10.3687,56.2427,2015,2,3,1.0,1.6
9.4707,55.0312,2015,2,3,1.0,1.1
-6.3412,54.0087,2015,2,3,0.2,1.1
-6.3493,54.009,2015,2,3,0.2,1.7
-8.5395,54.2998,2015,2,3,0.0,2.0
-8.5768,54.3043,2015,2,3,0.0,2.0
-8.6043,54.3188,2015,2,3,0.0,1.0
-8.617,54.3273,2015,2,3,0.0,1.0
-6.3643,54.0075,2015,2,3,0.2,1.6
-6.388,54.0082,2015,2,3,2.8,1.5
-8.651,54.3138,2015,2,3,0.0,1.0
15.533,54.256,2015,2,3,0.0,1.01
9.8238,54.9483,2015,2,3,1.0,1.6
-6.3493,54.009,2015,2,3,0.0,5.4
-8.5768,54.3043,2015,2,3,0.0,1.0
9.8245,54.8373,2015,2,3,1.0,1.9
-6.4032,54.0122,2015,2,3,0.0,1.7
-8.4825,54.278,2015,2,3,0.0,1.0
-8.4992,54.2903,2015,2,3,0.0,1.0
-8.493,54.285,2015,2,3,2.9,2.0
-8.516,54.2993,2015,2,3,0.0,1.0
-8.5395,54.2998,2015,2,3,0.0,1.0
14.691,54.066,2015,2,3,0.0,1.6
14.25,54.066,2015,2,3,0.0,2.47
-125.345,36.04,2015,2,3,1.99,0.39
-6.3643,54.0075,2015,2,3,0.3,1.6
-124.63,36.377,2015,2,4,1.99,0.4
15.133,54.741,2015,2,4,0.0,0.61
9.0625,56.954,2015,2,4,1.0,1.2
11.687,57.667,2015,2,4,0.5,0.68
-123.917,36.707,2015,2,4,1.99,0.23
10.5242,54.7532,2015,2,4,1.0,2.76
10.0752,55.166,2015,2,4,1.0,2.43
-9.8792,54.083,2015,2,4,0.0,1.0
-9.9018,54.05,2015,2,4,0.0,2.0
-9.8938,54.0727,2015,2,4,0.0,2.0
10.1603,54.9977,2015,2,4,1.0,3.57
9.7632,55.4588,2015,2,4,1.0,9.83
9.9072,55.851,2015,2,4,1.0,1.3
9.6292,57.035,2015,2,4,1.0,0.6
10.4203,55.0293,2015,2,4,1.0,4.53
12.067,55.713,2015,2,4,1.0,3.0
15.8187,56.0815,2015,2,4,0.5,0.48
-9.8155,54.1382,2015,2,4,0.0,2.0
-9.8032,54.1455,2015,2,4,0.0,5.0
15.983,55.25,2015,2,4,0.0,1.07
11.403,58.343,2015,2,4,0.5,0.32
-9.8323,54.067,2015,2,4,0.0,1.0
8.549,55.337,2015,2,4,1.0,2.2
11.24,58.353,2015,2,4,0.5,0.4
-123.195,37.047,2015,2,4,2.98,0.72
11.103,58.868,2015,2,4,0.5,0.2
-122.83,37.208,2015,2,4,1.99,0.38
-122.617,37.307,2015,2,4,1.99,0.62
16.45,54.925,2015,2,4,0.0,0.52
-9.8703,54.0687,2015,2,4,0.0,2.0
-123.098,37.843,2015,2,5,2.98,1.48
17.066,55.216,2015,2,5,0.0,0.75
-123.603,37.613,2015,2,5,1.99,0.77
11.627,58.393,2015,2,5,0.5,0.2
10.7717,55.2977,2015,2,5,0.5,1.4
11.58,58.23,2015,2,5,0.5,0.27
10.2107,56.4738,2015,2,5,1.0,1.6
18.0,55.291,2015,2,5,0.0,0.77
-6.137,53.333,2015,2,5,0.3,1.5
-6.1108,53.3517,2015,2,5,0.4,1.4
-6.1367,53.35,2015,2,5,0.3,1.2
-6.1152,53.3033,2015,2,5,0.5,1.4
-6.1387,53.3185,2015,2,5,0.4,1.5
11.81,58.1092,2015,2,5,0.5,0.31
-6.0802,53.3247,2015,2,5,0.3,1.3
-6.1162,53.3317,2015,2,5,0.5,1.6
-6.0767,53.3565,2015,2,5,0.5,1.6
-6.1367,53.35,2015,2,5,0.5,1.2
11.907,57.692,2015,2,5,0.5,1.1
-6.137,53.333,2015,2,5,0.3,1.5
-6.1108,53.3517,2015,2,5,0.5,1.4
18.4,55.555,2015,2,5,0.0,0.4
19.066,55.35,2015,2,5,0.0,0.45
-6.1387,53.3185,2015,2,5,0.5,1.5
-9.8795,54.2742,2015,2,5,0.0,1.0
-9.9287,54.2767,2015,2,5,0.0,1.0
-9.868,54.2883,2015,2,5,0.0,1.0
-9.8963,54.297,2015,2,5,0.0,1.0
-9.884,54.3137,2015,2,5,0.0,1.0
-9.9322,54.3033,2015,2,5,0.0,1.0
-9.9735,54.3113,2015,2,5,0.0,1.0
19.333,54.833,2015,2,6,0.0,0.57
19.293,54.651,2015,2,6,0.0,0.94
19.113,54.5,2015,2,6,0.0,0.86
19.441,54.408,2015,2,6,0.0,1.01
10.8022,55.066,2015,2,9,1.0,15.0
10.2568,55.0755,2015,2,9,1.0,5.46
10.3743,55.0628,2015,2,9,0.2,5.04
10.9975,55.3753,2015,2,9,1.0,3.9
-8.9445,53.1663,2015,2,9,0.0,1.0
-8.9863,53.1623,2015,2,9,0.0,1.0
11.1702,55.4612,2015,2,9,1.0,4.44
21.9532,60.2557,2015,2,9,0.0,0.68
-6.9607,52.2392,2015,2,9,0.4,3.7
-6.9917,52.2583,2015,2,9,0.4,3.2
-6.9883,52.2745,2015,2,9,0.5,2.5
-8.939,53.1447,2015,2,9,0.0,1.0
-8.9402,53.1483,2015,2,9,0.0,1.0
-8.948,53.1583,2015,2,9,0.0,1.0
10.745,57.3,2015,2,9,1.0,3.7
-6.936,52.1997,2015,2,9,4.3,5.0
-6.9468,52.221,2015,2,9,0.5,3.5
-8.9445,53.1663,2015,2,9,0.0,1.0
-8.9647,53.1613,2015,2,9,0.0,1.0
-8.9565,53.1665,2015,2,9,0.0,1.0
-8.9657,53.1718,2015,2,9,0.0,2.0
-8.9612,53.1765,2015,2,9,0.0,1.0
-6.9708,52.1623,2015,2,9,0.4,2.1
-6.9277,52.1792,2015,2,9,0.3,3.9
10.7083,57.433,2015,2,9,1.0,3.72
-6.9187,52.1523,2015,2,9,0.6,2.1
-6.9488,52.1522,2015,2,9,0.5,2.3
-8.939,53.1447,2015,2,9,0.0,1.0
-8.948,53.1583,2015,2,9,0.0,1.0
-8.9565,53.1665,2015,2,9,0.0,1.0
-8.9657,53.1718,2015,2,9,0.0,1.0
-6.937,52.1272,2015,2,9,0.35,1.6
-6.9597,52.1352,2015,2,9,0.47,1.9
-6.9853,52.1438,2015,2,9,0.32,1.9
11.325,57.533,2015,2,10,1.0,3.0
12.4233,55.4933,2015,2,10,1.0,3.54
17.617,58.8,2015,2,10,0.0,0.4
10.7028,54.8858,2015,2,10,1.0,4.44
12.75,55.867,2015,2,10,1.0,0.4
-5.8067,54.668,2015,2,10,1.0,0.55
-9.6717,53.618,2015,2,10,0.0,1.0
10.5322,55.6027,2015,2,10,1.0,4.98
9.561,56.9417,2015,2,10,0.6,9.2
10.0903,55.6743,2015,2,10,1.0,4.26
14.282,53.9227,2015,2,10,0.0,8.7
-7.317,52.3273,2015,2,10,0.0,15.0
-7.4197,52.3468,2015,2,10,0.0,1.9
-9.7048,53.5977,2015,2,10,0.0,1.0
-9.6703,53.6157,2015,2,10,0.0,1.0
-9.685,53.6078,2015,2,10,0.0,1.0
-9.72,53.6,2015,2,10,0.0,1.0
8.2107,56.3433,2015,2,10,1.0,7.5
9.6687,55.7043,2015,2,10,1.0,16.2
-7.2233,52.2415,2015,2,10,0.0,8.0
-7.2422,52.2622,2015,2,10,0.0,13.9
-7.2857,52.2898,2015,2,10,0.0,14.3
-9.754,53.6,2015,2,10,0.0,1.0
-9.782,53.6,2015,2,10,0.0,1.0
-9.8243,53.616,2015,2,10,0.0,1.0
-9.8598,53.6202,2015,2,10,0.0,1.0
-7.119,52.2642,2015,2,10,0.0,7.0
-7.1642,52.277,2015,2,10,0.0,4.8
-7.0878,52.2517,2015,2,10,0.0,2.8
-7.0302,52.2665,2015,2,10,0.0,6.5
-7.0522,52.2563,2015,2,10,0.0,6.0
-6.9883,52.2745,2015,2,10,0.0,3.1
-9.7048,53.5977,2015,2,10,0.0,2.0
-9.6703,53.6157,2015,2,10,0.0,1.0
-9.6703,53.6157,2015,2,10,3.3,1.0
-9.685,53.6078,2015,2,10,0.0,1.0
-7.119,52.2642,2015,2,10,0.0,5.2
-7.1642,52.277,2015,2,10,0.0,8.9
-9.72,53.6,2015,2,10,0.0,1.0
-9.754,53.6,2015,2,10,0.0,1.0
11.7952,55.8662,2015,2,11,1.0,4.7
10.3085,56.9895,2015,2,11,0.0,2.6
9.533,55.2497,2015,2,11,1.0,5.6
9.5283,55.4927,2015,2,11,1.0,5.2
11.1563,56.1305,2015,2,11,1.0,3.1
-9.5713,53.902,2015,2,11,0.0,1.0
9.722,55.429,2015,2,11,1.0,4.62
10.5163,56.867,2015,2,11,1.0,7.7
8.2243,56.0778,2015,2,11,1.0,5.9
9.5868,55.3665,2015,2,11,1.0,6.7
11.678,55.1968,2015,2,11,1.0,2.5
-9.558,53.886,2015,2,11,0.0,1.0
-9.5855,53.8875,2015,2,11,0.0,2.0
-7.0058,52.2818,2015,2,11,0.0,2.7
-7.017,52.2947,2015,2,11,0.0,4.8
-9.5807,53.7975,2015,2,11,0.0,2.0
-9.6033,53.8805,2015,2,11,0.0,1.0
-9.5797,53.884,2015,2,11,0.0,1.0
8.1083,55.967,2015,2,11,1.0,1.5
9.4707,55.0312,2015,2,11,1.0,8.4
-7.0063,52.3062,2015,2,11,0.0,3.1
-6.9915,52.3323,2015,2,11,0.0,2.3
-6.9923,52.3547,2015,2,11,0.0,2.7
-9.6017,53.7955,2015,2,11,0.0,1.0
-9.721,53.7998,2015,2,11,0.0,1.0
-9.7763,53.796,2015,2,11,0.0,1.0
-9.6153,53.8023,2015,2,11,0.0,1.0
-9.6477,53.8088,2015,2,11,0.0,2.0
-9.6633,53.8237,2015,2,11,0.0,1.0
9.8238,54.9483,2015,2,11,1.0,4.0
-6.972,52.367,2015,2,11,0.0,6.4
-6.9518,52.3967,2015,2,11,0.0,3.6
-9.9205,53.7792,2015,2,11,0.0,1.0
-9.9418,53.8183,2015,2,11,0.0,1.0
-6.9457,52.4133,2015,2,11,0.0,2.5
-9.7193,53.8493,2015,2,11,0.0,1.0
-9.7885,53.838,2015,2,11,0.0,1.0
-9.6415,53.8628,2015,2,11,0.0,1.0
-9.667,53.8642,2015,2,11,0.0,1.0
9.8245,54.8373,2015,2,11,1.0,3.7
-6.9367,52.4208,2015,2,11,0.0,1.9
-9.6033,53.8805,2015,2,11,0.0,1.0
-9.558,53.886,2015,2,11,0.0,4.0
-9.5797,53.884,2015,2,11,0.0,1.0
-7.0058,52.2818,2015,2,11,0.0,2.1
-7.0083,52.4268,2015,2,11,0.0,1.5
-7.0063,52.3062,2015,2,11,0.0,4.4
-6.9923,52.3547,2015,2,11,0.0,4.2
10.1603,54.9977,2015,2,12,1.0,8.57
11.3253,55.111,2015,2,12,1.0,1.7
11.5867,55.118,2015,2,12,1.0,11.6
-6.684,55.1487,2015,2,12,1.0,10.23
16.501,56.7723,2015,2,12,0.5,0.7
-9.0377,53.2607,2015,2,12,0.0,1.0
-9.0387,53.254,2015,2,12,0.0,1.0
-9.0453,53.268,2015,2,12,0.0,1.0
10.5242,54.7532,2015,2,12,1.0,9.41
12.2332,55.0132,2015,2,12,1.0,0.3
15.065,54.113,2015,2,12,0.0,4.0
-6.3717,52.3382,2015,2,12,0.0,2.1
-6.3892,52.3458,2015,2,12,0.0,1.8
-6.4097,52.343,2015,2,12,0.0,1.5
-6.419,52.334,2015,2,12,0.0,2.0
-8.9695,53.258,2015,2,12,0.0,1.0
-9.0137,53.2522,2015,2,12,0.0,2.0
-9.0495,53.251,2015,2,12,0.0,1.0
12.0538,55.161,2015,2,12,1.0,0.3
15.291,54.167,2015,2,12,0.0,3.4
15.557,54.204,2015,2,12,0.0,3.6
14.2353,53.9435,2015,2,12,0.0,3.8
-6.437,52.3258,2015,2,12,0.0,2.3
-6.437,52.3258,2015,2,12,0.0,1.7
-6.4487,52.3353,2015,2,12,0.0,2.0
-6.4602,52.3418,2015,2,12,0.0,2.7
-9.034,53.2375,2015,2,12,0.0,1.0
-9.0602,53.2363,2015,2,12,0.0,1.0
-9.0812,53.2497,2015,2,12,0.0,1.0
10.4203,55.0293,2015,2,12,1.0,18.5
-6.4702,52.3462,2015,2,12,0.0,3.4
-6.4712,52.3615,2015,2,12,0.0,1.0
-9.1542,53.2327,2015,2,12,0.0,2.0
-9.1063,53.2355,2015,2,12,0.0,1.0
-6.5688,52.384,2015,2,12,0.0,4.6
-9.1817,53.1873,2015,2,12,0.0,2.0
-9.215,53.2393,2015,2,12,0.0,2.0
-6.5653,52.4232,2015,2,12,0.0,1.7
-6.5618,52.4543,2015,2,12,0.0,1.4
-9.1227,53.202,2015,2,12,0.0,2.0
-6.5693,52.4927,2015,2,12,0.0,1.9
-9.0495,53.251,2015,2,12,0.0,1.0
-9.0387,53.254,2015,2,12,0.0,2.0
-9.0453,53.268,2015,2,12,0.0,1.0
-6.5122,52.3517,2015,2,12,0.0,1.9
-9.0377,53.2607,2015,2,12,0.0,1.0
8.549,55.337,2015,2,13,1.0,3.36
-64.668,10.5,2015,2,15,1.0,0.33
20.32,58.88,2015,2,15,0.0,0.0
18.23,58.58,2015,2,15,0.0,0.4
17.98,58.02,2015,2,15,0.0,0.5
17.67,57.12,2015,2,16,0.0,0.4
8.1083,55.967,2015,2,16,1.0,1.7
11.7705,55.0685,2015,2,16,1.0,26.0
12.2955,54.976,2015,2,16,1.0,1.6
16.202,56.3708,2015,2,16,0.0,1.0
14.87,55.62,2015,2,16,0.0,0.6
10.8022,55.066,2015,2,17,1.0,20.4
10.3687,56.2427,2015,2,17,1.0,2.4
11.51,54.8753,2015,2,17,1.0,3.6
10.3187,56.1547,2015,2,17,3.4,2.4
13.3,55.0,2015,2,17,1.0,2.03
-5.5972,54.467,2015,2,17,1.0,1.2
11.8273,54.7093,2015,2,17,1.0,4.9
11.1702,55.4612,2015,2,17,1.0,1.6
16.125,54.295,2015,2,17,0.0,1.0
10.8622,55.5077,2015,2,17,1.0,8.03
8.5763,55.0938,2015,2,17,1.0,2.64
16.361,54.451,2015,2,17,0.0,1.0
12.2783,54.485,2015,2,17,1.0,2.65
12.117,56.667,2015,2,17,0.0,11.4
11.55,54.317,2015,2,17,1.0,2.07
12.2117,56.94,2015,2,17,0.0,4.6
11.333,54.57,2015,2,17,1.0,1.32
11.67,57.192,2015,2,17,0.0,9.6
11.3,57.87,2015,2,18,0.0,9.4
10.513,58.275,2015,2,18,0.0,1.4
10.767,54.7,2015,2,18,1.0,2.12
10.85,58.295,2015,2,18,0.0,3.2
10.0752,55.166,2015,2,18,1.0,7.37
10.5322,55.6027,2015,2,18,1.0,6.71
9.0758,56.6208,2015,2,18,1.0,4.4
10.0903,55.6743,2015,2,18,1.0,3.0
11.2822,55.2483,2015,2,18,1.0,3.84
11.03,58.337,2015,2,18,0.0,12.1
9.7632,55.4588,2015,2,18,1.0,20.2
11.3253,55.111,2015,2,18,1.0,1.7
9.2925,56.5958,2015,2,18,1.0,12.0
11.4643,55.2053,2015,2,18,1.0,1.7
9.6687,55.7043,2015,2,18,1.0,0.6
11.433,58.258,2015,2,18,0.0,8.5
8.549,55.337,2015,2,18,1.0,2.4
8.4148,56.601,2015,2,18,1.0,4.5
12.117,56.667,2015,2,18,0.0,7.8
12.1538,55.1827,2015,2,19,1.0,0.3
12.4233,55.4933,2015,2,19,1.0,0.3
9.0625,56.954,2015,2,19,1.0,1.2
10.7717,55.2977,2015,2,19,0.5,3.6
9.5283,55.4927,2015,2,19,1.0,0.38
12.75,55.867,2015,2,19,1.0,0.3
9.722,55.429,2015,2,19,1.0,16.2
-6.2248,53.3455,2015,2,19,0.38,1.8
-6.2517,53.3478,2015,2,19,0.38,1.9
-6.273,53.3452,2015,2,19,0.43,2.5
-6.2917,53.3473,2015,2,19,0.46,2.7
9.6292,57.035,2015,2,19,1.0,0.3
14.728,54.04,2015,2,19,0.0,3.2
-6.149,53.343,2015,2,19,0.43,1.4
-6.1742,53.343,2015,2,19,0.44,1.0
-6.1952,53.3438,2015,2,19,0.53,1.6
13.3,55.0,2015,2,19,0.0,2.9
9.4707,55.0312,2015,2,19,1.0,2.9
14.498,53.981,2015,2,19,0.0,2.3
-6.1797,53.3593,2015,2,19,0.46,1.6
-6.191,53.3535,2015,2,19,0.55,1.6
-6.2105,53.3573,2015,2,19,0.29,1.7
-6.2292,53.3588,2015,2,19,0.46,2.5
9.8238,54.9483,2015,2,19,1.0,5.1
14.7277,54.0225,2015,2,19,0.0,4.1
-6.2378,53.3605,2015,2,19,0.0,3.6
-6.2552,53.368,2015,2,19,0.0,4.0
14.08,55.0,2015,2,19,0.0,1.6
-6.2248,53.3455,2015,2,19,0.46,2.0
-6.2517,53.3478,2015,2,19,0.5,2.1
-6.1742,53.343,2015,2,19,0.42,1.1
-6.1952,53.3438,2015,2,19,0.54,1.8
15.33,55.38,2015,2,19,0.0,0.7
15.98,55.25,2015,2,19,0.0,0.5
18.4,55.555,2015,2,20,0.0,0.4
19.58,56.63,2015,2,21,0.0,0.4
20.05,57.33,2015,2,21,0.0,0.7
19.88,58.0,2015,2,21,0.0,0.4
10.2568,55.0755,2015,2,25,1.0,7.17
9.561,56.9417,2015,2,25,0.6,11.0
8.2107,56.3433,2015,2,25,1.0,2.3
10.3743,55.0628,2015,2,25,0.5,12.9
9.9072,55.851,2015,2,25,1.0,2.3
9.9737,56.6627,2015,2,25,3.0,0.9
12.067,55.713,2015,2,25,1.0,2.0
10.5163,56.867,2015,2,26,1.0,3.4
10.5242,54.7532,2015,2,26,1.0,10.1
11.51,54.8753,2015,2,26,1.0,3.3
10.2107,56.4738,2015,2,26,1.0,2.8
10.1603,54.9977,2015,2,26,1.0,6.79
11.8723,54.6272,2015,2,26,1.0,1.7
10.4203,55.0293,2015,2,26,1.0,7.82
10.3085,56.9895,2015,2,26,0.0,2.3
11.8273,54.7093,2015,2,26,1.0,8.2
11.8572,55.9978,2015,2,26,1.0,7.7
10.567,55.4517,2015,3,2,1.0,14.0
9.0758,56.6208,2015,3,2,2.8,10.0
10.5192,55.4792,2015,3,2,1.0,1.91
8.3445,55.5122,2015,3,2,1.0,45.0
9.2925,56.5958,2015,3,2,4.8,20.0
11.1702,55.4612,2015,3,2,1.0,16.0
10.8622,55.5077,2015,3,2,1.0,8.71
12.05,57.407,2015,3,2,0.0,2.4
8.549,55.337,2015,3,2,1.0,2.6
12.107,57.137,2015,3,2,0.0,3.6
9.0625,56.954,2015,3,3,1.0,4.5
10.5322,55.6027,2015,3,3,1.0,4.62
12.2955,54.976,2015,3,3,1.0,2.4
10.3187,56.1547,2015,3,3,1.0,1.1
10.0903,55.6743,2015,3,3,1.0,0.3
9.6292,57.035,2015,3,3,1.0,5.5
11.7705,55.0685,2015,3,3,1.0,0.6
9.5283,55.4927,2015,3,4,1.0,3.5
11.687,57.667,2015,3,4,0.5,1.6
10.0752,55.166,2015,3,4,1.0,11.4
11.2822,55.2483,2015,3,4,1.0,7.7
9.7632,55.4588,2015,3,4,1.0,7.65
11.4643,55.2053,2015,3,4,1.0,4.0
11.678,55.1968,2015,3,4,1.0,4.8
11.403,58.343,2015,3,4,0.5,1.8
11.24,58.353,2015,3,4,0.5,1.8
11.103,58.868,2015,3,4,0.5,0.9
9.722,55.429,2015,3,5,1.0,3.54
11.8723,54.6272,2015,3,5,1.0,2.6
9.5868,55.3665,2015,3,5,1.0,3.8
11.627,58.393,2015,3,5,0.5,0.7
8.2243,56.0778,2015,3,5,1.2,3.6
11.58,58.23,2015,3,5,0.5,2.8
11.51,54.8753,2015,3,5,1.0,5.2
11.81,58.1092,2015,3,5,0.5,5.1
11.907,57.692,2015,3,5,0.5,1.7
11.8572,55.9978,2015,3,9,1.0,8.4
9.8245,54.8373,2015,3,9,1.0,4.5
10.7717,55.2977,2015,3,9,0.5,9.3
18.233,58.583,2015,3,9,0.0,0.3
9.561,56.9417,2015,3,9,0.6,32.0
9.8238,54.9483,2015,3,9,1.0,8.8
11.2822,55.2483,2015,3,9,1.0,0.9
11.1563,56.1305,2015,3,9,1.0,6.5
21.9532,60.2557,2015,3,9,0.0,0.85
8.351,55.3375,2015,3,9,1.0,2.2
11.4643,55.2053,2015,3,9,1.0,10.0
18.419,54.797,2015,3,9,0.0,7.66
8.5763,55.0938,2015,3,9,1.0,4.7
2.858,51.225,2015,3,9,3.0,20.0
14.8237,56.1115,2015,3,9,0.5,0.4
2.67,51.168,2015,3,9,3.0,11.4
-64.667,10.502,2015,3,10,1.0,0.68
2.808,51.42,2015,3,10,3.0,17.0
10.2568,55.0755,2015,3,10,1.0,7.96
10.5242,54.7532,2015,3,10,1.0,11.8
10.3743,55.0628,2015,3,10,0.5,11.7
11.5867,55.118,2015,3,10,1.0,10.0
10.1603,54.9977,2015,3,10,1.0,3.35
9.9737,56.6627,2015,3,10,2.4,18.0
15.8187,56.0815,2015,3,10,0.5,5.0
14.31,53.785,2015,3,10,0.0,24.9
10.4203,55.0293,2015,3,10,1.0,9.01
12.067,55.713,2015,3,10,1.0,5.3
12.2332,55.0132,2015,3,10,1.0,4.8
14.406,53.762,2015,3,10,0.0,22.6
15.065,54.113,2015,3,10,0.0,9.8
12.0538,55.161,2015,3,10,1.0,9.7
12.1538,55.1827,2015,3,10,1.0,5.0
14.533,53.778,2015,3,10,0.0,30.9
15.291,54.167,2015,3,10,0.0,10.8
3.1875,51.375,2015,3,10,3.0,5.3
14.525,53.673,2015,3,10,0.0,49.7
15.557,54.204,2015,3,10,0.0,10.2
3.008,51.58,2015,3,11,3.0,13.0
17.617,58.8,2015,3,11,0.0,0.5
2.7,51.75,2015,3,11,3.0,3.7
10.7028,54.8858,2015,3,11,1.0,5.2
9.0758,56.6208,2015,3,11,1.0,9.4
12.75,55.867,2015,3,11,1.0,7.0
9.9072,55.851,2015,3,11,3.6,5.4
9.2925,56.5958,2015,3,11,1.0,23.0
16.125,54.295,2015,3,11,0.0,2.4
2.42,51.68,2015,3,11,3.0,6.1
16.361,54.451,2015,3,11,0.0,2.9
8.4148,56.601,2015,3,11,1.0,12.0
2.35,51.458,2015,3,11,3.0,5.3
9.0625,56.954,2015,3,12,1.0,7.5
10.5163,56.867,2015,3,12,1.0,4.3
10.7917,56.8567,2015,3,12,1.0,3.8
-7.217,55.067,2015,3,12,1.0,1.64
2.468,51.263,2015,3,12,3.0,8.7
9.6292,57.035,2015,3,12,1.0,7.1
14.623,53.848,2015,3,12,0.0,7.8
10.3085,56.9895,2015,3,12,0.0,6.0
9.533,55.2497,2015,3,12,1.0,3.6
14.282,53.859,2015,3,12,0.0,10.1
9.5868,55.3665,2015,3,12,1.0,2.0
14.398,53.883,2015,3,12,0.0,16.1
3.2525,51.418,2015,3,12,3.0,13.0
21.3418,59.8052,2015,3,16,0.0,0.5
8.2243,56.0778,2015,3,16,1.0,3.5
9.0758,56.6208,2015,3,16,2.6,4.7
10.5192,55.4792,2015,3,16,1.0,5.23
9.2925,56.5958,2015,3,16,1.0,17.0
8.3445,55.5122,2015,3,16,1.0,3.3
8.1083,55.967,2015,3,16,1.0,1.9
8.4148,56.601,2015,3,16,1.0,0.9
19.88,58.0,2015,3,17,0.0,0.3
10.8022,55.066,2015,3,17,1.0,6.19
10.0752,55.166,2015,3,17,1.0,6.3
9.0625,56.954,2015,3,17,1.0,2.2
23.2628,59.7768,2015,3,17,0.0,1.0
20.05,57.33,2015,3,17,0.0,0.6
9.7632,55.4588,2015,3,17,1.0,4.33
9.6292,57.035,2015,3,17,1.0,19.0
11.1702,55.4612,2015,3,17,1.0,4.4
10.8622,55.5077,2015,3,17,1.0,3.53
14.282,53.9227,2015,3,17,0.0,30.1
8.5763,55.0938,2015,3,17,1.0,4.17
14.2353,53.9435,2015,3,17,0.0,23.2
19.58,56.63,2015,3,17,0.0,0.7
18.4,55.555,2015,3,17,0.0,1.2
10.7717,55.2977,2015,3,18,0.5,8.6
10.0903,55.6743,2015,3,18,1.0,2.9
15.98,55.25,2015,3,18,0.0,1.4
8.351,55.3375,2015,3,18,1.0,15.0
10.745,57.3,2015,3,18,1.0,2.7
9.6687,55.7043,2015,3,18,1.0,7.7
14.728,54.04,2015,3,18,0.0,8.1
14.498,53.981,2015,3,18,0.0,13.2
14.7277,54.0225,2015,3,18,0.0,22.8
15.33,55.38,2015,3,18,0.0,2.6
14.08,55.0,2015,3,18,0.0,7.9
13.3,55.0,2015,3,18,0.0,11.0
12.75,55.867,2015,3,19,0.0,1.1
9.5283,55.4927,2015,3,19,1.0,13.0
10.3913,56.0442,2015,3,19,1.0,6.2
9.722,55.429,2015,3,19,1.0,3.43
10.3187,56.1547,2015,3,19,1.0,8.0
19.585,54.373,2015,3,19,0.0,45.8
12.117,56.667,2015,3,19,0.0,1.8
10.3687,56.2427,2015,3,19,1.0,4.8
9.4707,55.0312,2015,3,19,1.0,2.1
18.484,54.719,2015,3,19,0.0,1.18
12.2117,56.94,2015,3,19,0.0,2.0
9.8238,54.9483,2015,3,19,1.0,2.2
18.483,54.647,2015,3,19,0.0,1.04
18.403,54.728,2015,3,19,0.0,3.29
11.67,57.192,2015,3,19,0.0,2.3
11.3,57.87,2015,3,19,0.0,0.7
10.513,58.275,2015,3,20,0.0,2.1
18.521,54.656,2015,3,20,0.0,2.58
10.85,58.295,2015,3,20,0.0,2.6
11.03,58.337,2015,3,20,0.0,1.9
16.501,56.7723,2015,3,20,0.5,2.0
11.433,58.258,2015,3,20,0.0,3.3
12.117,56.667,2015,3,20,0.0,1.7
16.202,56.3708,2015,3,22,0.0,2.5
17.67,57.12,2015,3,22,0.0,0.7
17.98,58.02,2015,3,22,0.0,0.9
12.4233,55.4933,2015,3,23,1.0,2.8
18.79,54.581,2015,3,23,0.0,4.02
10.2568,55.0755,2015,3,23,1.0,5.12
-9.6332,52.4693,2015,3,23,0.39,2.0
18.833,54.666,2015,3,23,0.0,1.87
18.233,58.583,2015,3,23,0.0,0.9
12.75,55.867,2015,3,23,1.0,0.7
10.3743,55.0628,2015,3,23,0.5,8.01
-9.6377,52.4748,2015,3,23,0.2,1.9
-9.6817,52.483,2015,3,23,0.52,2.5
-9.6257,52.4467,2015,3,23,0.36,2.2
-9.627,52.4565,2015,3,23,0.34,2.1
-9.6372,52.4322,2015,3,23,0.34,3.6
-9.579,52.4438,2015,3,23,0.35,3.1
-9.597,52.4357,2015,3,23,0.35,2.5
18.37,54.883,2015,3,23,0.0,1.4
-9.5612,52.4232,2015,3,23,1.03,2.9
-9.567,52.4217,2015,3,23,0.39,2.7
-9.6332,52.4693,2015,3,23,0.24,2.5
-9.6377,52.4748,2015,3,23,0.29,2.6
18.083,54.875,2015,3,23,0.0,3.42
-9.597,52.4357,2015,3,23,0.38,2.1
-9.6257,52.4467,2015,3,23,0.34,5.4
-9.627,52.4565,2015,3,23,0.36,3.1
17.535,54.833,2015,3,23,0.0,3.55
16.8,54.633,2015,3,23,0.0,2.9
15.983,54.45,2015,3,24,0.0,1.8
10.3085,56.9895,2015,3,24,0.0,2.0
11.7952,55.8662,2015,3,24,0.0,1.3
-9.7855,52.1258,2015,3,24,0.14,7.2
-9.7858,52.15,2015,3,24,0.13,8.9
15.533,54.256,2015,3,24,0.0,3.36
11.8572,55.9978,2015,3,24,1.0,4.0
10.5242,54.7532,2015,3,24,1.0,2.75
10.7028,54.8858,2015,3,24,1.0,2.9
9.561,56.9417,2015,3,24,0.6,59.0
11.1563,56.1305,2015,3,24,1.0,2.1
-9.8992,52.1402,2015,3,24,0.41,4.5
10.1603,54.9977,2015,3,24,1.0,5.32
10.7917,56.8567,2015,3,24,1.0,3.1
9.5868,55.3665,2015,3,24,1.0,35.0
10.4203,55.0293,2015,3,24,1.0,5.01
-9.9357,52.097,2015,3,24,0.37,12.8
-9.917,52.1227,2015,3,24,0.34,12.3
-9.7855,52.1258,2015,3,24,0.12,9.2
14.691,54.066,2015,3,24,0.0,12.05
-9.7858,52.15,2015,3,24,0.14,13.5
-9.817,52.1537,2015,3,24,0.3,10.1
14.25,54.066,2015,3,24,0.0,10.54
11.3253,55.111,2015,3,24,1.0,1.1
-9.8565,52.1545,2015,3,24,0.32,7.0
11.5867,55.118,2015,3,24,1.0,0.4
15.133,54.741,2015,3,25,0.0,3.64
17.617,58.8,2015,3,25,0.0,5.2
12.2332,55.0132,2015,3,25,1.0,3.2
-9.2982,51.5495,2015,3,25,0.27,5.1
-9.2857,51.552,2015,3,25,0.21,2.9
-9.4075,51.4975,2015,3,25,0.29,1.3
-7.5245,55.0938,2015,3,25,0.0,4.0
22.9802,63.9188,2015,3,25,0.0,4.7
9.9072,55.851,2015,3,25,1.0,6.7
-6.684,55.1487,2015,3,25,1.0,70.4
-9.3748,51.484,2015,3,25,0.45,1.5
-9.4183,51.4892,2015,3,25,0.2,1.5
-7.5447,55.0405,2015,3,25,0.0,27.0
-7.6325,55.0463,2015,3,25,0.0,3.0
-7.617,55.0543,2015,3,25,2.9,4.0
-9.3775,51.5108,2015,3,25,0.22,2.0
-9.368,51.5275,2015,3,25,0.25,3.1
-9.3192,51.535,2015,3,25,0.29,4.4
-7.6603,54.9642,2015,3,25,0.0,2.0
-7.6818,54.9608,2015,3,25,0.0,3.0
-7.6832,54.9568,2015,3,25,0.0,4.0
-7.6832,54.9568,2015,3,25,0.0,4.0
-7.699,54.9533,2015,3,25,0.0,6.0
8.1083,55.967,2015,3,25,1.0,3.3
-7.6393,54.9827,2015,3,25,0.0,6.0
-7.5783,55.0117,2015,3,25,0.0,5.0
-7.6117,55.0,2015,3,25,0.0,5.0
-7.5443,55.0253,2015,3,25,0.0,5.0
-9.3192,51.535,2015,3,25,0.23,4.4
-7.4857,55.0483,2015,3,25,0.0,5.0
-7.5078,55.0433,2015,3,25,0.0,4.0
-7.5447,55.0405,2015,3,25,0.0,5.0
-7.5578,55.0592,2015,3,25,0.0,3.0
15.983,55.25,2015,3,25,0.0,2.95
-9.4075,51.4975,2015,3,25,0.17,1.2
-9.3775,51.5108,2015,3,25,0.25,2.9
-9.368,51.5275,2015,3,25,0.22,5.1
-9.3748,51.484,2015,3,25,0.28,1.7
16.45,54.925,2015,3,25,0.0,1.21
-7.5522,55.0767,2015,3,25,0.0,6.0
-9.3748,51.484,2015,3,26,0.16,2.0
10.2107,56.4738,2015,3,26,1.0,5.6
9.9737,56.6627,2015,3,26,1.6,18.0
-9.4183,51.4892,2015,3,26,0.12,1.7
-9.428,51.5265,2015,3,26,0.14,2.3
-9.5462,51.467,2015,3,26,0.26,1.6
-9.5278,51.5037,2015,3,26,0.29,1.5
-9.4447,51.4775,2015,3,26,0.26,1.9
-9.3887,51.4548,2015,3,26,0.22,1.8
17.066,55.216,2015,3,26,0.0,1.58
18.683,54.567,2015,3,26,0.0,3.78
-9.3748,51.484,2015,3,26,0.26,1.8
-9.4183,51.4892,2015,3,26,0.26,1.4
-9.428,51.5265,2015,3,26,0.33,2.1
18.577,54.483,2015,3,26,0.0,4.55
18.572,54.517,2015,3,26,0.0,2.44
18.0,55.291,2015,3,26,0.0,1.21
-9.4992,51.4568,2015,3,26,0.24,1.5
18.4,55.555,2015,3,27,0.0,0.95
19.066,55.35,2015,3,27,0.0,2.51
9.9153,57.6078,2015,3,27,1.0,3.87
19.333,54.833,2015,3,27,0.0,2.34
19.293,54.651,2015,3,27,0.0,3.66
19.441,54.408,2015,3,27,0.0,3.61
19.113,54.5,2015,3,27,0.0,3.4
17.5552,54.7795,2015,3,28,0.0,6.96
17.8305,54.817,2015,3,28,0.0,5.29
18.344,54.843,2015,3,29,0.0,10.22
18.437,54.794,2015,3,29,0.0,8.03
18.646,54.72,2015,3,29,0.0,10.49
21.0942,60.5952,2015,3,30,0.0,4.3
21.5887,60.3625,2015,3,30,0.0,14.0
18.233,58.583,2015,3,30,0.0,2.8
16.7038,54.5737,2015,3,30,0.0,20.0
19.4958,54.4158,2015,3,30,0.0,13.29
16.8683,54.594,2015,3,30,0.0,25.0
17.05,54.675,2015,3,30,0.0,25.0
20.317,58.883,2015,3,30,0.0,1.0
17.617,58.8,2015,3,31,0.0,3.6
18.6692,54.6688,2015,3,31,0.0,3.0
18.558,54.619,2015,3,31,0.0,4.0
23.2628,59.7768,2015,4,1,0.0,7.7
-117.303,32.952,2015,4,4,1.99,0.29
-117.283,32.952,2015,4,4,1.99,0.71
-117.465,33.245,2015,4,4,1.99,0.43
-117.397,32.913,2015,4,5,1.99,0.36
-117.537,32.842,2015,4,5,0.99,0.18
-117.873,32.68,2015,4,5,1.99,0.14
-118.215,32.513,2015,4,5,1.99,0.22
-118.562,32.345,2015,4,5,1.99,0.2
-118.887,32.177,2015,4,5,0.99,0.18
-119.227,32.01,2015,4,6,1.99,0.18
-119.567,31.845,2015,4,6,1.99,0.1
-120.24,31.512,2015,4,6,0.99,0.12
-120.92,31.18,2015,4,6,0.99,0.08
-121.588,30.847,2015,4,7,1.99,0.07
8.2243,56.0778,2015,4,7,1.0,5.1
18.233,58.583,2015,4,7,0.0,3.6
12.4233,55.4933,2015,4,7,1.0,0.4
-122.253,30.512,2015,4,7,1.99,0.09
23.2628,59.7768,2015,4,7,0.0,2.4
10.3687,56.2427,2015,4,7,1.0,3.3
10.0752,55.166,2015,4,7,1.0,6.62
8.351,55.3375,2015,4,7,1.0,1.3
9.9072,55.851,2015,4,7,3.0,6.0
9.0758,56.6208,2015,4,7,2.6,1.3
11.1702,55.4612,2015,4,7,1.0,6.5
10.3187,56.1547,2015,4,7,1.0,4.7
12.75,55.867,2015,4,7,1.0,0.3
10.8622,55.5077,2015,4,7,1.0,6.21
9.2925,56.5958,2015,4,7,1.0,7.1
10.3913,56.0442,2015,4,7,1.0,4.0
9.7632,55.4588,2015,4,7,1.0,10.1
-122.92,30.18,2015,4,7,1.99,0.07
8.4148,56.601,2015,4,7,1.0,1.6
-123.585,29.843,2015,4,7,1.99,0.06
-124.0,30.417,2015,4,8,1.99,0.08
11.907,57.692,2015,4,8,0.5,3.2
17.617,58.8,2015,4,8,0.0,5.4
10.567,55.4517,2015,4,8,1.0,3.87
10.5322,55.6027,2015,4,8,1.0,5.16
11.687,57.667,2015,4,8,0.5,4.1
10.5192,55.4792,2015,4,8,3.0,3.93
9.533,55.2497,2015,4,8,1.0,4.0
10.0903,55.6743,2015,4,8,1.0,5.3
9.5868,55.3665,2015,4,8,1.0,9.7
-123.33,30.75,2015,4,8,1.99,0.1
10.2107,56.4738,2015,4,8,2.2,10.0
12.067,55.713,2015,4,8,1.0,1.0
12.107,57.137,2015,4,8,0.0,3.8
14.282,53.859,2015,4,8,0.0,90.8
11.403,58.343,2015,4,8,0.5,1.2
14.398,53.883,2015,4,8,0.0,82.5
11.24,58.353,2015,4,8,0.5,1.0
12.05,57.407,2015,4,8,0.0,5.1
14.623,53.848,2015,4,8,0.0,74.0
11.103,58.868,2015,4,8,0.5,1.2
14.8237,56.1115,2015,4,8,0.5,4.3
-122.675,31.088,2015,4,8,0.99,0.12
-121.985,31.415,2015,4,8,1.99,0.07
9.5283,55.4927,2015,4,9,1.0,11.0
-121.317,31.753,2015,4,9,2.98,0.11
9.722,55.429,2015,4,9,1.0,5.97
11.627,58.393,2015,4,9,0.5,3.8
10.3085,56.9895,2015,4,9,0.0,5.5
9.0625,56.954,2015,4,9,1.0,3.2
10.5163,56.867,2015,4,9,1.0,2.4
15.8187,56.0815,2015,4,9,0.5,2.3
10.7917,56.8567,2015,4,9,1.0,2.3
9.4707,55.0312,2015,4,9,1.0,6.3
9.6292,57.035,2015,4,9,1.0,2.0
-7.217,55.067,2015,4,9,1.0,10.99
11.58,58.23,2015,4,9,0.5,1.9
9.8245,54.8373,2015,4,9,1.0,4.4
8.2107,56.3433,2015,4,9,1.0,7.7
11.81,58.1092,2015,4,9,0.5,4.8
-120.63,32.083,2015,4,9,1.99,0.14
-119.962,32.415,2015,4,9,0.99,0.1
-119.477,32.65,2015,4,10,1.99,0.34
-118.935,32.918,2015,4,10,1.99,0.19
-118.385,33.185,2015,4,10,0.99,0.22
-118.247,33.253,2015,4,10,1.99,0.21
-117.903,33.418,2015,4,10,1.99,0.51
-117.767,33.483,2015,4,10,1.99,0.61
-117.747,33.495,2015,4,10,1.99,0.71
-118.085,33.675,2015,4,11,1.99,3.08
-118.445,33.887,2015,4,11,0.99,1.63
-118.49,33.89,2015,4,11,1.99,1.17
-118.627,33.823,2015,4,11,1.99,1.21
-118.975,33.658,2015,4,11,1.99,0.23
-119.31,33.495,2015,4,11,1.99,0.34
-119.658,33.328,2015,4,11,4.96,2.68
-120.01,33.158,2015,4,12,1.99,3.57
-120.347,32.987,2015,4,12,1.99,1.06
-121.723,32.323,2015,4,12,2.98,0.11
-122.388,31.987,2015,4,13,1.99,0.12
21.0942,60.5952,2015,4,13,0.0,0.91
10.2568,55.0755,2015,4,13,1.0,3.54
18.233,58.583,2015,4,13,0.0,7.1
10.3743,55.0628,2015,4,13,0.5,4.15
-123.06,31.655,2015,4,13,1.99,0.1
11.2822,55.2483,2015,4,13,1.0,4.2
11.4643,55.2053,2015,4,13,1.0,3.3
-122.81,32.575,2015,4,13,1.99,0.17
3.1875,51.375,2015,4,13,3.0,5.7
3.2525,51.418,2015,4,13,3.0,6.0
2.808,51.42,2015,4,13,3.0,10.1
-122.122,32.912,2015,4,13,1.99,0.13
3.008,51.58,2015,4,13,3.0,9.3
-121.44,33.242,2015,4,14,1.99,0.11
17.617,58.8,2015,4,14,0.0,2.2
10.5242,54.7532,2015,4,14,1.0,3.31
10.7717,55.2977,2015,4,14,0.5,4.72
23.2628,59.7768,2015,4,14,0.0,7.4
11.7952,55.8662,2015,4,14,1.0,3.53
11.1563,56.1305,2015,4,14,1.0,2.1
11.51,54.8753,2015,4,14,1.0,4.4
-120.41,33.74,2015,4,14,1.99,4.89
2.7,51.75,2015,4,14,3.0,7.8
2.42,51.68,2015,4,14,3.0,6.3
-120.13,33.875,2015,4,14,1.99,1.56
2.35,51.458,2015,4,14,3.0,4.2
2.468,51.263,2015,4,14,3.0,4.5
-119.507,34.178,2015,4,15,0.99,2.02
-119.41,34.227,2015,4,15,1.99,1.07
-119.33,34.265,2015,4,15,1.99,0.94
22.9802,63.9188,2015,4,15,1.0,13.0
10.7028,54.8858,2015,4,15,1.0,2.1
-118.845,34.01,2015,4,15,1.99,1.48
10.745,57.3,2015,4,15,1.0,2.1
11.5867,55.118,2015,4,15,1.0,1.2
8.5763,55.0938,2015,4,15,1.0,0.5
-119.802,34.405,2015,4,15,1.99,1.0
-120.02,34.278,2015,4,15,1.99,2.78
-120.523,34.45,2015,4,15,1.99,5.3
2.67,51.168,2015,4,15,3.0,8.8
2.858,51.225,2015,4,16,3.0,20.0
12.4233,55.4933,2015,4,16,1.0,0.5
12.2955,54.976,2015,4,16,1.0,0.9
9.9737,56.6627,2015,4,16,3.0,0.8
11.7705,55.0685,2015,4,16,1.0,0.6
-120.793,34.313,2015,4,16,1.99,1.19
-121.147,34.15,2015,4,16,1.99,1.42
-121.843,33.81,2015,4,16,2.98,0.29
-122.53,33.48,2015,4,17,1.99,0.43
-123.222,33.142,2015,4,17,1.99,0.17
-123.91,32.82,2015,4,17,2.98,0.14
-124.315,33.383,2015,4,17,2.98,0.1
-123.632,33.717,2015,4,18,1.99,0.17
-122.943,34.048,2015,4,18,1.99,0.27
-122.243,34.385,2015,4,18,1.99,0.27
-121.553,34.72,2015,4,19,1.99,1.54
-121.197,34.888,2015,4,19,1.99,0.72
-120.91,35.022,2015,4,19,1.99,2.52
-120.772,35.085,2015,4,19,1.99,22.63
-120.487,34.465,2015,4,19,0.99,0.51
10.567,55.4517,2015,4,20,1.0,16.0
18.233,58.583,2015,4,20,0.0,5.1
10.5192,55.4792,2015,4,20,3.4,4.13
8.351,55.3375,2015,4,20,1.0,4.32
8.2243,56.0778,2015,4,20,1.1,17.0
11.8572,55.9978,2015,4,20,1.0,2.6
10.5163,56.867,2015,4,20,1.0,1.9
11.7952,55.8662,2015,4,20,1.0,4.2
8.549,55.337,2015,4,20,1.0,1.8
9.9153,57.6078,2015,4,20,1.0,1.6
8.1083,55.967,2015,4,20,1.0,2.4
11.1563,56.1305,2015,4,20,1.0,2.1
20.317,58.883,2015,4,20,0.0,6.4
19.88,58.0,2015,4,21,0.0,6.2
9.5283,55.4927,2015,4,21,1.0,4.87
10.3913,56.0442,2015,4,21,1.0,2.8
9.722,55.429,2015,4,21,1.0,3.41
11.51,54.8753,2015,4,21,1.0,5.1
23.2628,59.7768,2015,4,21,0.0,9.2
21.033,62.985,2015,4,21,0.0,4.2
19.935,57.3132,2015,4,21,0.0,7.5
9.7632,55.4588,2015,4,21,1.0,4.32
9.4707,55.0312,2015,4,21,1.0,2.5
9.533,55.2497,2015,4,21,1.0,9.5
11.8723,54.6272,2015,4,21,1.0,0.8
9.8238,54.9483,2015,4,21,1.0,7.0
21.9897,63.404,2015,4,21,0.0,3.2
16.501,56.7723,2015,4,21,0.5,2.4
19.58,56.63,2015,4,21,0.0,2.4
18.4,55.555,2015,4,21,0.0,2.8
17.617,58.8,2015,4,22,0.0,2.2
21.9532,60.2557,2015,4,22,0.0,1.8
15.98,55.25,2015,4,22,0.0,2.5
14.245,53.964,2015,4,22,0.0,33.4
15.33,55.38,2015,4,22,0.0,0.9
14.233,54.006,2015,4,22,0.0,5.3
14.08,55.0,2015,4,22,0.0,2.2
18.878,54.379,2015,4,22,0.0,10.77
18.9683,54.383,2015,4,22,0.0,12.55
13.3,55.0,2015,4,22,0.0,2.0
18.817,54.49,2015,4,22,0.0,4.62
12.75,55.867,2015,4,23,0.0,0.5
12.2955,54.976,2015,4,23,1.0,1.0
10.7717,55.2977,2015,4,23,0.5,2.95
12.117,56.667,2015,4,23,0.0,2.5
9.9737,56.6627,2015,4,23,3.2,6.2
11.2822,55.2483,2015,4,23,1.0,2.8
-6.684,55.1487,2015,4,23,1.0,21.0
12.2117,56.94,2015,4,23,0.0,3.5
11.67,57.192,2015,4,23,0.0,2.0
11.3,57.87,2015,4,23,0.0,1.9
10.513,58.275,2015,4,23,0.0,1.0
10.85,58.295,2015,4,24,0.0,0.6
-64.667,10.51,2015,4,24,1.0,1.97
11.03,58.337,2015,4,24,0.0,0.8
11.433,58.258,2015,4,24,0.0,3.0
12.117,56.667,2015,4,24,0.0,2.9
14.87,55.62,2015,4,25,0.0,1.2
17.67,57.12,2015,4,26,0.0,2.1
17.98,58.02,2015,4,26,0.0,11.6
21.9532,60.2557,2015,4,27,0.0,10.0
18.233,58.583,2015,4,27,0.0,1.6
10.3085,56.9895,2015,4,27,0.0,8.1
8.549,55.337,2015,4,27,1.0,0.9
11.3253,55.111,2015,4,27,1.0,1.1
19.5203,54.3318,2015,4,27,0.5,75.5
10.745,57.3,2015,4,27,1.0,1.3
8.3445,55.5122,2015,4,27,1.0,0.4
19.6665,54.3662,2015,4,27,0.5,53.3
16.7038,54.5737,2015,4,27,0.0,1.2
19.64,54.3938,2015,4,27,0.5,48.8
19.6688,54.451,2015,4,27,0.5,62.2
19.7247,54.4472,2015,4,27,0.5,26.6
19.7605,54.4448,2015,4,27,0.5,53.3
16.8683,54.594,2015,4,27,0.0,1.8
19.45,54.3662,2015,4,27,0.5,53.3
19.2965,54.3,2015,4,27,0.5,57.7
17.05,54.675,2015,4,27,0.0,1.8
19.427,54.2892,2015,4,27,0.5,35.5
22.9802,63.9188,2015,4,28,0.0,2.0
17.617,58.8,2015,4,28,0.0,2.6
23.2628,59.7768,2015,4,28,0.0,8.7
9.561,56.9417,2015,4,28,0.6,28.0
8.5763,55.0938,2015,4,28,1.0,7.1
9.9072,55.851,2015,4,28,1.0,3.6
-150.9999,4.0,2015,4,30,4.87,0.292
22.9802,63.9188,2015,5,4,0.0,9.7
11.7952,55.8662,2015,5,4,1.0,1.6
10.3913,56.0442,2015,5,4,1.0,2.1
10.5192,55.4792,2015,5,4,1.0,4.08
10.5163,56.867,2015,5,4,1.0,2.2
8.1083,55.967,2015,5,4,1.0,3.3
9.533,55.2497,2015,5,4,1.0,1.8
10.3187,56.1547,2015,5,4,4.4,2.4
10.7917,56.8567,2015,5,4,1.0,2.4
9.9153,57.6078,2015,5,4,1.0,2.1
9.5868,55.3665,2015,5,4,1.0,2.2
10.3687,56.2427,2015,5,4,1.0,2.4
8.2243,56.0778,2015,5,4,1.2,2.7
11.907,57.692,2015,5,5,0.5,1.8
12.107,57.137,2015,5,5,0.0,1.8
17.617,58.8,2015,5,5,0.0,1.5
10.2568,55.0755,2015,5,5,1.0,3.26
11.687,57.667,2015,5,5,0.5,1.0
21.033,62.985,2015,5,5,0.0,3.9
10.0752,55.166,2015,5,5,1.0,2.73
11.3253,55.111,2015,5,5,1.0,0.6
9.0758,56.6208,2015,5,5,1.0,1.9
11.403,58.343,2015,5,5,0.5,1.9
12.05,57.407,2015,5,5,0.0,1.6
23.2628,59.7768,2015,5,5,0.0,8.9
11.5867,55.118,2015,5,5,1.0,1.0
9.2925,56.5958,2015,5,5,1.0,23.0
15.8187,56.0815,2015,5,5,0.5,0.4
9.7632,55.4588,2015,5,5,1.0,4.29
12.2332,55.0132,2015,5,5,1.0,3.1
18.484,54.719,2015,5,5,0.0,1.0
21.9897,63.404,2015,5,5,0.0,4.8
18.483,54.647,2015,5,5,0.0,1.81
18.403,54.728,2015,5,5,0.0,1.33
2.1065,51.9947,2015,5,5,4.9,9.84
11.103,58.868,2015,5,5,0.5,2.0
1.0303,51.5275,2015,5,5,4.0,3.34
11.627,58.393,2015,5,6,0.5,2.1
10.3743,55.0628,2015,5,6,0.5,7.77
9.0625,56.954,2015,5,6,1.0,1.7
11.58,58.23,2015,5,6,0.5,1.4
12.4233,55.4933,2015,5,6,1.0,2.25
10.7028,54.8858,2015,5,6,1.0,2.0
18.233,58.583,2015,5,6,0.0,2.5
12.75,55.867,2015,5,6,1.0,0.6
11.1702,55.4612,2015,5,6,1.0,1.98
1.0703,53.5278,2015,5,6,4.0,0.5
11.81,58.1092,2015,5,6,0.5,2.7
14.525,53.673,2015,5,6,0.0,13.0
1.068,53.5285,2015,5,6,4.0,0.54
14.533,53.778,2015,5,6,0.0,44.2
14.31,53.785,2015,5,6,0.0,41.6
14.406,53.762,2015,5,6,0.0,40.7
11.24,58.353,2015,5,6,0.5,1.5
17.5552,54.7795,2015,5,6,0.0,3.11
17.8305,54.817,2015,5,6,0.0,3.07
18.344,54.843,2015,5,6,0.0,2.3
2.0862,51.9883,2015,5,7,3.7,7.23
10.7717,55.2977,2015,5,7,0.5,4.01
10.5322,55.6027,2015,5,7,1.0,3.84
9.9737,56.6627,2015,5,7,2.2,11.0
10.0903,55.6743,2015,5,7,1.0,2.9
9.6687,55.7043,2015,5,7,1.0,1.22
18.437,54.794,2015,5,7,0.0,20.3
18.646,54.72,2015,5,7,0.0,7.1
21.9532,60.2557,2015,5,11,0.0,6.5
22.0458,60.3122,2015,5,11,0.0,9.0
22.1023,60.3777,2015,5,11,0.0,9.9
10.1603,54.9977,2015,5,11,1.0,3.18
-6.4602,52.3418,2015,5,11,0.0,12.8
10.4203,55.0293,2015,5,11,1.0,3.79
-6.437,52.3258,2015,5,11,0.0,13.4
-6.419,52.334,2015,5,11,0.0,12.6
-6.4487,52.3353,2015,5,11,0.0,12.5
-6.4602,52.3418,2015,5,11,0.0,13.4
-6.4702,52.3462,2015,5,11,0.0,10.9
-6.4712,52.3615,2015,5,11,0.0,27.2
-6.5122,52.3517,2015,5,11,0.0,6.9
-6.5688,52.384,2015,5,11,0.0,8.4
-6.5653,52.4232,2015,5,11,0.0,3.4
-6.5618,52.4543,2015,5,11,0.0,5.4
-6.5693,52.4927,2015,5,11,0.0,6.6
18.521,54.656,2015,5,12,0.0,2.84
8.549,55.337,2015,5,12,1.0,2.5
10.2107,56.4738,2015,5,12,1.0,12.0
8.5763,55.0938,2015,5,12,1.0,12.0
10.745,57.3,2015,5,12,1.0,1.4
8.3445,55.5122,2015,5,12,1.0,3.5
-7.317,52.3273,2015,5,12,0.0,7.1
-7.4197,52.3468,2015,5,12,0.0,4.5
10.3085,56.9895,2015,5,12,0.0,3.2
-7.2422,52.2622,2015,5,12,0.0,58.9
-7.2857,52.2898,2015,5,12,0.0,29.3
16.501,56.7723,2015,5,12,0.5,2.0
-7.2233,52.2415,2015,5,12,0.0,28.0
-7.1642,52.277,2015,5,12,0.0,20.8
-7.0878,52.2517,2015,5,12,0.0,6.2
-7.119,52.2642,2015,5,12,0.0,7.3
-7.0302,52.2665,2015,5,12,0.0,5.1
-7.0522,52.2563,2015,5,12,0.0,5.5
-6.9883,52.2745,2015,5,12,0.0,6.3
18.817,54.49,2015,5,12,0.0,13.4
-7.119,52.2642,2015,5,12,0.0,8.1
18.9683,54.383,2015,5,12,0.0,10.51
18.878,54.379,2015,5,12,0.0,13.51
9.9072,55.851,2015,5,13,1.8,11.0
11.2822,55.2483,2015,5,13,1.0,11.0
18.577,54.483,2015,5,13,0.0,26.2
11.4643,55.2053,2015,5,13,1.0,0.77
-7.0058,52.2818,2015,5,13,0.0,4.8
-7.017,52.2947,2015,5,13,0.0,6.3
-7.0063,52.3062,2015,5,13,0.0,7.4
-6.9915,52.3323,2015,5,13,0.0,5.0
-6.9923,52.3547,2015,5,13,0.0,5.8
-6.972,52.367,2015,5,13,0.0,4.1
-6.9518,52.3967,2015,5,13,0.0,3.7
-6.9457,52.4133,2015,5,13,0.0,3.4
-6.9518,52.3967,2015,5,13,0.0,3.0
-7.0083,52.4268,2015,5,13,0.0,3.9
-6.9367,52.4208,2015,5,13,0.0,3.6
-6.9708,52.1623,2015,5,14,0.0,2.3
-6.9277,52.1792,2015,5,14,0.0,5.8
-6.936,52.1997,2015,5,14,0.0,5.3
-6.9468,52.221,2015,5,14,0.0,9.0
-6.9607,52.2392,2015,5,14,0.0,7.0
-6.9917,52.2583,2015,5,14,0.0,7.7
-6.9883,52.2745,2015,5,14,0.0,6.7
-6.9187,52.1523,2015,5,14,0.0,2.5
-6.9047,52.1788,2015,5,14,0.0,3.9
-6.937,52.1272,2015,5,14,0.0,2.2
-6.9597,52.1352,2015,5,14,0.0,3.2
-6.9853,52.1438,2015,5,14,0.0,2.9
19.585,54.373,2015,5,16,0.0,27.0
21.3418,59.8052,2015,5,17,0.0,2.1
19.4958,54.4158,2015,5,17,0.0,22.3
12.4233,55.4933,2015,5,18,1.0,0.4
21.0942,60.5952,2015,5,18,0.0,1.7
10.567,55.4517,2015,5,18,1.0,0.7
8.2243,56.0778,2015,5,18,1.0,7.8
11.51,54.8753,2015,5,18,1.0,1.8
21.203,60.7865,2015,5,18,0.0,1.3
12.75,55.867,2015,5,18,1.0,1.2
10.5192,55.4792,2015,5,18,1.0,3.93
9.561,56.9417,2015,5,18,0.6,25.0
21.9532,60.2557,2015,5,18,0.0,15.0
11.8723,54.6272,2015,5,18,1.0,2.66
-6.2517,53.3478,2015,5,18,0.0,15.6
-6.273,53.3452,2015,5,18,0.0,5.8
-6.2917,53.3473,2015,5,18,0.0,4.0
21.3143,60.784,2015,5,18,0.0,4.2
-6.2105,53.3573,2015,5,18,0.0,8.7
-6.2292,53.3588,2015,5,18,0.0,9.4
-6.1742,53.343,2015,5,18,0.0,8.1
-6.1952,53.3438,2015,5,18,0.0,11.3
-6.191,53.3535,2015,5,18,0.0,9.9
-6.2248,53.3455,2015,5,18,0.0,6.5
-6.2517,53.3478,2015,5,18,0.0,3.3
18.572,54.517,2015,5,18,0.0,45.9
-6.1742,53.343,2015,5,18,0.0,8.2
-6.1952,53.3438,2015,5,18,0.0,10.0
-6.2248,53.3455,2015,5,18,0.0,5.0
18.683,54.567,2015,5,18,0.0,52.3
18.558,54.619,2015,5,18,0.0,54.5
18.233,58.583,2015,5,19,0.0,2.0
9.0758,56.6208,2015,5,19,1.0,11.0
10.0752,55.166,2015,5,19,1.0,3.92
9.9737,56.6627,2015,5,19,2.2,11.0
9.533,55.2497,2015,5,19,0.4,75.0
9.2925,56.5958,2015,5,19,1.0,41.0
8.2107,56.3433,2015,5,19,1.0,16.0
12.2955,54.976,2015,5,19,1.0,1.7
-8.4825,54.278,2015,5,19,0.0,2.0
-8.493,54.285,2015,5,19,0.0,4.0
-8.4992,54.2903,2015,5,19,0.0,8.0
-8.516,54.2993,2015,5,19,0.0,9.0
21.9897,63.404,2015,5,19,0.0,5.2
9.7632,55.4588,2015,5,19,1.0,5.14
9.5868,55.3665,2015,5,19,1.0,3.0
-8.5395,54.2998,2015,5,19,0.0,7.0
-8.5768,54.3043,2015,5,19,0.0,10.0
-8.6043,54.3188,2015,5,19,0.0,7.0
-8.617,54.3273,2015,5,19,0.0,6.0
-8.493,54.285,2015,5,19,0.0,7.0
-8.4992,54.2903,2015,5,19,0.0,12.0
-8.516,54.2993,2015,5,19,0.0,15.0
-8.5395,54.2998,2015,5,19,0.0,9.0
-8.5768,54.3043,2015,5,19,0.0,4.0
20.317,58.883,2015,5,19,0.0,2.1
22.9282,63.9612,2015,5,20,0.0,3.5
10.3085,56.9895,2015,5,20,1.0,1.4
11.7952,55.8662,2015,5,20,1.0,1.26
22.9888,63.8782,2015,5,20,0.0,6.7
10.7917,56.8567,2015,5,20,1.0,2.4
10.0903,55.6743,2015,5,20,1.0,2.0
9.6687,55.7043,2015,5,20,1.0,1.5
11.1563,56.1305,2015,5,20,1.0,1.5
16.7038,54.5737,2015,5,20,0.0,5.6
-9.1417,54.121,2015,5,20,0.0,4.0
-9.1425,54.1258,2015,5,20,0.0,5.0
-9.138,54.1382,2015,5,20,0.0,4.0
-9.1397,54.1495,2015,5,20,0.0,3.0
-9.1383,54.1607,2015,5,20,0.0,3.0
-9.1375,54.1708,2015,5,20,0.0,2.0
-5.8067,54.668,2015,5,20,1.0,4.51
14.8237,56.1115,2015,5,20,0.5,1.2
-9.131,54.1933,2015,5,20,0.0,4.0
-9.138,54.1857,2015,5,20,0.0,3.0
-9.1355,54.201,2015,5,20,0.0,4.0
14.245,53.964,2015,5,20,0.0,15.6
14.233,54.006,2015,5,20,0.0,12.0
-9.1383,54.1323,2015,5,20,0.0,4.0
16.8683,54.594,2015,5,20,0.0,3.6
-6.2293,53.734,2015,5,20,0.0,23.1
-9.138,54.1382,2015,5,20,0.0,4.0
-9.1397,54.1495,2015,5,20,0.0,4.0
-9.1383,54.1607,2015,5,20,0.0,5.0
-9.1375,54.1708,2015,5,20,0.0,4.0
-9.138,54.1857,2015,5,20,0.0,4.0
21.033,62.985,2015,5,20,0.0,2.3
20.83,56.03,2015,5,20,0.0,3.88
17.05,54.675,2015,5,20,0.0,4.7
-6.2202,53.7063,2015,5,20,0.0,22.9
-6.3437,53.715,2015,5,20,0.0,3.9
-6.3437,53.715,2015,5,20,0.0,4.5
-6.2222,53.7185,2015,5,20,0.0,24.2
-6.251,53.7243,2015,5,20,0.0,32.2
-6.251,53.7243,2015,5,20,0.0,19.5
-6.2688,53.7318,2015,5,20,0.0,29.0
-6.2688,53.7318,2015,5,20,0.0,8.9
-6.288,53.7243,2015,5,20,0.0,12.0
-6.288,53.7243,2015,5,20,0.0,6.6
-6.3098,53.7203,2015,5,20,0.0,5.0
-6.3098,53.7203,2015,5,20,0.0,4.6
-6.3292,53.718,2015,5,20,0.0,4.7
-6.3292,53.718,2015,5,20,0.0,7.2
17.617,58.8,2015,5,21,0.0,1.5
10.3687,56.2427,2015,5,21,1.0,1.4
10.3743,55.0628,2015,5,21,0.5,3.6
9.0625,56.954,2015,5,21,3.0,1.4
10.3913,56.0442,2015,5,21,1.0,0.9
8.351,55.3375,2015,5,21,1.0,1.6
11.3253,55.111,2015,5,21,1.0,0.4
10.3187,56.1547,2015,5,21,1.0,1.8
10.7028,54.8858,2015,5,21,1.0,1.5
-9.8938,54.0727,2015,5,21,0.0,2.0
-9.8703,54.0687,2015,5,21,0.0,2.0
-9.8792,54.083,2015,5,21,0.0,1.0
-9.8377,54.1095,2015,5,21,0.0,1.0
12.2332,55.0132,2015,5,21,1.0,0.5
19.6665,54.3662,2015,5,21,0.5,53.3
19.64,54.3938,2015,5,21,0.5,71.0
19.6688,54.451,2015,5,21,0.5,57.7
19.7247,54.4472,2015,5,21,0.5,44.4
19.7605,54.4448,2015,5,21,0.5,53.3
-9.8033,54.2717,2015,5,21,0.0,4.0
19.45,54.3662,2015,5,21,0.5,97.7
19.2965,54.3,2015,5,21,0.5,71.0
19.427,54.2892,2015,5,21,0.5,71.0
-9.8032,54.1455,2015,5,21,0.0,2.0
-9.8155,54.1382,2015,5,21,0.0,1.0
-9.8067,54.2853,2015,5,21,0.0,1.0
22.9802,63.9188,2015,5,25,0.0,7.0
21.08,55.56,2015,5,25,0.0,3.28
20.96,55.31,2015,5,25,0.0,4.24
9.5283,55.4927,2015,5,26,1.0,0.37
21.9897,63.404,2015,5,26,0.0,5.7
10.7717,55.2977,2015,5,26,0.5,8.25
8.549,55.337,2015,5,26,1.0,2.8
9.561,56.9417,2015,5,26,0.6,42.0
11.2822,55.2483,2015,5,26,1.0,2.5
21.06,55.72,2015,5,26,0.0,6.14
21.05,55.74,2015,5,26,0.0,9.83
11.4643,55.2053,2015,5,26,1.0,3.0
21.033,62.985,2015,5,26,0.0,2.1
10.2107,56.4738,2015,5,26,0.6,16.0
9.8245,54.8373,2015,5,26,1.0,1.5
20.89,55.77,2015,5,26,0.0,3.83
10.5242,54.7532,2015,5,27,1.0,0.98
9.9072,55.851,2015,5,27,1.0,2.0
10.1603,54.9977,2015,5,27,1.0,2.24
10.4203,55.0293,2015,5,27,1.0,2.65
18.419,54.797,2015,5,27,0.0,1.44
10.2568,55.0755,2015,6,1,1.0,3.03
10.0752,55.166,2015,6,1,1.0,1.32
21.3243,62.3408,2015,6,1,0.0,8.6
18.233,58.583,2015,6,1,0.0,1.7
9.533,55.2497,2015,6,1,1.0,2.5
9.7632,55.4588,2015,6,1,1.0,4.72
9.5868,55.3665,2015,6,1,1.0,4.77
21.3942,62.8957,2015,6,1,0.0,15.0
20.317,58.883,2015,6,1,0.0,2.1
23.2628,59.7768,2015,6,2,0.0,2.3
22.1023,60.3777,2015,6,2,0.0,11.0
21.9532,60.2557,2015,6,2,0.0,4.9
22.0458,60.3122,2015,6,2,0.0,15.0
10.5192,55.4792,2015,6,2,2.8,4.87
12.2332,55.0132,2015,6,2,1.0,0.8
16.7038,54.5737,2015,6,2,0.0,4.7
11.5867,55.118,2015,6,2,1.0,0.3
16.8683,54.594,2015,6,2,0.0,3.6
17.05,54.675,2015,6,2,0.0,3.6
18.6692,54.6688,2015,6,2,0.0,2.41
10.3743,55.0628,2015,6,3,0.5,9.59
10.3687,56.2427,2015,6,3,1.0,1.9
9.9737,56.6627,2015,6,3,1.2,23.0
12.75,55.867,2015,6,3,1.0,1.1
10.7028,54.8858,2015,6,3,1.0,1.6
10.3913,56.0442,2015,6,3,1.0,2.0
8.4148,56.601,2015,6,3,1.0,1.0
17.617,58.8,2015,6,4,0.0,2.2
10.7717,55.2977,2015,6,4,0.5,6.04
9.0625,56.954,2015,6,4,1.0,3.6
10.3085,56.9895,2015,6,4,0.0,2.5
10.5163,56.867,2015,6,4,1.0,2.7
10.7917,56.8567,2015,6,4,1.0,1.3
12.067,55.713,2015,6,4,1.0,2.7
9.2925,56.5958,2015,6,4,1.0,73.0
9.0758,56.6208,2015,6,4,1.0,3.7
10.8022,55.066,2015,6,8,1.0,0.74
22.9802,63.9188,2015,6,8,0.0,5.9
18.79,54.581,2015,6,8,0.0,2.83
11.2822,55.2483,2015,6,8,1.0,1.1
21.033,62.985,2015,6,8,0.0,2.0
-8.7163,51.6397,2015,6,8,0.0,39.3
11.4643,55.2053,2015,6,8,1.0,2.87
-8.7368,51.6382,2015,6,8,0.0,18.5
-8.7518,51.6453,2015,6,8,0.0,17.4
-8.7627,51.6417,2015,6,8,0.0,28.1
-8.7628,51.6445,2015,6,8,0.0,30.0
-8.7628,51.6445,2015,6,8,0.0,38.5
-8.4397,54.633,2015,6,8,0.0,2.0
-8.4373,54.6317,2015,6,8,0.0,2.0
-8.4355,54.628,2015,6,8,0.0,1.0
-8.4303,54.6423,2015,6,8,0.0,1.0
-8.4397,54.635,2015,6,8,0.0,1.0
-8.435,54.6357,2015,6,8,0.0,2.0
21.4232,61.1273,2015,6,8,0.0,2.5
11.678,55.1968,2015,6,8,1.0,12.0
-8.6738,51.6423,2015,6,8,0.0,56.0
-8.6963,51.6357,2015,6,8,3.8,34.4
-8.6963,51.6357,2015,6,8,0.0,33.9
-8.686,51.6382,2015,6,8,4.6,47.0
-8.686,51.6382,2015,6,8,0.0,31.7
-8.4633,54.5958,2015,6,8,0.0,1.0
-8.4443,54.6052,2015,6,8,0.0,1.0
-8.4398,54.6218,2015,6,8,0.0,1.0
-8.6735,51.636,2015,6,8,0.0,30.2
-8.4062,54.6122,2015,6,8,0.0,1.0
-8.3872,54.619,2015,6,8,0.0,1.0
21.9897,63.404,2015,6,8,0.0,3.3
-8.768,51.633,2015,6,8,0.0,16.8
-8.7628,51.6445,2015,6,8,0.0,36.4
-8.7627,51.6417,2015,6,8,0.0,28.0
-8.4397,54.633,2015,6,8,0.0,1.0
-8.4373,54.6317,2015,6,8,0.0,1.0
-8.4303,54.6423,2015,6,8,0.0,1.0
-8.4397,54.635,2015,6,8,0.0,2.0
-8.435,54.6357,2015,6,8,0.0,1.0
-8.4355,54.628,2015,6,8,0.0,2.0
-8.4398,54.6218,2015,6,8,0.0,1.0
19.066,55.35,2015,6,8,0.0,1.99
-8.6725,51.6258,2015,6,8,0.0,14.1
-8.7102,51.6355,2015,6,8,0.0,26.9
18.4,55.555,2015,6,9,0.0,1.99
10.5322,55.6027,2015,6,9,1.0,1.18
11.907,57.692,2015,6,9,0.5,3.5
21.2463,61.15,2015,6,9,0.0,1.3
10.0903,55.6743,2015,6,9,1.0,1.63
11.687,57.667,2015,6,9,0.5,1.1
8.351,55.3375,2015,6,9,1.0,13.0
12.107,57.137,2015,6,9,0.0,1.1
21.3708,61.128,2015,6,9,0.0,1.9
21.4415,61.7258,2015,6,9,0.0,7.2
18.0,55.291,2015,6,9,0.0,1.63
10.2107,56.4738,2015,6,9,1.0,6.9
11.7705,55.0685,2015,6,9,1.0,2.8
12.05,57.407,2015,6,9,0.0,5.8
-8.632,51.7458,2015,6,9,0.4,10.9
-8.4532,54.8578,2015,6,9,0.0,1.0
-8.4475,54.8777,2015,6,9,0.0,1.0
-8.4482,54.9,2015,6,9,0.0,1.0
-8.4723,54.9043,2015,6,9,0.0,1.0
16.125,54.295,2015,6,9,0.0,1.6
-8.6297,51.729,2015,6,9,0.4,49.1
-8.634,51.7372,2015,6,9,0.4,12.6
-8.4,54.86,2015,6,9,0.0,1.0
-8.417,54.8692,2015,6,9,0.0,1.0
-8.501,54.8708,2015,6,9,0.0,1.0
-8.4067,54.883,2015,6,9,0.0,1.0
21.2097,61.5868,2015,6,9,0.0,1.1
11.403,58.343,2015,6,9,0.5,1.6
16.361,54.451,2015,6,9,0.0,1.9
-8.5803,51.6955,2015,6,9,0.3,6.7
-8.6128,51.723,2015,6,9,0.4,17.1
-8.4688,54.9365,2015,6,9,0.0,1.0
-8.4748,54.9693,2015,6,9,0.0,1.0
21.2713,61.6352,2015,6,9,0.0,2.4
11.24,58.353,2015,6,9,0.5,0.8
-8.5322,51.6928,2015,6,9,0.5,7.0
-8.5518,51.7017,2015,6,9,0.5,5.3
-8.5082,51.6737,2015,6,9,0.3,6.1
-8.501,51.6913,2015,6,9,0.4,12.3
-8.5142,51.7023,2015,6,9,0.3,7.0
17.066,55.216,2015,6,9,0.0,1.33
-8.5113,51.6665,2015,6,9,0.3,1.7
-8.5065,51.657,2015,6,9,0.5,4.6
11.103,58.868,2015,6,9,0.5,1.6
16.45,54.925,2015,6,9,0.0,1.05
15.983,55.25,2015,6,10,0.0,1.48
11.627,58.393,2015,6,10,0.5,3.9
9.5283,55.4927,2015,6,10,3.0,3.4
11.58,58.23,2015,6,10,0.5,1.2
9.722,55.429,2015,6,10,1.0,1.57
8.5763,55.0938,2015,6,10,1.0,1.1
9.9072,55.851,2015,6,10,1.0,2.3
8.2473,55.9728,2015,6,10,1.0,0.5
14.525,53.673,2015,6,10,0.0,13.3
18.577,54.483,2015,6,10,0.0,5.48
-7.5245,55.0938,2015,6,10,0.0,1.0
8.2243,56.0778,2015,6,10,1.0,8.12
9.8238,54.9483,2015,6,10,1.0,1.7
16.5645,57.0982,2015,6,10,0.5,1.2
11.81,58.1092,2015,6,10,0.5,2.7
14.533,53.778,2015,6,10,0.0,29.9
14.406,53.762,2015,6,10,0.0,27.4
15.065,54.113,2015,6,10,0.0,3.7
-7.5018,55.1145,2015,6,10,0.0,1.0
14.31,53.785,2015,6,10,0.0,26.7
18.817,54.49,2015,6,10,0.0,4.11
15.291,54.167,2015,6,10,0.0,2.6
8.3445,55.5122,2015,6,10,1.0,1.57
9.8245,54.8373,2015,6,10,1.0,0.7
15.557,54.204,2015,6,10,0.0,2.3
-8.3127,51.8378,2015,6,10,0.3,8.1
-7.7137,54.9487,2015,6,10,0.0,11.0
-7.6603,54.9642,2015,6,10,0.0,2.0
-7.6832,54.9568,2015,6,10,0.0,7.0
-7.699,54.9533,2015,6,10,0.0,8.0
-7.6393,54.9827,2015,6,10,0.0,1.0
-7.5783,55.0117,2015,6,10,0.0,1.0
-7.6117,55.0,2015,6,10,0.0,1.0
-7.5443,55.0253,2015,6,10,0.0,1.0
-7.4857,55.0483,2015,6,10,0.0,1.0
-7.5078,55.0433,2015,6,10,0.0,1.0
15.133,54.741,2015,6,10,0.0,1.78
18.683,54.567,2015,6,10,0.0,3.96
-7.5447,55.0405,2015,6,10,0.0,1.0
-7.5578,55.0592,2015,6,10,0.0,1.0
-7.617,55.0543,2015,6,10,0.0,1.0
-7.5522,55.0767,2015,6,10,0.0,1.0
14.691,54.066,2015,6,10,0.0,2.25
-8.2745,51.7747,2015,6,10,0.4,5.2
-8.2652,51.7898,2015,6,10,0.5,5.4
-8.269,51.8105,2015,6,10,0.6,8.4
-8.2633,51.8367,2015,6,10,0.3,8.6
-8.3362,51.8778,2015,6,10,0.3,6.4
-8.3362,51.8778,2015,6,10,0.4,6.2
-8.3565,51.8867,2015,6,10,0.3,5.4
-8.3565,51.8867,2015,6,10,0.3,7.3
-8.39,51.8983,2015,6,10,0.3,4.7
-8.39,51.8983,2015,6,10,0.3,8.7
-8.459,51.8995,2015,6,10,0.4,5.5
-8.4235,51.901,2015,6,10,0.3,4.5
-8.4463,51.902,2015,6,10,0.4,4.9
14.25,54.066,2015,6,11,0.0,2.6
10.5242,54.7532,2015,6,11,1.0,1.04
16.501,56.7723,2015,6,11,0.5,1.3
10.1603,54.9977,2015,6,11,1.0,1.72
-8.1307,54.6443,2015,6,11,0.0,1.0
-8.1142,54.651,2015,6,11,0.0,1.0
10.4203,55.0293,2015,6,11,1.0,0.86
10.745,57.3,2015,6,11,1.0,0.6
18.558,54.619,2015,6,11,0.0,2.55
-8.1995,54.501,2015,6,11,0.0,3.0
-8.136,54.632,2015,6,11,0.0,2.0
-8.134,54.6203,2015,6,11,0.0,2.0
-8.1488,54.6362,2015,6,11,0.0,2.0
14.623,53.848,2015,6,11,0.0,9.0
-8.2087,54.5045,2015,6,11,0.0,4.0
-8.2087,54.5045,2015,6,11,1.26,4.0
-8.2373,54.5043,2015,6,11,0.0,1.0
-8.2545,54.5108,2015,6,11,0.0,2.0
8.2107,56.3433,2015,6,11,1.0,1.3
14.282,53.859,2015,6,11,0.0,23.2
18.6692,54.6688,2015,6,11,0.0,3.55
-8.1943,54.501,2015,6,11,0.0,5.0
-8.1902,54.501,2015,6,11,0.0,3.0
-8.134,54.6203,2015,6,11,0.0,3.0
15.533,54.256,2015,6,11,0.0,1.25
14.398,53.883,2015,6,11,0.0,18.9
-8.136,54.632,2015,6,11,0.0,2.0
-8.1307,54.6443,2015,6,11,0.0,6.0
-8.1488,54.6362,2015,6,11,0.0,2.0
-8.1142,54.651,2015,6,11,0.0,4.0
18.572,54.517,2015,6,11,0.0,1.74
-8.1995,54.501,2015,6,11,0.0,6.0
-8.2087,54.5045,2015,6,11,0.0,2.0
-8.2373,54.5043,2015,6,11,0.0,6.0
15.983,54.45,2015,6,11,0.0,1.11
-7.8553,52.0135,2015,6,11,4.1,6.9
16.8,54.633,2015,6,11,0.0,2.07
-7.8603,51.888,2015,6,11,0.4,2.5
-7.839,51.9123,2015,6,11,0.3,1.9
-7.8353,51.927,2015,6,11,0.3,2.5
-7.786,51.941,2015,6,11,0.3,4.5
-7.8417,51.9482,2015,6,11,0.3,3.3
-7.8465,51.9662,2015,6,11,0.1,2.5
-7.865,51.984,2015,6,11,0.3,4.2
-7.8823,51.9958,2015,6,11,0.3,4.8
-7.8527,52.0307,2015,6,11,0.2,4.0
-7.8492,52.0488,2015,6,11,0.4,5.6
-7.8723,52.0652,2015,6,11,0.3,5.8
-7.883,52.0827,2015,6,11,0.5,4.7
-7.8623,52.0873,2015,6,11,0.2,5.2
-7.867,52.1095,2015,6,11,0.3,2.6
-7.8548,52.1198,2015,6,11,0.2,1.4
-8.2705,54.5152,2015,6,11,0.0,6.0
17.535,54.833,2015,6,12,0.0,1.98
18.083,54.875,2015,6,12,0.0,1.83
19.88,58.0,2015,6,12,0.0,1.7
18.37,54.883,2015,6,12,0.0,1.03
18.833,54.666,2015,6,12,0.0,3.27
20.05,57.33,2015,6,12,0.0,1.8
19.333,54.833,2015,6,12,0.0,2.02
19.58,56.63,2015,6,12,0.0,1.2
19.293,54.651,2015,6,13,0.0,1.38
18.4,55.555,2015,6,13,0.0,1.3
19.441,54.408,2015,6,13,0.0,5.02
19.113,54.5,2015,6,13,0.0,5.78
15.98,55.25,2015,6,13,0.0,0.7
15.33,55.38,2015,6,13,0.0,0.8
14.08,55.0,2015,6,13,0.0,0.8
13.3,55.0,2015,6,14,0.0,0.8
22.9282,63.9612,2015,6,14,0.0,1.9
12.75,55.867,2015,6,14,0.0,0.6
22.9888,63.8782,2015,6,14,0.0,5.1
12.117,56.667,2015,6,14,0.0,0.7
12.2117,56.94,2015,6,14,0.0,0.5
11.67,57.192,2015,6,14,0.0,1.2
11.3,57.87,2015,6,14,0.0,1.7
10.513,58.275,2015,6,15,0.0,0.9
10.85,58.295,2015,6,15,0.0,1.3
21.9532,60.2557,2015,6,15,0.0,4.1
21.0942,60.5952,2015,6,15,0.0,2.4
21.3143,60.784,2015,6,15,0.0,5.2
11.03,58.337,2015,6,15,0.0,1.9
18.233,58.583,2015,6,15,0.0,1.8
10.567,55.4517,2015,6,15,1.0,10.0
22.0458,60.3122,2015,6,15,0.0,7.7
22.1023,60.3777,2015,6,15,0.0,5.9
21.203,60.7865,2015,6,15,0.0,2.1
21.9897,63.404,2015,6,15,0.0,3.4
10.5192,55.4792,2015,6,15,1.0,4.53
9.0758,56.6208,2015,6,15,3.0,11.0
-5.5972,54.467,2015,6,15,1.0,3.02
11.8723,54.6272,2015,6,15,1.0,32.0
18.437,54.794,2015,6,15,0.0,3.29
-9.6033,53.8805,2015,6,15,0.0,2.0
-9.5797,53.884,2015,6,15,0.0,3.0
-9.5855,53.8875,2015,6,15,0.0,1.0
11.433,58.258,2015,6,15,0.0,4.6
11.8273,54.7093,2015,6,15,1.0,0.5
9.2925,56.5958,2015,6,15,4.2,39.0
-9.6153,53.8023,2015,6,15,0.0,3.0
-9.6633,53.8237,2015,6,15,0.0,1.0
-9.6017,53.7955,2015,6,15,0.0,1.0
-9.721,53.7998,2015,6,15,0.0,1.0
18.646,54.72,2015,6,15,0.0,6.55
-9.9205,53.7792,2015,6,15,0.0,1.0
-9.7763,53.796,2015,6,15,0.0,1.0
-9.9418,53.8183,2015,6,15,0.0,1.0
-9.7885,53.838,2015,6,15,0.0,1.0
-9.7193,53.8493,2015,6,15,0.0,3.0
-9.6415,53.8628,2015,6,15,0.0,1.0
-9.667,53.8642,2015,6,15,0.0,3.0
-9.667,53.8642,2015,6,15,0.0,3.0
-9.6033,53.8805,2015,6,15,0.0,3.0
-9.5713,53.902,2015,6,15,0.0,1.0
12.117,56.667,2015,6,15,0.0,0.9
17.617,58.8,2015,6,16,0.0,1.2
10.8022,55.066,2015,6,16,1.0,1.01
10.2568,55.0755,2015,6,16,1.0,1.69
9.0625,56.954,2015,6,16,1.0,2.6
23.2628,59.7768,2015,6,16,0.0,3.7
18.521,54.656,2015,6,16,0.0,4.43
10.3913,56.0442,2015,6,16,1.0,0.5
10.0752,55.166,2015,6,16,1.0,4.13
9.9153,57.6078,2015,6,16,1.0,1.46
9.6292,57.035,2015,6,16,1.0,1.7
10.3687,56.2427,2015,6,16,1.0,0.5
11.1702,55.4612,2015,6,16,1.0,2.27
15.8187,56.0815,2015,6,16,0.5,1.4
-8.9863,53.1623,2015,6,16,0.0,5.0
25.6352,60.183,2015,6,16,0.0,2.8
10.8622,55.5077,2015,6,16,1.0,1.31
14.8237,56.1115,2015,6,16,0.5,0.2
-8.939,53.1447,2015,6,16,0.0,8.0
-8.9402,53.1483,2015,6,16,0.0,6.0
-8.948,53.1583,2015,6,16,0.0,6.0
-8.9647,53.1613,2015,6,16,0.0,4.0
-8.9565,53.1665,2015,6,16,0.0,5.0
14.87,55.62,2015,6,16,0.0,1.3
-8.9445,53.1663,2015,6,16,0.0,3.0
-8.9657,53.1718,2015,6,16,0.0,4.0
-8.9612,53.1765,2015,6,16,0.0,2.0
-8.939,53.1447,2015,6,16,0.0,38.0
-8.9402,53.1483,2015,6,16,0.0,5.0
-8.948,53.1583,2015,6,16,0.0,4.0
-8.9445,53.1663,2015,6,16,0.0,4.0
-8.9647,53.1613,2015,6,16,0.0,3.0
-8.9565,53.1665,2015,6,16,0.0,3.0
-8.9657,53.1718,2015,6,16,0.0,2.0
16.202,56.3708,2015,6,16,0.0,0.8
17.67,57.12,2015,6,17,0.0,1.2
10.3743,55.0628,2015,6,17,0.5,3.43
10.5322,55.6027,2015,6,17,1.0,1.04
8.4148,56.601,2015,6,17,1.0,1.9
10.7028,54.8858,2015,6,17,1.0,80.0
10.0903,55.6743,2015,6,17,1.0,1.42
21.05,55.74,2015,6,17,0.0,8.35
17.98,58.02,2015,6,17,0.0,1.6
9.6687,55.7043,2015,6,17,1.0,4.0
19.5203,54.3318,2015,6,17,0.5,88.8
19.64,54.3938,2015,6,17,0.5,40.0
-9.754,53.6,2015,6,17,0.0,1.0
21.08,55.56,2015,6,17,0.0,16.71
18.878,54.379,2015,6,17,0.0,4.52
19.6688,54.451,2015,6,17,0.5,44.4
19.7247,54.4472,2015,6,17,0.5,53.3
-9.782,53.6,2015,6,17,0.0,6.0
-9.8243,53.616,2015,6,17,0.0,4.0
-9.8598,53.6202,2015,6,17,0.0,1.0
-9.87,53.63,2015,6,17,0.0,4.0
19.45,54.3662,2015,6,17,0.5,57.8
-9.7048,53.5977,2015,6,17,0.0,2.0
-9.6703,53.6157,2015,6,17,0.0,5.0
-9.685,53.6078,2015,6,17,0.0,2.0
-9.72,53.6,2015,6,17,0.0,1.0
19.2965,54.3,2015,6,17,0.5,71.0
-9.6703,53.6157,2015,6,17,0.0,2.0
-9.685,53.6078,2015,6,17,0.0,2.0
-9.7048,53.5977,2015,6,17,0.0,1.0
-9.72,53.6,2015,6,17,0.0,2.0
-9.754,53.6,2015,6,17,0.0,1.0
10.7717,55.2977,2015,6,18,0.5,43.4
9.722,55.429,2015,6,18,1.0,1.28
9.5283,55.4927,2015,6,18,1.0,5.5
9.9737,56.6627,2015,6,18,1.6,11.0
9.4707,55.0312,2015,6,18,1.0,1.7
-9.0377,53.2607,2015,6,18,0.0,1.0
-9.0387,53.254,2015,6,18,0.0,2.0
-9.0495,53.251,2015,6,18,0.0,2.0
-9.0453,53.268,2015,6,18,0.0,1.0
9.8238,54.9483,2015,6,18,1.0,2.8
-8.9695,53.258,2015,6,18,0.0,2.0
-9.0137,53.2522,2015,6,18,0.0,1.0
-9.034,53.2375,2015,6,18,0.0,1.0
-9.0602,53.2363,2015,6,18,0.0,1.0
-9.1542,53.2327,2015,6,18,0.0,2.0
-9.0812,53.2497,2015,6,18,0.0,1.0
-9.1063,53.2355,2015,6,18,0.0,1.0
-9.215,53.2393,2015,6,18,0.0,1.0
-9.0495,53.251,2015,6,18,0.0,1.0
-9.0387,53.254,2015,6,18,0.0,1.0
-9.0377,53.2607,2015,6,18,0.0,2.0
-9.0453,53.268,2015,6,18,0.0,1.0
21.3418,59.8052,2015,6,21,0.0,2.4
22.9802,63.9188,2015,6,22,0.0,3.0
11.7952,55.8662,2015,6,22,1.0,0.4
10.3085,56.9895,2015,6,22,0.0,6.2
21.9897,63.404,2015,6,22,0.0,2.5
10.5163,56.867,2015,6,22,1.0,0.4
8.1083,55.967,2015,6,22,1.0,1.6
10.7917,56.8567,2015,6,22,1.0,0.6
11.1563,56.1305,2015,6,22,1.0,0.91
8.2243,56.0778,2015,6,22,1.0,5.37
21.033,62.985,2015,6,22,0.0,3.2
-9.5428,52.4308,2015,6,22,0.25,4.5
-9.567,52.4217,2015,6,22,0.47,81.3
-9.6372,52.4322,2015,6,22,0.49,34.5
-9.6372,52.4322,2015,6,22,0.43,15.8
-9.597,52.4357,2015,6,22,0.42,24.5
-9.6257,52.4467,2015,6,22,0.43,31.3
-9.6257,52.4467,2015,6,22,0.42,9.8
-9.627,52.4565,2015,6,22,0.44,8.7
-9.627,52.4565,2015,6,22,0.37,7.0
-9.6332,52.4693,2015,6,22,0.4,5.9
-9.6332,52.4693,2015,6,22,0.42,6.4
-9.6377,52.4748,2015,6,22,0.36,8.8
-9.6377,52.4748,2015,6,22,0.35,13.4
-9.6817,52.483,2015,6,22,0.5,2.7
-9.6817,52.483,2015,6,22,0.4,2.0
-9.701,52.4862,2015,6,22,0.38,1.9
10.1603,54.9977,2015,6,23,1.0,1.52
10.5242,54.7532,2015,6,23,1.0,1.4
9.9153,57.6078,2015,6,23,1.0,4.9
9.9072,55.851,2015,6,23,2.8,6.7
10.4203,55.0293,2015,6,23,1.0,1.55
12.067,55.713,2015,6,23,1.0,0.7
18.403,54.728,2015,6,23,0.0,6.52
18.484,54.719,2015,6,23,0.0,1.15
18.483,54.647,2015,6,23,0.0,4.2
-9.9357,52.097,2015,6,23,0.34,1.7
-9.9357,52.097,2015,6,23,0.58,1.4
-9.7855,52.1258,2015,6,23,0.28,16.6
-9.917,52.1227,2015,6,23,0.34,2.2
-9.917,52.1227,2015,6,23,0.53,1.2
-9.8992,52.1402,2015,6,23,0.4,2.9
-9.8992,52.1402,2015,6,23,0.47,2.7
-9.7858,52.15,2015,6,23,0.29,7.7
-9.817,52.1537,2015,6,23,0.34,6.9
-9.817,52.1537,2015,6,23,0.54,6.3
-9.8565,52.1545,2015,6,23,0.38,4.5
-9.8565,52.1545,2015,6,23,0.37,3.6
22.4395,63.5887,2015,6,24,0.0,12.0
10.2107,56.4738,2015,6,24,1.0,33.0
21.3243,62.3408,2015,6,24,0.0,6.0
21.3942,62.8957,2015,6,24,0.0,6.8
-9.3887,51.4548,2015,6,24,0.29,2.7
-9.4992,51.4568,2015,6,24,0.26,2.2
-9.4447,51.4775,2015,6,24,0.24,1.6
-9.5462,51.467,2015,6,24,0.28,2.5
-9.3748,51.484,2015,6,24,0.3,1.9
-9.3748,51.484,2015,6,24,0.26,1.5
-9.4183,51.4892,2015,6,24,0.48,1.6
-9.4183,51.4892,2015,6,24,0.11,1.4
-9.5278,51.5037,2015,6,24,0.3,1.2
-9.428,51.5265,2015,6,24,0.3,0.4
-9.428,51.5265,2015,6,24,0.31,0.8
10.8022,55.066,2015,6,25,1.0,1.79
8.549,55.337,2015,6,25,1.0,3.0
9.561,56.9417,2015,6,25,0.6,33.0
11.1702,55.4612,2015,6,25,1.0,9.7
10.8622,55.5077,2015,6,25,1.0,1.16
8.3445,55.5122,2015,6,25,1.0,4.4
-6.684,55.1487,2015,6,25,1.0,37.4
18.419,54.797,2015,6,25,0.0,5.29
-9.3748,51.484,2015,6,25,0.32,2.9
-9.3748,51.484,2015,6,25,0.34,2.5
-9.4075,51.4975,2015,6,25,0.26,2.9
-9.4075,51.4975,2015,6,25,0.31,2.7
-9.4183,51.4892,2015,6,25,0.22,2.9
-9.3775,51.5108,2015,6,25,0.28,4.4
-9.3775,51.5108,2015,6,25,0.36,2.9
-9.368,51.5275,2015,6,25,0.24,7.9
-9.368,51.5275,2015,6,25,0.23,4.7
-9.2982,51.5495,2015,6,25,0.2,11.4
-9.3192,51.535,2015,6,25,0.33,23.6
-9.3192,51.535,2015,6,25,0.25,14.9
-9.2857,51.552,2015,6,25,0.18,4.5
10.5322,55.6027,2015,6,29,1.0,1.49
21.9532,60.2557,2015,6,29,0.0,1.1
10.567,55.4517,2015,6,29,1.0,4.0
18.233,58.583,2015,6,29,0.0,2.4
10.5192,55.4792,2015,6,29,3.6,5.49
10.0903,55.6743,2015,6,29,1.0,1.16
9.0758,56.6208,2015,6,29,2.4,11.0
11.2822,55.2483,2015,6,29,1.0,8.3
11.4643,55.2053,2015,6,29,1.0,0.5
9.2925,56.5958,2015,6,29,1.0,34.0
14.282,53.9227,2015,6,29,0.0,19.6
-9.8033,54.2717,2015,6,29,0.0,1.0
11.678,55.1968,2015,6,29,1.0,3.5
14.2353,53.9435,2015,6,29,0.0,9.2
14.245,53.964,2015,6,29,0.0,9.0
-9.8067,54.2853,2015,6,29,0.0,1.0
14.233,54.006,2015,6,29,0.0,4.2
-9.8032,54.1455,2015,6,29,0.0,2.0
-9.8155,54.1382,2015,6,29,0.0,1.0
-9.8938,54.0727,2015,6,29,0.0,1.0
-9.8703,54.0687,2015,6,29,0.0,1.0
-9.8942,54.0485,2015,6,29,0.0,1.0
-9.8323,54.067,2015,6,29,0.0,1.0
-9.8455,54.0735,2015,6,29,0.0,1.0
20.317,58.883,2015,6,29,0.0,2.6
-8.6725,51.6258,2015,6,29,0.0,3.7
-8.768,51.633,2015,6,29,0.0,1.7
-8.6738,51.6423,2015,6,29,0.0,4.4
-8.6735,51.636,2015,6,29,0.0,3.5
-8.6963,51.6357,2015,6,29,0.0,3.4
-8.686,51.6382,2015,6,29,0.0,4.2
-8.7163,51.6397,2015,6,29,0.0,4.7
-8.7102,51.6355,2015,6,29,0.0,3.3
-8.7368,51.6382,2015,6,29,0.0,3.9
-8.7628,51.6445,2015,6,29,0.0,63.1
-8.7628,51.6445,2015,6,29,0.0,59.8
-8.7627,51.6417,2015,6,29,0.0,19.0
-8.7627,51.6417,2015,6,29,0.0,17.8
-8.7518,51.6453,2015,6,29,0.0,8.8
10.2568,55.0755,2015,6,30,1.0,1.63
12.4233,55.4933,2015,6,30,1.0,0.6
22.9802,63.9188,2015,6,30,0.0,2.7
9.9737,56.6627,2015,6,30,1.0,35.1
12.1538,55.1827,2015,6,30,1.0,0.3
9.0625,56.954,2015,6,30,1.0,3.24
10.3913,56.0442,2015,6,30,1.0,0.4
12.0538,55.161,2015,6,30,1.0,4.38
10.3187,56.1547,2015,6,30,1.0,0.73
12.2332,55.0132,2015,6,30,1.0,7.5
10.3687,56.2427,2015,6,30,1.0,0.5
9.7632,55.4588,2015,6,30,1.0,1.48
11.5867,55.118,2015,6,30,1.0,0.3
14.728,54.04,2015,6,30,0.0,6.6
-9.1383,54.1323,2015,6,30,0.0,9.0
-9.138,54.1382,2015,6,30,0.0,6.0
14.498,53.981,2015,6,30,0.0,5.7
-9.1397,54.1495,2015,6,30,0.0,19.0
-9.1383,54.1607,2015,6,30,0.0,8.0
-9.1375,54.1708,2015,6,30,0.0,5.0
-9.131,54.1933,2015,6,30,0.0,5.0
-9.138,54.1857,2015,6,30,0.0,8.0
14.7277,54.0225,2015,6,30,0.0,14.8
-9.1355,54.201,2015,6,30,0.0,6.0
-9.1405,54.2072,2015,6,30,0.0,17.0
-9.1383,54.1607,2015,6,30,0.0,7.0
-9.1375,54.1708,2015,6,30,0.0,8.0
-9.1383,54.1323,2015,6,30,0.0,3.0
-9.1402,54.1293,2015,6,30,0.0,2.0
-9.1425,54.1258,2015,6,30,0.0,2.0
-9.1397,54.1495,2015,6,30,0.0,17.0
-9.138,54.1382,2015,6,30,0.0,2.0
-8.5113,51.6665,2015,6,30,0.0,8.6
-8.5082,51.6737,2015,6,30,0.0,10.6
-8.501,51.6913,2015,6,30,0.0,15.9
-8.501,51.6913,2015,6,30,0.0,9.0
-8.5322,51.6928,2015,6,30,0.0,28.4
-8.5322,51.6928,2015,6,30,0.0,14.8
-8.5803,51.6955,2015,6,30,0.0,52.0
-8.5142,51.7023,2015,6,30,0.0,28.5
-8.5142,51.7023,2015,6,30,0.0,9.7
-8.5518,51.7017,2015,6,30,0.0,73.1
-8.601,51.7068,2015,6,30,0.0,54.0
-8.6128,51.723,2015,6,30,0.0,30.0
-8.6297,51.729,2015,6,30,0.0,40.1
-8.632,51.7458,2015,6,30,0.0,19.6
-8.634,51.7372,2015,6,30,0.0,15.5
-8.64,51.753,2015,6,30,0.0,14.1
9.9153,57.6078,2015,7,1,1.0,0.7
17.617,58.8,2015,7,1,0.0,2.2
10.7717,55.2977,2015,7,1,0.5,23.7
11.8723,54.6272,2015,7,1,1.0,0.71
11.1563,56.1305,2015,7,1,1.0,0.7
11.51,54.8753,2015,7,1,1.0,0.3
11.8572,55.9978,2015,7,1,1.0,1.7
9.4707,55.0312,2015,7,1,1.0,0.5
-8.4825,54.278,2015,7,1,0.0,4.0
-8.493,54.285,2015,7,1,0.0,8.0
-8.4992,54.2903,2015,7,1,0.0,4.0
-8.516,54.2993,2015,7,1,0.0,2.0
-8.5395,54.2998,2015,7,1,0.0,2.0
-8.5768,54.3043,2015,7,1,0.0,1.0
-8.651,54.3138,2015,7,1,0.0,1.0
-8.6043,54.3188,2015,7,1,0.0,1.0
-8.617,54.3273,2015,7,1,0.0,1.0
9.8245,54.8373,2015,7,1,1.0,0.6
-8.6402,54.2647,2015,7,1,0.0,1.0
-8.4235,51.901,2015,7,1,0.0,11.4
-8.4825,54.278,2015,7,1,0.0,8.0
-8.493,54.285,2015,7,1,0.0,11.0
-8.4992,54.2903,2015,7,1,0.0,7.0
-8.516,54.2993,2015,7,1,0.0,2.0
-8.5395,54.2998,2015,7,1,0.0,1.0
-8.5768,54.3043,2015,7,1,0.0,1.0
-8.2745,51.7747,2015,7,1,0.0,2.2
-8.2652,51.7898,2015,7,1,0.0,2.2
-8.269,51.8105,2015,7,1,0.0,2.7
-8.2633,51.8367,2015,7,1,0.0,4.3
-8.3127,51.8378,2015,7,1,0.0,9.2
-8.3127,51.8378,2015,7,1,0.0,7.1
-8.3362,51.8778,2015,7,1,0.0,12.2
-8.3565,51.8867,2015,7,1,0.0,10.6
-8.3565,51.8867,2015,7,1,0.0,7.8
-8.39,51.8983,2015,7,1,0.0,7.6
-8.459,51.8995,2015,7,1,0.0,3.1
-8.459,51.8995,2015,7,1,0.0,4.2
-8.4025,51.901,2015,7,1,0.0,4.8
-8.4235,51.901,2015,7,1,0.0,6.0
-8.4463,51.902,2015,7,1,0.0,4.1
22.9282,63.9612,2015,7,2,0.0,1.9
10.3743,55.0628,2015,7,2,0.5,3.84
12.2955,54.976,2015,7,2,1.0,0.7
22.9888,63.8782,2015,7,2,0.0,4.1
12.75,55.867,2015,7,2,1.0,0.64
10.7028,54.8858,2015,7,2,1.0,0.3
10.1603,54.9977,2015,7,2,1.0,0.8
10.4203,55.0293,2015,7,2,1.0,1.73
8.1083,55.967,2015,7,2,1.0,3.1
-7.8417,51.9482,2015,7,2,0.0,13.5
-7.8603,51.888,2015,7,2,0.0,1.2
-7.839,51.9123,2015,7,2,0.0,2.4
-7.8353,51.927,2015,7,2,0.0,3.5
-7.786,51.941,2015,7,2,0.0,1.4
-7.8417,51.9482,2015,7,2,0.0,6.3
-7.8465,51.9662,2015,7,2,0.0,28.2
-7.865,51.984,2015,7,2,0.0,56.3
-7.865,51.984,2015,7,2,0.0,44.6
-7.8823,51.9958,2015,7,2,0.0,29.5
-7.8553,52.0135,2015,7,2,0.0,24.5
-7.8553,52.0135,2015,7,2,0.0,40.3
-7.8527,52.0307,2015,7,2,0.0,24.5
-7.8492,52.0488,2015,7,2,0.0,45.8
-7.8492,52.0488,2015,7,2,0.0,13.3
-7.8723,52.0652,2015,7,2,0.0,19.5
-7.883,52.0827,2015,7,2,0.0,15.0
-7.8623,52.0873,2015,7,2,0.0,16.0
-7.867,52.1095,2015,7,2,0.0,11.8
-7.8548,52.1198,2015,7,2,0.0,8.5
21.3418,59.8052,2015,7,5,0.0,2.1
12.107,57.137,2015,7,5,0.0,0.1
12.05,57.407,2015,7,5,0.0,0.4
22.4395,63.5887,2015,7,6,0.0,10.0
10.567,55.4517,2015,7,6,1.0,5.11
10.5192,55.4792,2015,7,6,2.5,5.25
11.4643,55.2053,2015,7,6,1.0,2.66
14.623,53.848,2015,7,6,0.0,29.1
14.282,53.859,2015,7,6,0.0,37.6
14.398,53.883,2015,7,6,0.0,42.4
-6.437,52.3258,2015,7,6,0.0,9.3
-6.4487,52.3353,2015,7,6,0.0,14.2
-6.4602,52.3418,2015,7,6,0.0,14.6
-6.4702,52.3462,2015,7,6,0.0,16.0
-6.4712,52.3615,2015,7,6,0.0,19.5
-6.5122,52.3517,2015,7,6,0.0,35.7
-6.5688,52.384,2015,7,6,0.0,83.0
-6.5653,52.4232,2015,7,6,0.0,32.5
19.585,54.373,2015,7,7,0.0,44.7
12.2955,54.976,2015,7,7,1.0,4.6
11.103,58.868,2015,7,7,0.0,0.8
10.0752,55.166,2015,7,7,1.0,3.86
10.3085,56.9895,2015,7,7,0.0,2.9
10.2107,56.4738,2015,7,7,1.0,10.0
10.5163,56.867,2015,7,7,1.0,0.4
8.1083,55.967,2015,7,7,1.0,7.2
9.533,55.2497,2015,7,7,1.0,13.0
11.7705,55.0685,2015,7,7,1.0,1.97
11.907,57.692,2015,7,7,0.0,2.1
10.7917,56.8567,2015,7,7,1.0,1.22
9.5868,55.3665,2015,7,7,1.0,11.3
11.687,57.667,2015,7,7,0.0,1.7
8.2243,56.0778,2015,7,7,1.2,12.3
-8.4397,54.633,2015,7,7,0.0,1.0
-8.4303,54.6423,2015,7,7,0.0,1.0
-8.4397,54.635,2015,7,7,0.0,1.0
-8.435,54.6357,2015,7,7,0.0,1.0
12.067,55.713,2015,7,7,1.0,3.8
9.9072,55.851,2015,7,7,1.0,5.7
-8.4633,54.5958,2015,7,7,0.0,1.0
-8.4373,54.6317,2015,7,7,0.0,2.0
-8.4355,54.628,2015,7,7,0.0,1.0
-8.4398,54.6218,2015,7,7,0.0,1.0
15.065,54.113,2015,7,7,0.0,4.7
-8.4062,54.6122,2015,7,7,0.0,1.0
-8.4443,54.6052,2015,7,7,0.0,1.0
15.291,54.167,2015,7,7,0.0,4.3
15.557,54.204,2015,7,7,0.0,4.1
-8.3872,54.619,2015,7,7,0.0,1.0
11.81,58.1092,2015,7,7,0.0,2.6
-8.4397,54.633,2015,7,7,0.0,2.0
-8.4373,54.6317,2015,7,7,0.0,4.0
-8.4355,54.628,2015,7,7,0.0,1.0
-8.4303,54.6423,2015,7,7,0.0,1.0
-8.4397,54.635,2015,7,7,0.0,1.0
-8.435,54.6357,2015,7,7,0.0,1.0
-8.4398,54.6218,2015,7,7,0.0,1.0
11.58,58.23,2015,7,7,0.0,2.3
-7.2233,52.2415,2015,7,7,0.0,17.3
-7.0302,52.2665,2015,7,7,0.0,12.8
-7.0522,52.2563,2015,7,7,0.0,9.4
-7.0878,52.2517,2015,7,7,0.0,8.9
-7.119,52.2642,2015,7,7,0.0,15.5
-7.2422,52.2622,2015,7,7,0.0,16.1
-6.9883,52.2745,2015,7,7,0.0,14.1
-7.1642,52.277,2015,7,7,0.0,19.4
-7.1642,52.277,2015,7,7,0.0,11.0
-7.2857,52.2898,2015,7,7,0.0,19.9
-7.317,52.3273,2015,7,7,0.0,51.2
-7.4197,52.3468,2015,7,7,0.0,7.4
10.7028,54.8858,2015,7,8,1.0,1.39
11.627,58.393,2015,7,8,0.0,4.5
23.2628,59.7768,2015,7,8,0.0,3.3
11.433,58.258,2015,7,8,0.0,1.8
10.3743,55.0628,2015,7,8,0.5,9.54
20.9465,60.15,2015,7,8,0.0,2.9
8.2107,56.3433,2015,7,8,1.0,0.6
11.403,58.343,2015,7,8,0.0,1.5
21.3982,60.0942,2015,7,8,0.0,3.9
11.24,58.353,2015,7,8,0.0,1.2
14.525,53.673,2015,7,8,0.0,21.7
-7.5522,55.0767,2015,7,8,0.0,1.0
-7.5245,55.0938,2015,7,8,0.0,1.0
21.658,59.9377,2015,7,8,0.0,3.8
-7.4857,55.0483,2015,7,8,0.0,4.0
-7.5078,55.0433,2015,7,8,0.0,1.0
-7.5447,55.0405,2015,7,8,0.0,2.0
-7.5578,55.0592,2015,7,8,0.0,1.0
-7.5783,55.0117,2015,7,8,0.0,1.0
-7.5443,55.0253,2015,7,8,0.0,1.0
14.533,53.778,2015,7,8,0.0,36.7
-7.7137,54.9487,2015,7,8,0.0,2.0
-7.6832,54.9568,2015,7,8,0.0,3.0
-7.699,54.9533,2015,7,8,0.0,15.0
14.406,53.762,2015,7,8,0.0,17.2
14.31,53.785,2015,7,8,0.0,15.9
-7.6603,54.9642,2015,7,8,0.0,2.0
-7.6393,54.9827,2015,7,8,0.0,3.0
-7.6117,55.0,2015,7,8,0.0,6.0
-7.6325,55.0463,2015,7,8,0.0,2.0
-7.617,55.0543,2015,7,8,0.0,1.0
-7.5018,55.1145,2015,7,8,0.0,4.0
-117.305,32.957,2015,7,8,1.99,0.32
-117.28,32.95,2015,7,8,1.99,1.01
-117.463,33.247,2015,7,8,1.99,0.3
-6.9853,52.1438,2015,7,8,0.0,2.7
-6.9187,52.1523,2015,7,8,0.0,6.4
-6.9488,52.1522,2015,7,8,0.0,5.2
-6.9708,52.1623,2015,7,8,0.0,2.7
-6.9277,52.1792,2015,7,8,0.0,5.9
-6.936,52.1997,2015,7,8,0.0,5.9
-6.9468,52.221,2015,7,8,0.0,5.9
-6.9607,52.2392,2015,7,8,0.0,10.6
-6.9917,52.2583,2015,7,8,0.0,13.4
-7.0302,52.2665,2015,7,8,0.0,13.3
-6.9883,52.2745,2015,7,8,0.0,16.1
-117.395,32.913,2015,7,9,0.99,0.24
-117.532,32.847,2015,7,9,1.99,0.17
10.7717,55.2977,2015,7,9,0.5,27.0
-117.873,32.68,2015,7,9,1.99,0.19
-8.1995,54.501,2015,7,9,0.0,1.0
9.561,56.9417,2015,7,9,0.6,32.0
-8.2087,54.5045,2015,7,9,0.0,1.0
-8.2373,54.5043,2015,7,9,0.0,1.0
-8.2545,54.5108,2015,7,9,0.0,1.0
-8.2705,54.5152,2015,7,9,0.0,1.0
-8.1307,54.6443,2015,7,9,0.0,2.0
-8.1488,54.6362,2015,7,9,0.0,1.0
-8.1142,54.651,2015,7,9,0.0,1.0
-8.1943,54.501,2015,7,9,0.0,1.0
-8.1902,54.501,2015,7,9,0.0,1.0
-8.134,54.6055,2015,7,9,0.0,2.0
-8.136,54.632,2015,7,9,0.0,1.0
-8.134,54.6203,2015,7,9,0.0,1.0
18.9683,54.383,2015,7,9,0.0,13.18
-118.213,32.513,2015,7,9,1.99,0.26
-8.1995,54.501,2015,7,9,0.0,1.0
-8.2087,54.5045,2015,7,9,0.0,2.0
-8.2373,54.5043,2015,7,9,0.0,1.0
-8.134,54.6055,2015,7,9,0.0,1.0
-8.134,54.6203,2015,7,9,0.0,1.0
-8.136,54.632,2015,7,9,0.0,2.0
-8.1488,54.6362,2015,7,9,0.0,1.0
-8.1307,54.6443,2015,7,9,0.0,2.0
-8.1142,54.651,2015,7,9,0.0,1.0
19.4958,54.4158,2015,7,9,0.0,4.89
-118.555,32.347,2015,7,9,1.99,0.15
-7.0058,52.2818,2015,7,9,0.0,11.3
-7.0058,52.2818,2015,7,9,0.0,8.6
-7.017,52.2947,2015,7,9,0.0,10.9
-7.017,52.2947,2015,7,9,0.0,6.3
-7.0063,52.3062,2015,7,9,0.0,8.3
-7.0063,52.3062,2015,7,9,0.0,9.2
-6.9915,52.3323,2015,7,9,0.0,9.8
-6.9923,52.3547,2015,7,9,0.0,16.8
-6.9923,52.3547,2015,7,9,0.0,10.2
-6.972,52.367,2015,7,9,0.0,50.3
-6.9518,52.3967,2015,7,9,0.0,29.5
-6.9518,52.3967,2015,7,9,0.0,24.6
-6.9457,52.4133,2015,7,9,0.0,35.7
-6.9367,52.4208,2015,7,9,0.0,23.3
-7.0083,52.4268,2015,7,9,0.0,67.7
-118.893,32.18,2015,7,11,1.99,0.18
-119.233,32.01,2015,7,11,1.99,0.18
-119.57,31.847,2015,7,11,1.99,0.12
-120.247,31.513,2015,7,12,1.99,0.08
-120.92,31.18,2015,7,12,1.99,0.08
-121.59,30.847,2015,7,12,1.99,0.08
-122.25,30.513,2015,7,12,1.99,0.08
-122.923,30.18,2015,7,12,2.98,0.07
-123.587,29.847,2015,7,13,1.99,0.1
21.9532,60.2557,2015,7,13,0.0,4.0
25.6352,60.183,2015,7,13,0.0,5.8
10.3913,56.0442,2015,7,13,1.0,0.7
12.4233,55.4933,2015,7,13,1.0,0.9
22.5057,60.3142,2015,7,13,0.0,17.0
18.233,58.583,2015,7,13,0.0,5.5
10.3187,56.1547,2015,7,13,1.0,1.05
8.351,55.3375,2015,7,13,1.0,1.0
22.4272,60.254,2015,7,13,0.0,8.0
21.4415,61.7258,2015,7,13,0.0,8.6
12.75,55.867,2015,7,13,1.0,0.8
8.1083,55.967,2015,7,13,1.0,1.7
-123.998,30.418,2015,7,13,1.99,0.09
10.3687,56.2427,2015,7,13,1.0,0.6
12.6375,55.9243,2015,7,13,1.0,2.29
10.7917,56.8567,2015,7,13,1.0,0.78
14.2972,55.65,2015,7,13,0.5,0.8
-123.332,30.752,2015,7,13,1.99,0.13
3.1875,51.375,2015,7,13,3.0,7.6
-122.652,31.085,2015,7,13,1.99,0.07
-6.3052,53.9457,2015,7,13,0.0,2.2
-6.2823,53.9608,2015,7,13,0.0,2.1
-6.2557,53.972,2015,7,13,0.0,4.9
-6.2968,53.9743,2015,7,13,0.0,16.8
-6.2968,53.9743,2015,7,13,0.0,2.6
-6.311,53.985,2015,7,13,0.0,3.2
-6.328,54.004,2015,7,13,0.0,20.4
-6.328,54.004,2015,7,13,0.0,5.3
-6.3493,54.009,2015,7,13,0.0,10.5
-6.3493,54.009,2015,7,13,0.0,5.8
-6.3412,54.0087,2015,7,13,0.0,6.8
-6.3643,54.0075,2015,7,13,0.0,26.6
-6.388,54.0082,2015,7,13,0.0,6.0
-6.4032,54.0122,2015,7,13,0.0,32.0
-121.99,31.418,2015,7,14,1.99,0.07
17.617,58.8,2015,7,14,0.0,3.0
11.8572,55.9978,2015,7,14,1.0,0.4
10.3085,56.9895,2015,7,14,0.0,2.0
10.2107,56.4738,2015,7,14,1.0,6.8
8.3445,55.5122,2015,7,14,1.0,2.8
11.8723,54.6272,2015,7,14,1.0,0.3
11.8273,54.7093,2015,7,14,1.0,0.6
9.0758,56.6208,2015,7,14,2.4,4.7
10.745,57.3,2015,7,14,1.0,0.4
-121.315,31.752,2015,7,14,1.99,0.1
10.8622,55.5077,2015,7,14,1.0,1.3
11.51,54.8753,2015,7,14,1.0,7.3
9.2925,56.5958,2015,7,14,1.0,13.0
15.8187,56.0815,2015,7,14,0.5,3.0
-120.638,32.085,2015,7,14,2.98,0.11
-119.96,32.418,2015,7,14,2.98,0.2
2.858,51.225,2015,7,14,3.0,4.8
2.67,51.168,2015,7,14,3.0,4.2
-6.2202,53.7063,2015,7,14,0.0,4.0
-6.3437,53.715,2015,7,14,0.0,30.5
-6.3437,53.715,2015,7,14,0.0,41.3
-6.2222,53.7185,2015,7,14,0.0,4.5
-6.251,53.7243,2015,7,14,0.0,8.7
-6.251,53.7243,2015,7,14,0.0,6.2
-6.2688,53.7318,2015,7,14,0.0,4.9
-6.2688,53.7318,2015,7,14,0.0,7.1
-6.288,53.7243,2015,7,14,0.0,6.9
-6.288,53.7243,2015,7,14,0.0,4.2
-6.3098,53.7203,2015,7,14,0.0,9.8
-6.3098,53.7203,2015,7,14,0.0,5.0
-6.3098,53.7203,2015,7,14,4.5,6.0
-6.3292,53.718,2015,7,14,0.0,17.6
-6.3292,53.718,2015,7,14,0.0,4.3
-6.2293,53.734,2015,7,14,0.0,5.7
-119.482,32.652,2015,7,15,2.98,0.29
9.0625,56.954,2015,7,15,1.0,4.49
11.3253,55.111,2015,7,15,1.0,0.6
11.5867,55.118,2015,7,15,1.0,0.9
9.9072,55.851,2015,7,15,1.0,4.0
9.6292,57.035,2015,7,15,1.0,2.1
-118.935,32.918,2015,7,15,1.99,0.27
12.2332,55.0132,2015,7,15,1.0,4.8
-6.0767,53.3565,2015,7,15,0.0,3.7
-6.1108,53.3517,2015,7,15,0.0,2.7
12.1538,55.1827,2015,7,15,1.0,0.3
16.5645,57.0982,2015,7,15,0.5,2.5
-6.1152,53.3033,2015,7,15,0.0,2.7
-6.0802,53.3247,2015,7,15,0.0,2.7
12.0538,55.161,2015,7,15,1.0,7.7
-6.1162,53.3317,2015,7,15,0.0,2.8
-6.1387,53.3185,2015,7,15,0.0,3.4
-6.137,53.333,2015,7,15,0.0,2.9
14.8237,56.1115,2015,7,15,0.5,0.7
-6.1367,53.35,2015,7,15,0.0,2.7
-118.387,33.185,2015,7,15,1.99,0.13
-6.1387,53.3185,2015,7,15,0.0,2.3
-6.137,53.333,2015,7,15,0.0,4.0
-6.1108,53.3517,2015,7,15,0.0,3.3
-6.1367,53.35,2015,7,15,0.0,2.9
-118.25,33.252,2015,7,15,1.99,0.15
-117.905,33.417,2015,7,15,1.99,0.31
-117.768,33.485,2015,7,16,1.99,0.31
-117.747,33.495,2015,7,16,1.99,0.52
-118.082,33.675,2015,7,16,1.99,0.36
8.4148,56.601,2015,7,16,1.0,3.4
21.2097,61.5868,2015,7,16,0.0,2.2
22.9282,63.9612,2015,7,16,0.0,1.4
9.533,55.2497,2015,7,16,1.0,49.0
11.2822,55.2483,2015,7,16,1.0,10.6
-118.443,33.888,2015,7,16,1.99,0.43
21.2713,61.6352,2015,7,16,0.0,1.2
22.9888,63.8782,2015,7,16,0.0,6.6
16.501,56.7723,2015,7,16,0.5,1.8
-118.49,33.89,2015,7,16,1.99,0.37
11.4643,55.2053,2015,7,16,1.0,3.8
-6.273,53.3452,2015,7,16,0.0,3.1
-6.2917,53.3473,2015,7,16,0.0,22.6
9.837,56.6427,2015,7,16,1.0,8.6
9.8792,56.6493,2015,7,16,1.0,5.0
-118.628,33.823,2015,7,16,1.99,0.23
-6.1952,53.3438,2015,7,16,0.0,5.1
-6.2248,53.3455,2015,7,16,0.0,3.4
-6.2517,53.3478,2015,7,16,0.0,4.0
-6.1742,53.343,2015,7,16,0.0,2.5
-6.2105,53.3573,2015,7,16,0.0,4.9
-6.2292,53.3588,2015,7,16,0.0,6.4
-6.149,53.343,2015,7,16,0.0,3.5
-6.191,53.3535,2015,7,16,0.0,3.6
-118.975,33.657,2015,7,16,2.98,0.18
-6.1952,53.3438,2015,7,16,0.0,3.0
-6.2517,53.3478,2015,7,16,0.0,13.4
-6.149,53.343,2015,7,16,0.0,0.5
-6.1742,53.343,2015,7,16,0.0,3.4
-119.32,33.49,2015,7,16,1.99,0.34
-119.662,33.323,2015,7,17,1.99,1.0
-120.01,33.157,2015,7,17,1.99,0.29
-120.35,32.99,2015,7,18,1.99,0.14
-119.323,34.258,2015,7,19,1.99,0.65
-119.412,34.225,2015,7,19,1.99,0.72
-119.508,34.178,2015,7,19,1.99,1.12
-119.8,34.402,2015,7,19,1.99,1.94
-120.025,34.275,2015,7,19,1.99,1.52
-120.487,34.468,2015,7,19,1.99,1.46
-120.523,34.45,2015,7,19,1.99,1.25
-120.778,35.088,2015,7,19,1.99,3.14
-120.918,35.022,2015,7,20,2.98,0.41
-121.198,34.888,2015,7,20,1.99,0.3
21.0942,60.5952,2015,7,20,0.0,1.9
10.5322,55.6027,2015,7,20,1.0,1.36
8.351,55.3375,2015,7,20,1.0,1.6
-121.553,34.722,2015,7,20,2.98,0.47
-9.6703,53.6157,2015,7,20,0.0,2.0
10.0903,55.6743,2015,7,20,1.0,3.6
18.344,54.843,2015,7,20,0.0,5.7
-9.7048,53.5977,2015,7,20,0.0,1.0
-9.685,53.6078,2015,7,20,0.0,1.0
-9.72,53.6,2015,7,20,0.0,2.0
21.5887,60.3625,2015,7,20,0.0,5.2
-9.754,53.6,2015,7,20,0.0,3.0
-9.782,53.6,2015,7,20,0.0,1.0
-9.8243,53.616,2015,7,20,0.0,1.0
-122.247,34.388,2015,7,20,1.99,0.38
17.8305,54.817,2015,7,20,0.0,4.74
-122.942,34.055,2015,7,20,1.99,0.12
-123.633,33.723,2015,7,21,3.97,0.18
22.9802,63.9188,2015,7,21,0.0,2.8
9.6687,55.7043,2015,7,21,1.0,2.69
23.2628,59.7768,2015,7,21,0.0,4.8
-123.907,32.817,2015,7,21,2.98,0.11
23.2755,59.817,2015,7,21,0.0,6.0
19.88,58.0,2015,7,21,0.0,5.3
21.033,62.985,2015,7,21,0.0,2.2
14.282,53.9227,2015,7,21,0.0,13.0
14.2353,53.9435,2015,7,21,0.0,8.2
-8.939,53.1447,2015,7,21,0.0,1.0
-8.9402,53.1483,2015,7,21,0.0,1.0
-8.948,53.1583,2015,7,21,0.0,4.0
14.245,53.964,2015,7,21,0.0,9.1
14.233,54.006,2015,7,21,0.0,8.4
-8.9647,53.1613,2015,7,21,0.0,2.0
-8.9565,53.1665,2015,7,21,0.0,1.0
-8.9657,53.1718,2015,7,21,0.0,2.0
21.9897,63.404,2015,7,21,0.0,2.7
-8.9445,53.1663,2015,7,21,0.0,2.0
-123.222,33.15,2015,7,21,1.99,0.2
20.05,57.33,2015,7,21,0.0,2.3
-8.939,53.1447,2015,7,21,0.0,1.0
-8.9402,53.1483,2015,7,21,0.0,1.0
-8.948,53.1583,2015,7,21,0.0,1.0
-8.9445,53.1663,2015,7,21,0.0,1.0
-8.9565,53.1665,2015,7,21,0.0,1.0
-8.9647,53.1613,2015,7,21,0.0,1.0
-8.9657,53.1718,2015,7,21,0.0,2.0
-8.9612,53.1765,2015,7,21,0.0,1.0
-122.533,33.483,2015,7,21,2.98,0.12
19.58,56.63,2015,7,21,0.0,2.1
-8.9863,53.1623,2015,7,21,0.0,1.0
-121.843,33.817,2015,7,22,2.98,0.14
18.4,55.555,2015,7,22,0.0,2.9
-121.15,34.152,2015,7,22,1.99,0.19
18.572,54.517,2015,7,22,0.0,4.52
-9.5713,53.902,2015,7,22,0.0,1.0
9.8245,54.8373,2015,7,22,1.0,2.9
-120.802,34.317,2015,7,22,1.99,0.58
14.728,54.04,2015,7,22,0.0,7.9
18.577,54.483,2015,7,22,0.0,6.0
16.125,54.295,2015,7,22,0.0,5.8
-9.5855,53.8875,2015,7,22,0.0,1.0
9.8238,54.9483,2015,7,22,1.0,3.7
14.498,53.981,2015,7,22,0.0,7.7
-9.6033,53.8805,2015,7,22,0.0,1.0
-9.558,53.886,2015,7,22,0.0,1.0
-9.5797,53.884,2015,7,22,0.0,1.0
14.7277,54.0225,2015,7,22,0.0,25.2
16.361,54.451,2015,7,22,0.0,5.0
-9.5807,53.7975,2015,7,22,0.0,2.0
-9.6017,53.7955,2015,7,22,0.0,1.0
15.98,55.25,2015,7,22,0.0,2.4
9.4707,55.0312,2015,7,22,1.0,4.0
18.558,54.619,2015,7,22,0.0,5.11
-9.6153,53.8023,2015,7,22,0.0,1.0
-9.6477,53.8088,2015,7,22,0.0,1.0
-9.6633,53.8237,2015,7,22,0.0,1.0
-9.6415,53.8628,2015,7,22,0.0,1.0
-9.667,53.8642,2015,7,22,0.0,1.0
-9.6033,53.8805,2015,7,22,0.0,1.0
-9.558,53.886,2015,7,22,0.0,1.0
-9.5797,53.884,2015,7,22,0.0,1.0
15.33,55.38,2015,7,22,0.0,2.8
18.6692,54.6688,2015,7,22,0.0,3.55
-120.133,33.878,2015,7,22,1.99,1.25
-120.408,33.745,2015,7,22,2.98,0.48
14.08,55.0,2015,7,22,0.0,2.6
-120.755,33.578,2015,7,22,1.99,0.19
13.3,55.0,2015,7,23,0.0,1.3
-121.443,33.245,2015,7,23,2.98,0.15
8.5763,55.0938,2015,7,23,1.0,1.57
21.08,55.56,2015,7,23,0.0,14.36
-6.684,55.1487,2015,7,23,1.0,15.18
21.05,55.74,2015,7,23,0.0,8.58
12.75,55.867,2015,7,23,0.0,0.7
10.1603,54.9977,2015,7,23,1.0,2.7
10.4203,55.0293,2015,7,23,1.0,3.49
8.2243,56.0778,2015,7,23,1.0,8.89
-122.128,32.912,2015,7,23,1.99,0.1
-9.0377,53.2607,2015,7,23,0.0,1.0
-9.0387,53.254,2015,7,23,0.0,1.0
-9.0495,53.251,2015,7,23,0.0,2.0
-9.0453,53.268,2015,7,23,0.0,1.0
18.878,54.379,2015,7,23,0.0,6.56
-8.9695,53.258,2015,7,23,0.0,1.0
-9.0137,53.2522,2015,7,23,0.0,2.0
-9.034,53.2375,2015,7,23,0.0,1.0
-9.0602,53.2363,2015,7,23,0.0,1.0
-9.1063,53.2355,2015,7,23,0.0,1.0
12.117,56.667,2015,7,23,0.0,0.6
18.9683,54.383,2015,7,23,0.0,5.48
-9.1542,53.2327,2015,7,23,0.0,1.0
-9.215,53.2393,2015,7,23,0.0,1.0
-9.0812,53.2497,2015,7,23,0.0,2.0
12.2117,56.94,2015,7,23,0.0,0.6
18.817,54.49,2015,7,23,0.0,6.29
-9.0495,53.251,2015,7,23,0.0,3.0
-9.0387,53.254,2015,7,23,0.0,1.0
-9.0377,53.2607,2015,7,23,0.0,3.0
-9.0453,53.268,2015,7,23,0.0,2.0
-122.812,32.578,2015,7,23,1.99,0.11
11.67,57.192,2015,7,23,0.0,0.8
-123.493,32.245,2015,7,23,2.98,0.12
11.3,57.87,2015,7,23,0.0,0.7
10.513,58.275,2015,7,24,0.0,0.4
-123.07,31.657,2015,7,24,1.99,0.11
10.85,58.295,2015,7,24,0.0,0.6
-122.393,31.99,2015,7,24,1.99,0.07
11.03,58.337,2015,7,24,0.0,0.5
11.433,58.258,2015,7,24,0.0,0.5
-121.715,32.323,2015,7,24,1.99,0.1
-121.05,32.657,2015,7,24,1.99,0.17
12.117,56.667,2015,7,25,0.0,0.3
14.87,55.62,2015,7,25,0.0,1.6
16.202,56.3708,2015,7,26,0.0,3.0
17.67,57.12,2015,7,26,0.0,3.1
17.98,58.02,2015,7,26,0.0,3.0
10.8022,55.066,2015,7,27,1.0,2.74
11.8273,54.7093,2015,7,27,1.0,6.3
9.0758,56.6208,2015,7,27,2.6,8.6
10.8622,55.5077,2015,7,27,1.0,2.82
11.51,54.8753,2015,7,27,1.0,47.0
9.2925,56.5958,2015,7,27,4.6,18.0
17.5552,54.7795,2015,7,27,0.0,1.74
-9.5428,52.4308,2015,7,27,0.3,7.3
-9.5612,52.4232,2015,7,27,0.35,5.6
-9.567,52.4217,2015,7,27,0.28,3.3
-9.6372,52.4322,2015,7,27,0.31,20.4
-9.6372,52.4322,2015,7,27,0.38,16.3
-9.6372,52.4322,2015,7,27,0.38,3.3
-9.6372,52.4322,2015,7,27,1.97,9.6
-9.6372,52.4322,2015,7,27,1.97,2.9
-9.579,52.4438,2015,7,27,0.45,14.5
-9.597,52.4357,2015,7,27,0.45,39.2
-9.6257,52.4467,2015,7,27,0.28,14.9
-9.6257,52.4467,2015,7,27,1.0,17.9
-9.6257,52.4467,2015,7,27,0.38,10.0
-9.627,52.4565,2015,7,27,0.38,9.8
-9.627,52.4565,2015,7,27,0.22,9.1
-9.6332,52.4693,2015,7,27,0.3,6.0
-9.6332,52.4693,2015,7,27,0.79,5.9
-9.6377,52.4748,2015,7,27,0.68,7.3
-9.6377,52.4748,2015,7,27,0.38,5.8
-9.6817,52.483,2015,7,27,0.3,3.6
21.9532,60.2557,2015,7,28,0.0,5.2
10.5322,55.6027,2015,7,28,1.0,2.4
9.0625,56.954,2015,7,28,1.0,3.77
22.9282,63.9612,2015,7,28,0.0,1.1
18.233,58.583,2015,7,28,0.0,3.0
12.4233,55.4933,2015,7,28,1.0,2.2
23.2628,59.7768,2015,7,28,0.0,4.6
22.9888,63.8782,2015,7,28,0.0,7.0
9.9153,57.6078,2015,7,28,1.0,0.6
9.6292,57.035,2015,7,28,1.0,2.7
12.75,55.867,2015,7,28,1.0,1.2
8.5763,55.0938,2015,7,28,1.0,3.3
10.0903,55.6743,2015,7,28,1.0,2.69
12.067,55.713,2015,7,28,1.0,4.3
19.4958,54.4158,2015,7,28,0.0,8.14
20.317,58.883,2015,7,28,0.0,4.4
21.1295,62.3,2015,7,28,0.0,3.4
21.2882,62.3202,2015,7,28,0.0,4.0
21.3243,62.3408,2015,7,28,0.0,13.0
21.3942,62.8957,2015,7,28,0.0,24.0
-9.9357,52.097,2015,7,28,0.43,2.9
-9.9357,52.097,2015,7,28,0.46,2.8
-9.7855,52.1258,2015,7,28,0.11,5.9
-9.7855,52.1258,2015,7,28,0.12,7.4
-9.917,52.1227,2015,7,28,0.4,4.7
-9.917,52.1227,2015,7,28,0.4,1.8
-9.8992,52.1402,2015,7,28,0.33,5.7
-9.8992,52.1402,2015,7,28,0.36,2.0
-9.7858,52.15,2015,7,28,0.11,7.1
-9.7858,52.15,2015,7,28,0.14,21.1
-9.817,52.1537,2015,7,28,0.36,8.0
-9.817,52.1537,2015,7,28,0.38,5.2
-9.8565,52.1545,2015,7,28,0.36,10.7
-9.8565,52.1545,2015,7,28,0.36,3.7
9.6687,55.7043,2015,7,29,1.0,2.5
11.7952,55.8662,2015,7,29,1.0,0.6
9.9737,56.6627,2015,7,29,1.0,9.11
9.533,55.2497,2015,7,29,1.0,13.0
9.5868,55.3665,2015,7,29,1.0,2.62
11.1563,56.1305,2015,7,29,1.0,0.6
18.403,54.728,2015,7,29,0.0,3.78
18.484,54.719,2015,7,29,0.0,2.52
18.483,54.647,2015,7,29,0.0,5.55
22.4395,63.5887,2015,7,29,0.0,5.8
23.1028,63.9103,2015,7,29,0.0,6.6
22.9802,63.9188,2015,7,29,0.0,3.4
23.0662,63.9397,2015,7,29,0.0,3.2
22.9282,63.9612,2015,7,29,0.0,2.3
-9.3748,51.484,2015,7,29,0.38,5.0
-9.3748,51.484,2015,7,29,0.33,3.8
-9.4075,51.4975,2015,7,29,0.19,2.4
-9.4075,51.4975,2015,7,29,0.39,2.7
-9.4183,51.4892,2015,7,29,0.36,2.5
-9.3775,51.5108,2015,7,29,0.37,5.8
-9.3775,51.5108,2015,7,29,0.19,11.0
-9.368,51.5275,2015,7,29,0.32,8.7
-9.368,51.5275,2015,7,29,0.48,13.5
-9.2982,51.5495,2015,7,29,0.2,3.3
-9.3192,51.535,2015,7,29,0.42,8.9
-9.3192,51.535,2015,7,29,0.19,43.5
-9.2857,51.552,2015,7,29,0.14,2.4
11.3253,55.111,2015,7,30,1.0,1.9
17.617,58.8,2015,7,30,0.0,2.2
9.8245,54.8373,2015,7,30,1.0,3.4
11.5867,55.118,2015,7,30,1.0,1.6
12.2332,55.0132,2015,7,30,1.0,1.5
9.8238,54.9483,2015,7,30,1.0,7.6
12.0538,55.161,2015,7,30,1.4,6.3
18.419,54.797,2015,7,30,0.0,4.49
9.4707,55.0312,2015,7,30,1.0,5.8
-9.3887,51.4548,2015,7,30,0.37,3.3
-9.4992,51.4568,2015,7,30,0.22,2.3
-9.4447,51.4775,2015,7,30,0.19,2.0
-9.5462,51.467,2015,7,30,0.24,1.8
-9.3748,51.484,2015,7,30,0.16,3.6
-9.3748,51.484,2015,7,30,0.32,4.5
-9.4183,51.4892,2015,7,30,0.29,2.8
-9.4183,51.4892,2015,7,30,0.22,1.8
-9.5278,51.5037,2015,7,30,0.3,1.6
-9.428,51.5265,2015,7,30,0.31,1.8
-9.428,51.5265,2015,7,30,0.32,1.3
21.3418,59.8052,2015,8,2,0.0,1.8
10.3913,56.0442,2015,8,3,1.0,1.9
10.2107,56.4738,2015,8,3,1.0,7.3
15.983,55.25,2015,8,3,1.0,2.5
10.3085,56.9895,2015,8,3,0.0,3.5
8.351,55.3375,2015,8,3,1.0,1.65
10.3687,56.2427,2015,8,3,1.0,2.38
10.745,57.3,2015,8,3,1.0,0.5
12.107,57.137,2015,8,3,0.0,0.5
9.9072,55.851,2015,8,3,1.0,5.5
12.05,57.407,2015,8,3,0.0,1.0
19.066,55.35,2015,8,3,0.0,3.08
18.646,54.72,2015,8,3,0.0,5.18
11.687,57.667,2015,8,3,0.0,1.9
18.437,54.794,2015,8,3,0.0,2.3
18.4,55.555,2015,8,3,0.0,2.53
11.907,57.692,2015,8,3,0.0,2.4
18.0,55.291,2015,8,4,0.0,2.46
9.533,55.2497,2015,8,4,1.0,13.0
11.103,58.868,2015,8,4,0.0,1.3
23.2628,59.7768,2015,8,4,0.0,1.7
10.1603,54.9977,2015,8,4,1.0,1.43
9.5868,55.3665,2015,8,4,1.0,2.13
17.066,55.216,2015,8,4,0.0,3.25
11.81,58.1092,2015,8,4,0.0,3.1
16.45,54.925,2015,8,4,0.0,2.21
1.051,53.534,2015,8,4,3.6,1.56
11.58,58.23,2015,8,4,0.0,1.0
11.627,58.393,2015,8,4,0.0,2.0
15.983,55.25,2015,8,4,0.0,1.81
22.3128,63.334,2015,8,4,0.0,3.5
22.1973,63.3788,2015,8,4,0.0,3.2
21.9897,63.404,2015,8,4,0.0,2.3
22.4033,63.5768,2015,8,4,0.0,3.6
22.434,63.6492,2015,8,4,0.0,2.0
22.5523,63.7398,2015,8,4,0.0,3.1
15.133,54.741,2015,8,5,0.0,4.04
11.24,58.353,2015,8,5,0.0,2.1
11.403,58.343,2015,8,5,0.0,1.4
11.433,58.258,2015,8,5,0.0,1.9
10.5982,56.1742,2015,8,5,1.0,0.78
10.7083,57.433,2015,8,5,1.0,0.53
9.561,56.9417,2015,8,5,0.6,21.0
10.7278,56.0858,2015,8,5,1.0,2.19
11.325,57.533,2015,8,5,1.0,0.47
10.8388,56.2462,2015,8,5,1.0,0.36
14.25,54.066,2015,8,5,0.0,6.21
2.101,51.9787,2015,8,5,2.7,2.03
14.691,54.066,2015,8,5,0.0,5.66
2.0918,51.9787,2015,8,5,2.0,1.95
15.533,54.256,2015,8,5,0.0,4.19
10.534,56.618,2015,8,6,1.0,1.03
15.983,54.45,2015,8,6,0.0,2.11
10.5163,56.867,2015,8,6,1.0,0.5
11.8723,54.6272,2015,8,6,1.0,4.2
18.683,54.567,2015,8,6,0.0,3.26
16.8,54.633,2015,8,6,0.0,3.74
-6.684,55.1487,2015,8,6,1.0,39.2
17.535,54.833,2015,8,6,0.0,3.92
18.083,54.875,2015,8,6,0.0,3.09
21.266,62.943,2015,8,6,0.0,6.2
21.033,62.985,2015,8,6,0.0,2.0
18.37,54.883,2015,8,7,0.0,0.71
8.549,55.337,2015,8,7,1.0,1.26
18.833,54.666,2015,8,7,0.0,2.62
18.79,54.581,2015,8,7,0.0,2.57
-5.7967,54.8392,2015,8,7,1.0,0.71
19.333,54.833,2015,8,7,0.0,1.89
19.293,54.651,2015,8,7,0.0,1.28
19.441,54.408,2015,8,7,0.0,1.98
19.113,54.5,2015,8,7,0.0,1.65
10.9975,55.3753,2015,8,10,1.0,2.67
12.4233,55.4933,2015,8,10,1.0,1.2
18.233,58.583,2015,8,10,0.0,2.8
10.567,55.4517,2015,8,10,1.0,6.1
12.7142,55.5367,2015,8,10,1.0,1.87
25.6352,60.183,2015,8,10,0.0,5.7
12.75,55.867,2015,8,10,1.0,1.07
10.5192,55.4792,2015,8,10,1.0,5.2
10.8622,55.5077,2015,8,10,1.0,2.14
8.5763,55.0938,2015,8,10,1.0,5.6
-9.1383,54.1323,2015,8,10,0.0,1.0
-9.138,54.1382,2015,8,10,0.0,1.0
-9.1397,54.1495,2015,8,10,0.0,2.0
-9.1383,54.1607,2015,8,10,0.0,2.0
-9.1375,54.1708,2015,8,10,0.0,3.0
-9.138,54.1857,2015,8,10,0.0,1.0
8.2243,56.0778,2015,8,10,1.0,2.71
-9.131,54.1933,2015,8,10,0.0,2.0
-9.1355,54.201,2015,8,10,0.0,1.0
-9.1405,54.2072,2015,8,10,0.0,6.0
-9.1417,54.121,2015,8,10,0.0,1.0
-9.1425,54.1258,2015,8,10,0.0,1.0
-9.1402,54.1293,2015,8,10,0.0,2.0
-9.1383,54.1323,2015,8,10,0.0,2.0
14.2972,55.65,2015,8,10,0.5,4.1
-9.138,54.1382,2015,8,10,0.0,1.0
-9.1397,54.1495,2015,8,10,0.0,1.0
-9.1383,54.1607,2015,8,10,0.0,10.0
21.754,63.4598,2015,8,10,0.0,4.1
21.8962,63.45,2015,8,10,0.0,2.0
-8.6725,51.6258,2015,8,10,0.0,3.5
-8.768,51.633,2015,8,10,0.0,0.9
-8.6738,51.6423,2015,8,10,0.0,6.2
-8.6735,51.636,2015,8,10,0.0,3.2
-8.6963,51.6357,2015,8,10,0.0,8.2
-8.686,51.6382,2015,8,10,0.0,3.5
-8.7163,51.6397,2015,8,10,0.0,11.2
-8.7102,51.6355,2015,8,10,0.0,17.5
-8.7368,51.6382,2015,8,10,0.0,15.0
-8.7628,51.6445,2015,8,10,0.0,12.5
-8.7628,51.6445,2015,8,10,0.4,3.2
-8.7627,51.6417,2015,8,10,0.0,10.2
-8.7627,51.6417,2015,8,10,0.5,10.6
-8.7518,51.6453,2015,8,10,0.0,20.9
17.617,58.8,2015,8,11,0.0,3.8
10.2568,55.0755,2015,8,11,1.0,2.53
10.756,55.651,2015,8,11,1.0,3.06
12.37,56.233,2015,8,11,1.0,0.91
10.5163,56.867,2015,8,11,1.0,0.4
22.4272,60.254,2015,8,11,0.0,11.0
22.5057,60.3142,2015,8,11,0.0,11.0
22.9282,63.9612,2015,8,11,0.0,1.2
10.0752,55.166,2015,8,11,1.0,3.2
10.5322,55.6027,2015,8,11,1.0,1.48
9.9153,57.6078,2015,8,11,1.0,1.48
9.0758,56.6208,2015,8,11,1.0,6.4
8.549,55.337,2015,8,11,1.0,5.8
22.9888,63.8782,2015,8,11,0.0,2.9
9.7632,55.4588,2015,8,11,1.0,1.8
12.117,56.6683,2015,8,11,1.0,1.08
10.0903,55.6743,2015,8,11,1.0,1.23
9.2925,56.5958,2015,8,11,1.0,29.0
12.033,56.375,2015,8,11,1.0,0.64
8.3445,55.5122,2015,8,11,1.0,1.5
11.51,54.8753,2015,8,11,1.0,1.3
14.728,54.04,2015,8,11,0.0,6.4
-8.493,54.285,2015,8,11,0.0,1.0
-8.4992,54.2903,2015,8,11,0.0,10.0
-8.516,54.2993,2015,8,11,0.0,3.0
-8.5395,54.2998,2015,8,11,0.0,1.0
14.498,53.981,2015,8,11,0.0,4.1
15.065,54.113,2015,8,11,0.0,4.1
-8.5768,54.3043,2015,8,11,0.0,1.0
-8.6043,54.3188,2015,8,11,0.0,1.0
-8.617,54.3273,2015,8,11,0.0,1.0
-8.617,54.3273,2015,8,11,0.0,1.0
11.8,56.165,2015,8,11,1.0,0.97
15.8187,56.0815,2015,8,11,0.5,1.2
15.291,54.167,2015,8,11,0.0,4.1
-8.6402,54.2647,2015,8,11,0.0,1.0
-8.651,54.3138,2015,8,11,0.0,1.0
11.7625,56.0708,2015,8,11,1.0,1.5
14.7277,54.0225,2015,8,11,0.0,32.9
15.557,54.204,2015,8,11,0.0,1.9
-8.4825,54.278,2015,8,11,0.0,1.0
-8.493,54.285,2015,8,11,0.0,2.0
20.83,56.03,2015,8,11,0.0,6.02
-8.4992,54.2903,2015,8,11,0.0,2.0
-8.516,54.2993,2015,8,11,0.0,1.0
-8.5395,54.2998,2015,8,11,0.0,1.0
-8.5768,54.3043,2015,8,11,0.0,2.0
-8.5113,51.6665,2015,8,11,0.0,3.4
-8.5065,51.657,2015,8,11,0.0,1.8
-8.5082,51.6737,2015,8,11,0.0,4.7
-8.501,51.6913,2015,8,11,0.0,3.3
-8.5322,51.6928,2015,8,11,0.0,6.4
-8.5322,51.6928,2015,8,11,0.0,2.3
-8.5803,51.6955,2015,8,11,0.0,3.7
-8.5803,51.6955,2015,8,11,0.0,6.3
-8.5142,51.7023,2015,8,11,0.0,4.5
-8.5518,51.7017,2015,8,11,0.0,2.9
-8.601,51.7068,2015,8,11,0.0,1.8
-8.6128,51.723,2015,8,11,0.0,2.0
-8.6128,51.723,2015,8,11,0.0,10.0
-8.6297,51.729,2015,8,11,0.0,3.7
-8.632,51.7458,2015,8,11,0.0,2.5
-8.634,51.7372,2015,8,11,0.0,3.8
19.8315,60.0183,2015,8,12,0.0,3.9
10.3743,55.0628,2015,8,12,0.5,11.5
9.9737,56.6627,2015,8,12,1.0,21.3
9.6687,55.7043,2015,8,12,1.0,2.0
9.0625,56.954,2015,8,12,2.6,2.53
11.7952,55.8662,2015,8,12,1.0,2.57
21.0942,60.5952,2015,8,12,0.0,2.7
11.8572,55.9978,2015,8,12,1.0,0.6
9.9072,55.851,2015,8,12,1.0,4.7
11.4887,56.0712,2015,8,12,1.0,3.9
14.8237,56.1115,2015,8,12,0.5,5.0
20.4478,60.251,2015,8,12,0.0,3.6
9.722,55.429,2015,8,12,1.0,1.68
11.1563,56.1305,2015,8,12,1.0,1.0
21.5887,60.3625,2015,8,12,0.0,3.9
14.623,53.848,2015,8,12,0.0,22.2
21.08,55.56,2015,8,12,0.0,7.23
12.2955,54.976,2015,8,12,1.0,7.0
14.282,53.859,2015,8,12,0.0,12.9
14.398,53.883,2015,8,12,0.0,11.9
16.125,54.295,2015,8,12,0.0,3.0
-9.9287,54.2767,2015,8,12,0.0,1.0
-9.9735,54.3113,2015,8,12,0.0,1.0
16.361,54.451,2015,8,12,0.0,2.2
-9.884,54.3137,2015,8,12,0.0,1.0
-9.9322,54.3033,2015,8,12,0.0,1.0
-9.8463,54.2867,2015,8,12,0.0,1.0
-9.868,54.2883,2015,8,12,0.0,1.0
-9.8963,54.297,2015,8,12,0.0,1.0
20.96,55.31,2015,8,12,0.0,5.06
-9.8887,54.241,2015,8,12,0.0,1.0
-9.881,54.2652,2015,8,12,0.0,1.0
-9.8795,54.2742,2015,8,12,0.0,1.0
22.9802,63.9188,2015,8,12,0.0,2.3
-8.2745,51.7747,2015,8,12,0.0,1.9
-8.2652,51.7898,2015,8,12,0.0,1.9
-8.269,51.8105,2015,8,12,0.0,2.1
-8.2633,51.8367,2015,8,12,0.0,4.8
-8.3127,51.8378,2015,8,12,0.0,2.9
-8.3362,51.8778,2015,8,12,0.0,65.3
-8.3565,51.8867,2015,8,12,0.0,4.4
-8.3565,51.8867,2015,8,12,0.0,4.5
-8.39,51.8983,2015,8,12,0.0,3.4
-8.459,51.8995,2015,8,12,0.0,3.3
-8.459,51.8995,2015,8,12,0.0,2.3
-8.4025,51.901,2015,8,12,0.0,4.0
-8.4235,51.901,2015,8,12,0.0,4.0
-8.4235,51.901,2015,8,12,0.0,3.1
-8.4463,51.902,2015,8,12,0.0,3.7
-9.8428,54.297,2015,8,12,0.0,2.0
10.7717,55.2977,2015,8,13,0.5,12.9
11.3253,55.111,2015,8,13,1.0,0.5
11.2822,55.2483,2015,8,13,1.0,1.3
18.521,54.656,2015,8,13,0.0,15.05
10.45,54.6,2015,8,13,1.0,2.05
8.2107,56.3433,2015,8,13,1.0,3.9
11.5867,55.118,2015,8,13,1.0,0.5
11.678,55.1968,2015,8,13,1.0,1.7
10.8388,56.2462,2015,8,13,1.0,33.0
10.5242,54.7532,2015,8,13,1.0,2.61
10.745,57.3,2015,8,13,1.0,0.6
14.525,53.673,2015,8,13,0.0,7.8
14.533,53.778,2015,8,13,0.0,18.3
-9.8032,54.1455,2015,8,13,0.0,2.0
-9.8155,54.1382,2015,8,13,0.0,2.0
10.3085,56.9895,2015,8,13,0.0,2.0
14.406,53.762,2015,8,13,0.0,27.3
14.31,53.785,2015,8,13,0.0,26.4
-9.8377,54.1095,2015,8,13,0.0,5.0
11.033,56.5583,2015,8,13,1.0,1.6
12.1538,55.1827,2015,8,13,1.0,1.4
-9.9018,54.05,2015,8,13,0.0,2.0
-9.8703,54.0687,2015,8,13,0.0,1.0
-9.8938,54.0727,2015,8,13,0.0,1.0
-9.8792,54.083,2015,8,13,0.0,1.0
-7.8417,51.9482,2015,8,13,0.0,2.7
-7.8417,51.9482,2015,8,13,0.0,3.3
-7.8465,51.9662,2015,8,13,0.0,3.5
-7.865,51.984,2015,8,13,0.0,15.6
-7.8823,51.9958,2015,8,13,0.0,13.2
-7.8823,51.9958,2015,8,13,0.0,6.8
-7.8553,52.0135,2015,8,13,0.0,14.8
-7.8527,52.0307,2015,8,13,0.0,8.1
-7.8492,52.0488,2015,8,13,0.0,8.6
-7.8492,52.0488,2015,8,13,0.0,12.6
-7.8723,52.0652,2015,8,13,0.0,3.8
-7.883,52.0827,2015,8,13,0.0,4.2
-7.8623,52.0873,2015,8,13,0.0,5.0
-7.867,52.1095,2015,8,13,0.0,3.7
-7.8442,52.1238,2015,8,13,0.0,3.2
-7.8548,52.1198,2015,8,13,0.0,3.6
-7.8555,52.147,2015,8,13,0.0,1.4
21.9532,60.2557,2015,8,17,0.0,4.3
9.561,56.9417,2015,8,17,0.6,2.7
8.351,55.3375,2015,8,17,1.0,2.6
-9.6703,53.6157,2015,8,17,0.0,2.0
-9.685,53.6078,2015,8,17,0.0,3.0
-9.7048,53.5977,2015,8,17,0.0,3.0
-9.72,53.6,2015,8,17,0.0,5.0
-9.754,53.6,2015,8,17,0.0,4.0
-9.782,53.6,2015,8,17,0.0,4.0
-9.8243,53.616,2015,8,17,0.0,2.0
-9.8598,53.6202,2015,8,17,0.0,2.0
-9.87,53.63,2015,8,17,0.0,1.0
9.8238,54.9483,2015,8,17,1.0,3.2
-9.7048,53.5977,2015,8,17,0.0,6.0
-9.72,53.6,2015,8,17,0.0,5.0
-9.754,53.6,2015,8,17,0.0,2.0
9.4707,55.0312,2015,8,17,1.0,2.8
-9.6703,53.6157,2015,8,17,0.0,2.0
9.0758,56.6208,2015,8,18,1.0,5.0
23.2628,59.7768,2015,8,18,0.0,5.3
23.2755,59.817,2015,8,18,0.0,5.2
8.1083,55.967,2015,8,18,1.0,2.7
9.533,55.2497,2015,8,18,1.0,6.3
-8.9863,53.1623,2015,8,18,0.0,8.0
10.4203,55.0293,2015,8,18,1.0,4.59
9.2925,56.5958,2015,8,18,1.0,38.0
-8.939,53.1447,2015,8,18,0.0,8.0
-8.9402,53.1483,2015,8,18,0.0,6.0
-8.948,53.1583,2015,8,18,0.0,2.0
8.2473,55.9728,2015,8,18,1.0,4.26
-8.9647,53.1613,2015,8,18,0.0,3.0
-8.9565,53.1665,2015,8,18,0.0,2.0
-8.9657,53.1718,2015,8,18,0.0,3.0
8.2243,56.0778,2015,8,18,1.2,4.42
-8.9445,53.1663,2015,8,18,0.0,2.0
-8.9612,53.1765,2015,8,18,0.0,3.0
8.4148,56.601,2015,8,18,1.0,4.2
-8.939,53.1447,2015,8,18,0.0,19.0
-8.9402,53.1483,2015,8,18,0.0,40.0
-8.948,53.1583,2015,8,18,0.0,1.0
-8.9445,53.1663,2015,8,18,0.0,2.0
-8.9647,53.1613,2015,8,18,0.0,33.0
-8.9565,53.1665,2015,8,18,0.0,4.0
-8.9657,53.1718,2015,8,18,0.0,2.0
12.1538,55.1827,2015,8,19,1.0,1.9
9.0625,56.954,2015,8,19,1.0,6.49
12.0538,55.161,2015,8,19,1.0,1.0
10.3187,56.1547,2015,8,19,1.0,2.09
12.2332,55.0132,2015,8,19,1.0,3.86
-9.5713,53.902,2015,8,19,0.0,2.0
9.6292,57.035,2015,8,19,1.0,2.3
-9.558,53.886,2015,8,19,0.0,2.0
-9.5855,53.8875,2015,8,19,0.0,1.0
10.3913,56.0442,2015,8,19,1.0,1.2
11.5867,55.118,2015,8,19,1.0,2.3
18.344,54.843,2015,8,19,0.0,11.4
-9.5807,53.7975,2015,8,19,0.0,1.0
-9.6033,53.8805,2015,8,19,0.0,3.0
-9.5797,53.884,2015,8,19,0.0,2.0
12.067,55.713,2015,8,19,1.0,1.3
-7.217,55.067,2015,8,19,1.0,17.76
16.5645,57.0982,2015,8,19,0.5,2.3
-9.6017,53.7955,2015,8,19,0.0,2.0
-9.6153,53.8023,2015,8,19,0.0,1.0
-9.6477,53.8088,2015,8,19,0.0,2.0
-9.6633,53.8237,2015,8,19,0.0,2.0
11.033,55.05,2015,8,19,1.0,2.27
-9.721,53.7998,2015,8,19,0.0,2.0
-9.7763,53.796,2015,8,19,0.0,1.0
-9.7885,53.838,2015,8,19,0.0,1.0
-9.7193,53.8493,2015,8,19,0.0,2.0
-9.6415,53.8628,2015,8,19,0.0,2.0
-9.667,53.8642,2015,8,19,0.0,2.0
10.767,54.7,2015,8,19,1.0,2.51
17.8305,54.817,2015,8,19,0.0,6.59
-9.6033,53.8805,2015,8,19,0.0,1.0
-9.5797,53.884,2015,8,19,0.0,1.0
11.333,54.57,2015,8,19,1.0,2.46
17.5552,54.7795,2015,8,19,0.0,11.55
12.2783,54.485,2015,8,20,1.0,2.29
12.367,54.8,2015,8,20,1.0,4.39
-9.0377,53.2607,2015,8,20,0.0,1.0
21.06,55.72,2015,8,20,0.0,19.8
16.501,56.7723,2015,8,20,0.5,2.8
-9.0387,53.254,2015,8,20,0.0,1.0
-9.0495,53.251,2015,8,20,0.0,1.0
-9.0453,53.268,2015,8,20,0.0,1.0
21.05,55.74,2015,8,20,0.0,19.37
13.3,55.0,2015,8,20,1.0,4.16
14.282,53.9227,2015,8,20,0.0,24.9
14.2353,53.9435,2015,8,20,0.0,13.9
14.245,53.964,2015,8,20,0.0,15.1
16.7038,54.5737,2015,8,20,0.0,6.2
-8.9695,53.258,2015,8,20,0.0,1.0
-9.0137,53.2522,2015,8,20,0.0,1.0
14.233,54.006,2015,8,20,0.0,8.9
-9.034,53.2375,2015,8,20,0.0,1.0
-9.0602,53.2363,2015,8,20,0.0,1.0
-9.0812,53.2497,2015,8,20,0.0,1.0
20.89,55.77,2015,8,20,0.0,4.39
12.575,55.2717,2015,8,20,1.0,3.51
16.8683,54.594,2015,8,20,0.0,5.6
-9.1063,53.2355,2015,8,20,0.0,1.0
-9.0495,53.251,2015,8,20,0.0,1.0
-9.0387,53.254,2015,8,20,0.0,1.0
-9.0377,53.2607,2015,8,20,0.0,1.0
-9.0453,53.268,2015,8,20,0.0,1.0
17.05,54.675,2015,8,20,0.0,6.2
21.3418,59.8052,2015,8,23,0.0,7.2
11.03,58.337,2015,8,23,0.0,0.2
10.85,58.295,2015,8,23,0.0,0.6
10.513,58.275,2015,8,23,0.0,0.5
10.8022,55.066,2015,8,24,1.0,3.31
10.567,55.4517,2015,8,24,1.0,9.98
21.658,59.9377,2015,8,24,0.0,5.7
-9.6332,52.4693,2015,8,24,0.71,4.9
21.3982,60.0942,2015,8,24,0.0,3.4
21.9897,63.404,2015,8,24,0.0,2.5
18.233,58.583,2015,8,24,0.0,2.2
10.5192,55.4792,2015,8,24,3.6,4.09
9.9153,57.6078,2015,8,24,1.0,4.34
-9.6377,52.4748,2015,8,24,0.27,11.7
-9.6817,52.483,2015,8,24,0.27,7.6
-9.701,52.4862,2015,8,24,0.27,6.9
20.9465,60.15,2015,8,24,0.0,3.5
11.1702,55.4612,2015,8,24,1.0,1.8
-9.6257,52.4467,2015,8,24,0.33,20.9
-9.627,52.4565,2015,8,24,0.29,18.9
10.8622,55.5077,2015,8,24,1.0,1.95
8.1083,55.967,2015,8,24,1.0,2.0
-9.6372,52.4322,2015,8,24,0.33,95.1
-9.579,52.4438,2015,8,24,0.3,10.6
-9.5612,52.4232,2015,8,24,0.33,7.5
-9.567,52.4217,2015,8,24,0.33,7.1
-9.597,52.4357,2015,8,24,0.3,9.2
-7.5522,55.0767,2015,8,24,0.0,3.0
-7.5245,55.0938,2015,8,24,0.0,1.0
21.2097,61.5868,2015,8,24,0.0,1.3
21.033,62.985,2015,8,24,0.0,2.6
22.9282,63.9612,2015,8,24,0.0,1.2
-9.5428,52.4308,2015,8,24,0.3,7.1
-7.4857,55.0483,2015,8,24,0.0,4.0
-7.5447,55.0405,2015,8,24,0.0,3.0
-7.5578,55.0592,2015,8,24,0.0,1.0
21.2713,61.6352,2015,8,24,0.0,1.5
22.9888,63.8782,2015,8,24,0.0,3.9
-9.6332,52.4693,2015,8,24,0.28,8.9
-9.6377,52.4748,2015,8,24,0.3,2.9
-7.5783,55.0117,2015,8,24,0.0,1.0
-7.5443,55.0253,2015,8,24,0.0,4.0
-7.5078,55.0433,2015,8,24,0.0,4.0
-9.627,52.4565,2015,8,24,0.28,14.8
-9.6817,52.483,2015,8,24,0.33,1.5
-7.7137,54.9487,2015,8,24,0.0,2.0
-7.699,54.9533,2015,8,24,0.0,1.0
-9.6372,52.4322,2015,8,24,0.36,24.6
-9.6257,52.4467,2015,8,24,0.4,21.8
-7.6603,54.9642,2015,8,24,0.0,2.0
-7.6832,54.9568,2015,8,24,0.0,8.0
-7.6393,54.9827,2015,8,24,0.0,6.0
-7.6117,55.0,2015,8,24,0.0,4.0
-7.6325,55.0463,2015,8,24,0.0,2.0
-7.617,55.0543,2015,8,24,0.0,1.0
11.3,57.87,2015,8,24,0.0,0.6
20.317,58.883,2015,8,24,0.0,1.5
10.5322,55.6027,2015,8,25,1.0,2.07
9.9737,56.6627,2015,8,25,1.0,25.2
-8.1995,54.501,2015,8,25,0.0,4.0
8.2107,56.3433,2015,8,25,1.0,8.1
11.2822,55.2483,2015,8,25,1.0,4.23
-8.2087,54.5045,2015,8,25,0.0,4.0
-8.2373,54.5043,2015,8,25,0.0,3.0
-8.2545,54.5108,2015,8,25,0.0,3.0
-8.1307,54.6443,2015,8,25,0.0,8.0
-8.1488,54.6362,2015,8,25,0.0,5.0
-8.1142,54.651,2015,8,25,0.0,2.0
21.4415,61.7258,2015,8,25,0.0,2.5
9.9072,55.851,2015,8,25,1.0,5.4
11.4643,55.2053,2015,8,25,1.0,1.6
-8.1943,54.501,2015,8,25,0.0,4.0
-8.2705,54.5152,2015,8,25,0.0,2.0
-8.136,54.632,2015,8,25,0.0,5.0
9.837,56.6427,2015,8,25,1.0,2.5
-8.1902,54.501,2015,8,25,0.0,3.0
-8.134,54.6055,2015,8,25,0.0,4.0
-8.134,54.6203,2015,8,25,0.0,8.0
-8.1995,54.501,2015,8,25,0.0,3.0
-8.2087,54.5045,2015,8,25,0.0,4.0
-8.2373,54.5043,2015,8,25,0.0,2.0
-8.134,54.6055,2015,8,25,0.0,6.0
-8.134,54.6203,2015,8,25,0.0,3.0
-8.136,54.632,2015,8,25,0.0,7.0
-8.1488,54.6362,2015,8,25,0.0,18.0
11.433,58.258,2015,8,25,0.0,1.4
-8.1307,54.6443,2015,8,25,0.0,9.0
-8.1142,54.651,2015,8,25,0.0,2.0
-9.9357,52.097,2015,8,25,0.29,1.7
-9.7855,52.1258,2015,8,25,0.2,18.5
-9.7855,52.1258,2015,8,25,0.32,9.4
-9.917,52.1227,2015,8,25,0.33,1.2
-9.8992,52.1402,2015,8,25,0.34,4.2
-9.8992,52.1402,2015,8,25,0.4,2.0
-9.7858,52.15,2015,8,25,0.21,15.4
-9.7858,52.15,2015,8,25,0.33,20.1
-9.817,52.1537,2015,8,25,0.3,12.5
-9.817,52.1537,2015,8,25,0.23,5.1
-9.8565,52.1545,2015,8,25,0.3,8.0
-9.8565,52.1545,2015,8,25,0.39,4.3
17.617,58.8,2015,8,26,0.0,4.1
10.3743,55.0628,2015,8,26,0.5,5.11
9.6687,55.7043,2015,8,26,1.0,4.1
10.7028,54.8858,2015,8,26,1.0,5.19
-8.4397,54.633,2015,8,26,0.0,1.0
-8.4397,54.635,2015,8,26,0.0,1.0
-8.4373,54.6317,2015,8,26,0.0,1.0
-8.4355,54.628,2015,8,26,0.0,5.0
-8.4303,54.6423,2015,8,26,0.0,1.0
-8.435,54.6357,2015,8,26,0.0,1.0
-8.4633,54.5958,2015,8,26,0.0,1.0
-8.4398,54.6218,2015,8,26,0.0,1.0
-8.4062,54.6122,2015,8,26,0.0,1.0
-8.3872,54.619,2015,8,26,0.0,1.0
-8.4397,54.633,2015,8,26,0.0,1.0
-8.4373,54.6317,2015,8,26,0.0,3.0
-8.4303,54.6423,2015,8,26,0.0,1.0
-8.4397,54.635,2015,8,26,0.0,4.0
-8.435,54.6357,2015,8,26,0.0,1.0
11.67,57.192,2015,8,26,0.0,1.9
-8.4355,54.628,2015,8,26,0.0,1.0
-8.4398,54.6218,2015,8,26,0.0,1.0
12.117,56.667,2015,8,26,0.0,1.5
-9.3748,51.484,2015,8,26,0.22,6.6
-9.3748,51.484,2015,8,26,0.25,7.7
-9.4075,51.4975,2015,8,26,0.43,7.4
-9.4075,51.4975,2015,8,26,0.23,7.8
-9.4183,51.4892,2015,8,26,0.3,5.6
-9.3775,51.5108,2015,8,26,0.28,16.5
-9.3775,51.5108,2015,8,26,0.27,3.6
-9.368,51.5275,2015,8,26,0.35,18.9
-9.368,51.5275,2015,8,26,0.38,8.7
-9.2982,51.5495,2015,8,26,0.25,9.8
-9.3192,51.535,2015,8,26,0.27,6.2
-9.3192,51.535,2015,8,26,0.35,49.9
-9.2857,51.552,2015,8,26,0.22,8.0
10.7717,55.2977,2015,8,27,0.5,23.3
18.521,54.656,2015,8,27,0.0,15.19
-9.3887,51.4548,2015,8,27,0.32,3.4
-9.3748,51.484,2015,8,27,0.23,9.1
-9.4992,51.4568,2015,8,27,0.38,5.4
-9.5462,51.467,2015,8,27,0.21,6.3
-9.5278,51.5037,2015,8,27,0.32,9.3
12.067,55.713,2015,8,27,1.0,3.7
-9.4447,51.4775,2015,8,27,0.28,5.8
-9.428,51.5265,2015,8,27,0.19,2.3
-9.4183,51.4892,2015,8,27,0.24,6.6
-9.3748,51.484,2015,8,27,0.29,7.8
-9.4183,51.4892,2015,8,27,0.33,4.9
-9.428,51.5265,2015,8,27,0.26,2.7
8.3445,55.5122,2015,8,28,1.0,20.0
8.549,55.337,2015,8,28,1.0,5.6
12.2117,56.94,2015,8,28,0.0,1.4
23.2628,59.7768,2015,8,31,0.0,5.5
10.3085,56.9895,2015,8,31,0.0,1.9
23.2755,59.817,2015,8,31,0.0,6.1
10.5163,56.867,2015,8,31,1.0,1.1
8.351,55.3375,2015,8,31,1.0,2.1
9.8245,54.8373,2015,8,31,1.0,3.3
10.7917,56.8567,2015,8,31,1.0,0.97
12.107,57.137,2015,8,31,0.0,1.1
-6.3437,53.715,2015,8,31,0.0,11.9
-6.3098,53.7203,2015,8,31,0.0,5.4
-6.3292,53.718,2015,8,31,0.0,5.1
-6.251,53.7243,2015,8,31,0.0,6.0
-6.2688,53.7318,2015,8,31,0.0,5.9
-6.288,53.7243,2015,8,31,0.0,5.3
-6.2293,53.734,2015,8,31,0.0,8.3
9.8238,54.9483,2015,8,31,1.0,4.5
12.05,57.407,2015,8,31,0.0,3.7
-6.2202,53.7063,2015,8,31,0.0,6.0
-6.2222,53.7185,2015,8,31,0.0,5.4
8.5763,55.0938,2015,8,31,1.0,4.8
-6.3437,53.715,2015,8,31,0.0,5.6
-6.2688,53.7318,2015,8,31,0.0,6.3
-6.288,53.7243,2015,8,31,0.0,5.6
-6.3098,53.7203,2015,8,31,0.0,4.8
-6.3292,53.718,2015,8,31,0.0,4.6
-6.251,53.7243,2015,8,31,0.0,8.5
10.2568,55.0755,2015,9,1,1.0,4.44
11.907,57.692,2015,9,1,0.0,1.9
10.3913,56.0442,2015,9,1,1.0,2.1
11.103,58.868,2015,9,1,0.0,1.6
11.687,57.667,2015,9,1,0.0,1.9
21.1295,62.3,2015,9,1,0.0,3.4
10.3187,56.1547,2015,9,1,1.0,2.95
10.1603,54.9977,2015,9,1,1.0,4.17
10.0752,55.166,2015,9,1,1.0,6.37
21.2882,62.3202,2015,9,1,0.0,4.9
19.88,58.0,2015,9,1,0.0,2.6
10.3687,56.2427,2015,9,1,1.0,3.8
10.4203,55.0293,2015,9,1,1.0,5.08
10.745,57.3,2015,9,1,1.0,2.1
8.2243,56.0778,2015,9,1,1.0,11.7
-5.8067,54.668,2015,9,1,1.0,3.09
9.7632,55.4588,2015,9,1,1.0,5.88
11.81,58.1092,2015,9,1,0.0,7.0
-5.7967,54.8392,2015,9,1,1.0,0.59
20.05,57.33,2015,9,1,0.0,2.7
11.58,58.23,2015,9,1,0.0,1.8
19.58,56.63,2015,9,1,0.0,2.2
11.24,58.353,2015,9,2,0.0,1.7
20.7962,63.067,2015,9,2,0.0,4.5
18.4,55.555,2015,9,2,0.0,2.0
11.403,58.343,2015,9,2,0.0,2.0
21.033,62.985,2015,9,2,0.0,3.8
11.433,58.258,2015,9,2,0.0,2.3
9.0758,56.6208,2015,9,2,1.0,11.0
11.627,58.393,2015,9,2,0.0,3.4
21.266,62.943,2015,9,2,0.0,7.8
9.561,56.9417,2015,9,2,0.6,4.1
9.2925,56.5958,2015,9,2,1.0,55.0
-6.149,53.343,2015,9,2,0.0,4.1
-6.1742,53.343,2015,9,2,0.0,1.5
-6.1952,53.3438,2015,9,2,0.0,2.6
-6.2248,53.3455,2015,9,2,0.0,2.1
-6.2517,53.3478,2015,9,2,0.0,2.2
-6.273,53.3452,2015,9,2,0.0,4.1
-6.2917,53.3473,2015,9,2,0.0,9.2
-6.2105,53.3573,2015,9,2,0.0,3.3
-6.2292,53.3588,2015,9,2,0.0,4.0
-6.1742,53.343,2015,9,2,0.0,3.1
-6.191,53.3535,2015,9,2,0.0,3.4
15.98,55.25,2015,9,2,0.0,1.6
-6.1952,53.3438,2015,9,2,0.0,3.3
-6.2248,53.3455,2015,9,2,0.0,2.9
-6.2517,53.3478,2015,9,2,0.0,3.1
15.33,55.38,2015,9,2,0.0,1.8
14.08,55.0,2015,9,3,0.0,2.4
13.3,55.0,2015,9,3,0.0,2.9
9.0625,56.954,2015,9,3,1.0,2.43
21.754,63.4598,2015,9,3,0.0,3.5
21.8962,63.45,2015,9,3,0.0,2.2
9.6292,57.035,2015,9,3,1.0,4.2
21.9897,63.404,2015,9,3,0.0,2.3
20.34,55.88,2015,9,3,0.0,6.5
12.75,55.867,2015,9,3,0.0,2.4
12.117,56.667,2015,9,3,0.0,0.9
11.67,57.192,2015,9,3,0.0,1.5
10.513,58.275,2015,9,4,0.0,1.1
8.4148,56.601,2015,9,4,1.0,3.3
19.585,54.373,2015,9,4,0.0,51.1
10.85,58.295,2015,9,4,0.0,1.6
11.03,58.337,2015,9,4,0.0,2.2
11.433,58.258,2015,9,4,0.0,2.6
11.3,57.87,2015,9,4,0.0,2.2
12.2117,56.94,2015,9,4,0.0,0.7
12.117,56.667,2015,9,5,0.0,1.0
14.87,55.62,2015,9,5,0.0,2.1
16.202,56.3708,2015,9,5,0.0,4.8
17.67,57.12,2015,9,6,0.0,3.3
17.98,58.02,2015,9,6,0.0,3.2
18.79,54.581,2015,9,7,0.0,5.12
18.233,58.583,2015,9,7,0.0,4.1
10.567,55.4517,2015,9,7,1.0,1.8
10.3085,56.9895,2015,9,7,0.0,2.9
11.7705,55.0685,2015,9,7,1.0,2.3
8.549,55.337,2015,9,7,1.0,0.91
18.833,54.666,2015,9,7,0.0,3.92
10.5242,54.7532,2015,9,7,1.0,3.03
10.5192,55.4792,2015,9,7,1.0,4.8
10.745,57.3,2015,9,7,1.0,1.3
12.2955,54.976,2015,9,7,1.0,1.5
21.9532,60.2557,2015,9,7,0.0,7.0
18.37,54.883,2015,9,8,0.0,3.8
18.083,54.875,2015,9,8,0.0,4.28
17.617,58.8,2015,9,8,0.0,2.7
10.8022,55.066,2015,9,8,1.0,2.57
12.37,56.233,2015,9,8,1.0,1.12
10.9975,55.3753,2015,9,8,1.0,1.83
11.1702,55.4612,2015,9,8,1.0,1.0
17.535,54.833,2015,9,8,0.0,3.68
10.2107,56.4738,2015,9,8,1.0,1.3
12.033,56.375,2015,9,8,1.0,0.73
8.5763,55.0938,2015,9,8,1.0,1.62
11.8,56.165,2015,9,8,1.0,0.96
14.623,53.848,2015,9,8,0.0,32.8
12.168,56.1665,2015,9,8,1.0,1.0
14.282,53.859,2015,9,8,0.0,24.9
14.398,53.883,2015,9,8,0.0,50.4
16.8,54.633,2015,9,8,0.0,4.7
16.45,54.925,2015,9,8,0.0,1.79
15.983,54.45,2015,9,9,0.0,2.28
22.5523,63.7398,2015,9,9,0.0,2.0
10.756,55.651,2015,9,9,1.0,1.2
11.7952,55.8662,2015,9,9,1.0,4.8
15.533,54.256,2015,9,9,0.0,2.65
10.5322,55.6027,2015,9,9,1.0,2.12
10.5163,56.867,2015,9,9,1.0,0.5
22.9802,63.9188,2015,9,9,0.0,4.1
10.7917,56.8567,2015,9,9,1.0,0.68
11.8273,54.7093,2015,9,9,1.0,1.9
15.8187,56.0815,2015,9,9,0.5,0.8
9.7632,55.4588,2015,9,9,1.0,2.06
11.8723,54.6272,2015,9,9,1.0,1.3
11.1563,56.1305,2015,9,9,1.0,0.3
14.525,53.673,2015,9,9,0.0,13.3
11.51,54.8753,2015,9,9,1.0,0.5
10.0903,55.6743,2015,9,9,1.0,1.73
9.9072,55.851,2015,9,9,1.0,9.2
14.533,53.778,2015,9,9,0.0,21.4
14.406,53.762,2015,9,9,0.0,38.4
22.9282,63.9612,2015,9,9,0.0,3.3
12.067,55.713,2015,9,9,1.0,2.5
14.8237,56.1115,2015,9,9,0.5,2.5
14.31,53.785,2015,9,9,0.0,53.1
22.9888,63.8782,2015,9,9,0.0,3.8
14.691,54.066,2015,9,9,0.0,8.03
8.2107,56.3433,2015,9,9,1.0,7.1
14.25,54.066,2015,9,9,0.0,6.91
15.133,54.741,2015,9,10,0.0,2.21
22.4033,63.5768,2015,9,10,0.0,3.8
22.434,63.6492,2015,9,10,0.0,3.3
9.6687,55.7043,2015,9,10,1.0,1.5
25.6352,60.183,2015,9,10,0.0,9.7
11.5867,55.118,2015,9,10,1.0,1.6
9.5283,55.4927,2015,9,10,1.0,10.0
15.983,55.25,2015,9,10,0.0,2.77
12.2332,55.0132,2015,9,10,1.0,2.49
12.1538,55.1827,2015,9,10,1.0,2.0
12.0538,55.161,2015,9,10,1.0,0.86
17.066,55.216,2015,9,10,0.0,2.2
18.0,55.291,2015,9,10,0.0,2.68
18.4,55.555,2015,9,11,0.0,3.18
19.066,55.35,2015,9,11,0.0,3.04
21.08,55.56,2015,9,11,0.0,3.47
21.05,55.74,2015,9,11,0.0,10.89
21.05,55.74,2015,9,11,0.0,6.91
19.333,54.833,2015,9,11,0.0,3.54
19.293,54.651,2015,9,11,0.0,3.75
19.441,54.408,2015,9,11,0.0,2.44
19.113,54.5,2015,9,11,0.0,3.02
10.1603,54.9977,2015,9,14,1.0,2.75
10.7717,55.2977,2015,9,14,0.5,3.14
8.351,55.3375,2015,9,14,1.0,14.0
8.1083,55.967,2015,9,14,1.0,6.3
9.0758,56.6208,2015,9,14,2.6,17.0
11.033,55.05,2015,9,14,1.0,3.5
8.2243,56.0778,2015,9,14,1.0,6.75
9.2925,56.5958,2015,9,14,1.0,94.0
10.767,54.7,2015,9,14,1.0,3.33
10.2462,56.1148,2015,9,14,1.0,2.6
11.333,54.57,2015,9,14,1.0,4.53
11.55,54.317,2015,9,14,1.0,2.47
12.2783,54.485,2015,9,14,1.0,2.88
12.367,54.8,2015,9,14,1.0,3.38
22.9282,63.9612,2015,9,15,0.0,2.4
9.4707,55.0312,2015,9,15,1.0,3.4
23.0662,63.9397,2015,9,15,0.0,2.9
9.0625,56.954,2015,9,15,1.0,4.65
23.1028,63.9103,2015,9,15,0.0,2.2
9.8238,54.9483,2015,9,15,1.0,2.8
11.2822,55.2483,2015,9,15,1.0,35.2
10.3187,56.1547,2015,9,15,1.0,4.53
9.6292,57.035,2015,9,15,1.0,2.4
11.4643,55.2053,2015,9,15,1.0,1.0
10.3687,56.2427,2015,9,15,1.0,4.3
9.8792,56.6493,2015,9,15,1.0,3.88
11.678,55.1968,2015,9,15,1.0,4.0
8.4148,56.601,2015,9,16,1.0,3.6
18.521,54.656,2015,9,16,0.0,7.74
10.5242,54.7532,2015,9,16,1.0,2.91
10.2568,55.0755,2015,9,16,1.0,3.86
13.3,55.0,2015,9,16,1.0,2.91
10.3743,55.0628,2015,9,16,0.5,6.42
12.2955,54.976,2015,9,16,1.0,2.99
12.575,55.2717,2015,9,16,1.0,4.15
9.561,56.9417,2015,9,16,0.6,2.8
16.125,54.295,2015,9,16,0.0,3.8
16.361,54.451,2015,9,16,0.0,4.5
16.501,56.7723,2015,9,16,0.5,3.4
22.1973,63.3788,2015,9,17,0.0,3.0
9.533,55.2497,2015,9,17,1.0,22.0
22.3128,63.334,2015,9,17,0.0,2.9
9.5868,55.3665,2015,9,17,1.0,3.8
21.9532,60.2557,2015,9,21,0.0,7.4
21.0942,60.5952,2015,9,21,0.0,3.0
12.1538,55.1827,2015,9,21,1.0,2.6
12.0538,55.161,2015,9,21,1.0,2.9
18.233,58.583,2015,9,21,0.0,3.1
10.5192,55.4792,2015,9,21,3.6,3.21
11.8273,54.7093,2015,9,21,1.0,2.4
12.2332,55.0132,2015,9,21,1.0,3.48
11.6603,57.184,2015,9,21,1.0,1.15
11.3253,55.111,2015,9,21,1.0,1.4
11.5867,55.118,2015,9,21,1.0,1.8
9.8238,54.9483,2015,9,21,1.0,5.3
-6.684,55.1487,2015,9,21,1.0,8.34
9.4707,55.0312,2015,9,21,1.0,6.6
20.317,58.883,2015,9,21,0.0,2.6
-6.437,52.3258,2015,9,21,0.0,8.3
-6.3717,52.3382,2015,9,21,0.0,4.0
-6.3892,52.3458,2015,9,21,0.0,3.8
-6.419,52.334,2015,9,21,0.0,6.7
-6.4487,52.3353,2015,9,21,0.0,5.4
-6.4602,52.3418,2015,9,21,0.0,6.9
-6.4702,52.3462,2015,9,21,0.0,7.8
-6.4712,52.3615,2015,9,21,0.0,6.4
-6.5122,52.3517,2015,9,21,0.0,11.3
-6.5688,52.384,2015,9,21,0.0,18.5
-6.5618,52.4543,2015,9,21,0.0,2.3
10.2568,55.0755,2015,9,22,1.0,4.15
10.1603,54.9977,2015,9,22,1.0,3.67
10.0752,55.166,2015,9,22,1.0,6.22
11.7705,55.0685,2015,9,22,1.0,26.0
10.4203,55.0293,2015,9,22,1.0,3.68
9.7632,55.4588,2015,9,22,1.0,4.66
8.2107,56.3433,2015,9,22,1.0,14.0
12.067,55.713,2015,9,22,1.0,0.7
18.419,54.797,2015,9,22,0.0,5.55
-9.8887,54.241,2015,9,22,0.0,1.0
-9.881,54.2652,2015,9,22,0.0,1.0
-9.8795,54.2742,2015,9,22,0.0,1.0
-9.8463,54.2867,2015,9,22,0.0,1.0
-9.8428,54.297,2015,9,22,0.0,1.0
-9.868,54.2883,2015,9,22,0.0,1.0
-9.9287,54.2767,2015,9,22,0.0,1.0
-9.8963,54.297,2015,9,22,0.0,1.0
-6.9597,52.1352,2015,9,22,0.0,2.9
-6.9853,52.1438,2015,9,22,0.0,1.8
-6.9187,52.1523,2015,9,22,0.0,2.5
-6.9488,52.1522,2015,9,22,0.0,1.9
-6.9708,52.1623,2015,9,22,0.0,1.9
-6.9277,52.1792,2015,9,22,0.0,2.5
-6.936,52.1997,2015,9,22,0.0,2.9
-6.9468,52.221,2015,9,22,0.0,3.6
-6.9607,52.2392,2015,9,22,0.0,4.7
-6.9917,52.2583,2015,9,22,0.0,3.6
-7.0302,52.2665,2015,9,22,0.0,3.9
-6.9883,52.2745,2015,9,22,0.0,4.7
17.617,58.8,2015,9,23,0.0,4.2
11.2822,55.2483,2015,9,23,1.0,3.6
11.325,57.533,2015,9,23,1.0,1.57
10.2107,56.4738,2015,9,23,1.0,1.1
10.5242,54.7532,2015,9,23,1.0,3.41
11.4643,55.2053,2015,9,23,1.0,4.3
19.5203,54.3318,2015,9,23,0.5,62.2
8.549,55.337,2015,9,23,1.0,1.61
14.282,53.9227,2015,9,23,0.0,8.4
14.2353,53.9435,2015,9,23,0.0,5.0
19.6665,54.3662,2015,9,23,0.5,71.0
15.557,54.204,2015,9,23,0.0,2.6
15.983,55.25,2015,9,23,1.0,1.5
10.7083,57.433,2015,9,23,1.0,1.34
14.245,53.964,2015,9,23,0.0,4.5
14.233,54.006,2015,9,23,0.0,4.7
-8.4532,54.8578,2015,9,23,0.0,1.0
19.7247,54.4472,2015,9,23,0.5,57.7
19.7605,54.4448,2015,9,23,0.5,48.8
-8.3162,54.844,2015,9,23,0.0,1.0
-8.35,54.84,2015,9,23,0.0,2.0
-8.37,54.85,2015,9,23,0.0,2.0
-8.417,54.8692,2015,9,23,0.0,1.0
-8.2765,54.862,2015,9,23,0.0,1.0
19.427,54.2892,2015,9,23,0.5,79.9
-8.3162,54.844,2015,9,23,0.0,1.0
-7.2233,52.2415,2015,9,23,0.0,22.0
-7.0302,52.2665,2015,9,23,0.0,5.2
-7.0522,52.2563,2015,9,23,0.0,4.8
-7.0878,52.2517,2015,9,23,0.0,5.3
-7.119,52.2642,2015,9,23,0.0,6.3
-7.119,52.2642,2015,9,23,0.0,8.5
-7.2422,52.2622,2015,9,23,0.0,70.1
-7.1642,52.277,2015,9,23,0.0,9.0
-7.2857,52.2898,2015,9,23,0.0,99.5
-7.317,52.3273,2015,9,23,0.0,27.5
-7.4197,52.3468,2015,9,23,0.0,3.1
10.3743,55.0628,2015,9,24,0.5,2.64
9.9737,56.6627,2015,9,24,1.0,6.04
10.7028,54.8858,2015,9,24,1.0,3.8
15.291,54.167,2015,9,24,0.0,2.6
14.728,54.04,2015,9,24,0.0,5.1
18.878,54.379,2015,9,24,0.0,3.92
14.498,53.981,2015,9,24,0.0,4.0
15.065,54.113,2015,9,24,0.0,2.7
14.7277,54.0225,2015,9,24,0.0,13.8
18.9683,54.383,2015,9,24,0.0,5.52
18.817,54.49,2015,9,24,0.0,4.15
-7.0058,52.2818,2015,9,24,0.0,2.4
-7.0058,52.2818,2015,9,24,0.0,2.8
-7.017,52.2947,2015,9,24,0.0,3.4
-7.0063,52.3062,2015,9,24,0.0,3.7
-7.0063,52.3062,2015,9,24,0.0,4.0
-6.9915,52.3323,2015,9,24,0.0,6.2
-6.9923,52.3547,2015,9,24,0.0,5.6
-6.9923,52.3547,2015,9,24,0.0,5.6
-6.972,52.367,2015,9,24,0.0,10.2
-6.9518,52.3967,2015,9,24,0.0,12.1
-6.9518,52.3967,2015,9,24,0.0,6.2
-6.9457,52.4133,2015,9,24,0.0,24.0
-6.9367,52.4208,2015,9,24,0.0,6.1
-7.0083,52.4268,2015,9,24,0.0,7.7
10.8022,55.066,2015,9,28,1.0,1.63
12.4233,55.4933,2015,9,28,1.0,1.6
10.7717,55.2977,2015,9,28,0.5,3.42
10.5163,56.867,2015,9,28,1.0,0.7
9.561,56.9417,2015,9,28,0.6,13.0
12.2955,54.976,2015,9,28,1.0,2.3
11.1702,55.4612,2015,9,28,1.0,1.0
12.75,55.867,2015,9,28,1.0,2.28
10.8622,55.5077,2015,9,28,1.0,1.15
10.7917,56.8567,2015,9,28,1.0,1.04
10.5322,55.6027,2015,9,29,1.0,1.27
10.3085,56.9895,2015,9,29,0.0,2.1
9.0758,56.6208,2015,9,29,1.0,9.1
11.7952,55.8662,2015,9,29,1.0,1.4
11.8572,55.9978,2015,9,29,1.0,0.7
10.3187,56.1547,2015,9,29,1.0,1.24
10.745,57.3,2015,9,29,1.0,1.0
10.0903,55.6743,2015,9,29,1.0,1.08
9.2925,56.5958,2015,9,29,1.0,34.0
10.3687,56.2427,2015,9,29,1.0,1.6
11.1563,56.1305,2015,9,29,1.0,0.5
-5.8067,54.668,2015,9,29,1.0,4.49
18.403,54.728,2015,9,29,0.0,2.3
18.484,54.719,2015,9,29,0.0,1.0
8.4148,56.601,2015,9,29,1.0,4.5
18.483,54.647,2015,9,29,0.0,4.29
9.6687,55.7043,2015,9,30,1.0,3.0
9.0625,56.954,2015,9,30,1.0,5.8
11.51,54.8753,2015,9,30,1.0,1.4
11.3253,55.111,2015,9,30,1.0,1.3
9.5283,55.4927,2015,9,30,1.0,9.83
9.6292,57.035,2015,9,30,1.0,0.7
18.577,54.483,2015,9,30,0.0,2.59
9.722,55.429,2015,9,30,1.0,2.87
12.2332,55.0132,2015,9,30,1.0,1.1
18.683,54.567,2015,9,30,0.0,3.18
18.572,54.517,2015,9,30,0.0,2.18
10.5242,54.7532,2015,10,1,1.0,1.78
11.8723,54.6272,2015,10,1,1.0,1.2
8.351,55.3375,2015,10,1,1.0,1.92
8.2107,56.3433,2015,10,1,1.0,9.1
18.558,54.619,2015,10,1,0.0,2.0
10.4203,55.0293,2015,10,1,1.0,3.2
18.6692,54.6688,2015,10,1,0.0,1.37
-7.8603,51.888,2015,10,1,0.0,2.3
-7.839,51.9123,2015,10,1,0.0,2.8
-7.8353,51.927,2015,10,1,0.0,2.8
-7.786,51.941,2015,10,1,0.0,1.7
-7.865,51.984,2015,10,1,0.0,3.8
-7.8492,52.0488,2015,10,1,0.0,6.2
10.8022,55.066,2015,10,5,1.0,1.63
10.567,55.4517,2015,10,5,1.0,2.87
21.9532,60.2557,2015,10,5,0.0,6.2
18.233,58.583,2015,10,5,0.0,2.8
10.2107,56.4738,2015,10,5,1.0,1.5
10.5192,55.4792,2015,10,5,2.7,2.61
9.9737,56.6627,2015,10,5,1.0,10.7
11.1702,55.4612,2015,10,5,1.0,1.1
10.8622,55.5077,2015,10,5,1.0,1.38
12.107,57.137,2015,10,5,0.0,0.9
12.05,57.407,2015,10,5,0.0,1.6
17.617,58.8,2015,10,6,0.0,2.6
10.5322,55.6027,2015,10,6,1.0,1.74
11.103,58.868,2015,10,6,0.0,3.1
11.907,57.692,2015,10,6,0.0,2.1
8.2243,56.0778,2015,10,6,1.0,6.24
11.687,57.667,2015,10,6,0.0,3.3
23.2628,59.7768,2015,10,6,0.0,3.0
9.9072,55.851,2015,10,6,1.0,6.7
11.2822,55.2483,2015,10,6,1.0,1.9
8.1083,55.967,2015,10,6,1.0,2.9
11.4643,55.2053,2015,10,6,1.0,3.37
11.81,58.1092,2015,10,6,0.0,3.6
9.5283,55.4927,2015,10,6,1.0,8.8
11.58,58.23,2015,10,6,0.0,1.3
11.24,58.353,2015,10,7,0.0,2.1
21.0942,60.5952,2015,10,7,0.0,1.6
11.403,58.343,2015,10,7,0.0,3.8
11.433,58.258,2015,10,7,0.0,3.9
11.627,58.393,2015,10,7,0.0,2.3
20.7962,63.067,2015,10,7,0.0,3.4
16.7038,54.5737,2015,10,8,0.0,4.0
16.8683,54.594,2015,10,8,0.0,3.9
17.05,54.675,2015,10,8,0.0,2.1
11.7952,55.8662,2015,10,12,1.0,1.7
11.8572,55.9978,2015,10,12,1.0,1.9
9.561,56.9417,2015,10,12,0.6,1.9
11.4887,56.0712,2015,10,12,1.0,6.0
9.6292,57.035,2015,10,12,1.0,1.4
11.1563,56.1305,2015,10,12,1.0,2.9
9.8238,54.9483,2015,10,12,1.0,3.9
24.838,59.842,2015,10,12,0.0,5.3
18.646,54.72,2015,10,12,0.0,4.52
18.437,54.794,2015,10,12,0.0,3.92
22.9,59.483,2015,10,12,0.0,3.8
18.344,54.843,2015,10,12,0.0,3.26
21.7468,59.183,2015,10,12,0.0,2.8
21.0795,59.03,2015,10,13,0.0,2.3
10.8022,55.066,2015,10,13,1.0,3.53
10.2568,55.0755,2015,10,13,1.0,6.16
10.0752,55.166,2015,10,13,1.0,5.02
11.8,56.165,2015,10,13,1.0,1.79
19.88,58.0,2015,10,13,0.0,2.3
12.168,56.1665,2015,10,13,1.0,3.09
12.033,56.375,2015,10,13,1.0,1.86
11.1702,55.4612,2015,10,13,1.0,7.48
10.8622,55.5077,2015,10,13,1.0,4.18
12.117,56.6683,2015,10,13,1.0,2.4
-5.8067,54.668,2015,10,13,1.0,0.1
20.05,57.33,2015,10,13,0.0,2.1
12.37,56.233,2015,10,13,1.0,3.42
17.8305,54.817,2015,10,13,0.0,7.64
17.5552,54.7795,2015,10,13,0.0,9.48
19.58,56.63,2015,10,13,0.0,2.3
18.4,55.555,2015,10,14,0.0,3.0
12.75,55.867,2015,10,14,1.0,1.9
10.3743,55.0628,2015,10,14,0.5,2.4
10.756,55.651,2015,10,14,1.0,3.6
10.3085,56.9895,2015,10,14,0.0,2.3
9.0758,56.6208,2015,10,14,1.0,5.0
18.521,54.656,2015,10,14,0.0,4.96
10.5322,55.6027,2015,10,14,1.0,4.35
10.5163,56.867,2015,10,14,1.0,2.4
10.7028,54.8858,2015,10,14,1.0,1.15
12.7142,55.5367,2015,10,14,1.0,3.02
9.2925,56.5958,2015,10,14,1.0,93.0
15.98,55.25,2015,10,14,0.0,2.1
10.7917,56.8567,2015,10,14,1.0,2.91
12.4233,55.4933,2015,10,14,1.0,5.1
11.51,54.8753,2015,10,14,1.0,0.3
11.8723,54.6272,2015,10,14,1.0,2.1
10.0903,55.6743,2015,10,14,1.0,6.2
15.33,55.38,2015,10,14,0.0,2.2
19.4958,54.4158,2015,10,14,0.0,7.7
14.08,55.0,2015,10,14,0.0,2.1
13.3,55.0,2015,10,14,0.0,3.2
12.75,55.867,2015,10,15,0.0,2.7
9.9553,55.6027,2015,10,15,1.0,7.2
10.7717,55.2977,2015,10,15,0.5,1.8
8.4148,56.601,2015,10,15,1.0,3.9
9.533,55.2497,2015,10,15,1.0,14.0
9.5283,55.4927,2015,10,15,1.0,17.0
12.117,56.667,2015,10,15,0.0,1.9
10.745,57.3,2015,10,15,1.0,3.8
9.5868,55.3665,2015,10,15,1.0,7.04
12.2117,56.94,2015,10,15,0.0,1.9
10.7083,57.433,2015,10,15,1.0,4.34
11.67,57.192,2015,10,15,0.0,1.4
11.3,57.87,2015,10,15,0.0,1.8
10.513,58.275,2015,10,16,0.0,2.3
10.85,58.295,2015,10,16,0.0,1.8
11.03,58.337,2015,10,16,0.0,1.7
11.433,58.258,2015,10,16,0.0,5.3
12.117,56.667,2015,10,17,0.0,2.2
14.87,55.62,2015,10,17,0.0,3.5
16.202,56.3708,2015,10,18,0.0,3.2
17.67,57.12,2015,10,18,0.0,2.8
17.98,58.02,2015,10,18,0.0,3.2
10.567,55.4517,2015,10,19,1.0,4.25
12.575,55.2717,2015,10,19,1.0,3.14
18.233,58.583,2015,10,19,0.0,2.4
10.9,57.465,2015,10,19,1.0,1.69
21.3418,59.8052,2015,10,19,0.0,2.9
10.5192,55.4792,2015,10,19,3.6,2.4
13.3,55.0,2015,10,19,1.0,3.23
11.325,57.533,2015,10,19,1.0,0.89
8.351,55.3375,2015,10,19,1.0,2.16
10.45,54.6,2015,10,19,1.0,4.05
10.5242,54.7532,2015,10,19,1.0,4.5
12.367,54.8,2015,10,19,1.0,5.66
11.6603,57.184,2015,10,19,1.0,1.04
12.2783,54.485,2015,10,19,1.0,4.87
10.2462,56.1148,2015,10,19,1.0,2.66
11.55,54.317,2015,10,19,1.0,2.87
20.83,56.03,2015,10,19,0.0,2.87
20.89,55.77,2015,10,19,0.0,3.47
22.4395,63.5887,2015,10,19,0.0,6.5
10.2568,55.0755,2015,10,20,1.0,4.58
10.767,54.7,2015,10,20,1.0,4.98
19.585,54.373,2015,10,20,0.0,39.5
10.3913,56.0442,2015,10,20,1.0,2.6
9.8245,54.8373,2015,10,20,1.0,3.7
10.3187,56.1547,2015,10,20,1.0,4.5
10.0752,55.166,2015,10,20,1.0,7.67
11.033,55.05,2015,10,20,1.0,6.12
9.9153,57.6078,2015,10,20,1.0,0.3
9.9072,55.851,2015,10,20,1.0,7.3
21.06,55.72,2015,10,20,0.0,5.2
10.3687,56.2427,2015,10,20,1.0,3.0
11.3253,55.111,2015,10,20,1.0,3.5
9.7632,55.4588,2015,10,20,1.0,8.31
9.8238,54.9483,2015,10,20,1.0,5.5
11.5867,55.118,2015,10,20,1.0,3.5
15.983,55.25,2015,10,20,1.0,2.3
12.2332,55.0132,2015,10,20,1.0,7.5
12.1538,55.1827,2015,10,20,1.0,2.6
-7.217,55.067,2015,10,20,1.0,4.53
14.8237,56.1115,2015,10,20,0.5,3.5
12.0538,55.161,2015,10,20,1.0,1.1
20.96,55.31,2015,10,20,0.0,2.7
15.8187,56.0815,2015,10,20,0.5,1.8
21.08,55.56,2015,10,20,0.0,3.61
17.617,58.8,2015,10,21,0.0,1.8
10.1603,54.9977,2015,10,21,1.0,4.82
9.9737,56.6627,2015,10,21,1.0,8.23
10.7028,54.8858,2015,10,21,1.0,6.19
10.2107,56.4738,2015,10,21,1.0,1.8
-6.684,55.1487,2015,10,21,1.0,13.32
18.419,54.797,2015,10,21,0.0,1.78
10.7717,55.2977,2015,10,22,0.5,2.16
12.2955,54.976,2015,10,22,1.0,5.62
12.4233,55.4933,2015,10,26,1.0,4.7
21.3243,62.3408,2015,10,26,0.0,16.0
10.5163,56.867,2015,10,26,1.0,2.1
8.2243,56.0778,2015,10,26,1.0,4.8
9.0758,56.6208,2015,10,26,1.0,8.3
12.75,55.867,2015,10,26,1.0,1.7
10.7917,56.8567,2015,10,26,1.0,3.35
21.3942,62.8957,2015,10,26,0.0,7.7
8.549,55.337,2015,10,26,1.0,4.8
9.2925,56.5958,2015,10,26,1.0,56.0
11.1702,55.4612,2015,10,26,1.0,2.6
10.8622,55.5077,2015,10,26,1.0,3.49
8.3445,55.5122,2015,10,26,1.0,7.8
8.4148,56.601,2015,10,26,1.0,3.3
10.2568,55.0755,2015,10,27,1.0,2.49
11.7952,55.8662,2015,10,27,1.0,3.3
11.8572,55.9978,2015,10,27,1.0,1.9
10.5322,55.6027,2015,10,27,1.0,3.33
10.3743,55.0628,2015,10,27,0.5,1.81
10.745,57.3,2015,10,27,1.0,3.1
11.2822,55.2483,2015,10,27,1.0,1.7
11.4643,55.2053,2015,10,27,1.0,2.99
11.1563,56.1305,2015,10,27,1.0,1.3
18.521,54.656,2015,10,27,0.0,3.96
11.033,56.5583,2015,10,27,1.0,1.15
12.067,55.713,2015,10,27,1.0,2.1
11.678,55.1968,2015,10,27,1.0,1.4
10.3085,56.9895,2015,10,27,0.0,2.9
8.1083,55.967,2015,10,27,1.0,3.8
8.5763,55.0938,2015,10,27,1.0,5.4
9.6687,55.7043,2015,10,28,1.0,2.0
9.0625,56.954,2015,10,28,1.0,2.05
25.6352,60.183,2015,10,28,0.0,4.9
9.722,55.429,2015,10,28,1.0,6.75
-6.1607,54.0568,2015,10,28,1.0,1.71
19.4958,54.4158,2015,10,28,0.0,1.78
22.9802,63.9188,2015,10,28,0.0,3.9
-117.463,33.247,2015,10,29,1.99,0.26
-117.278,32.95,2015,10,29,0.99,0.49
-117.305,32.957,2015,10,29,1.99,0.39
-117.395,32.913,2015,10,29,1.99,0.15
21.9897,63.404,2015,10,29,0.0,3.3
10.4753,54.685,2015,10,29,1.0,2.1
11.51,54.8753,2015,10,29,1.0,0.4
10.5242,54.7532,2015,10,29,1.0,4.3
9.561,56.9417,2015,10,29,0.6,6.3
11.5867,55.118,2015,10,29,1.0,2.3
-117.532,32.847,2015,10,29,1.99,0.18
8.2107,56.3433,2015,10,29,1.0,5.1
11.8723,54.6272,2015,10,29,1.0,2.3
18.817,54.49,2015,10,29,0.0,1.81
11.8273,54.7093,2015,10,29,1.0,2.8
21.033,62.985,2015,10,29,0.0,2.3
12.0538,55.161,2015,10,29,1.0,2.6
-117.873,32.68,2015,10,29,1.99,0.21
18.878,54.379,2015,10,29,0.0,1.7
18.9683,54.383,2015,10,29,0.0,1.78
-118.215,32.513,2015,10,29,2.98,0.17
-119.235,32.01,2015,10,30,1.99,0.19
-119.572,31.847,2015,10,30,2.98,0.15
-120.247,31.513,2015,10,31,1.99,0.11
-120.92,31.18,2015,10,31,1.99,0.13
-121.588,30.847,2015,10,31,1.99,0.13
-122.652,31.085,2015,10,31,2.98,0.07
-121.99,31.418,2015,11,1,1.99,0.09
-121.315,31.752,2015,11,1,1.99,0.17
-120.638,32.085,2015,11,1,2.98,0.14
-119.96,32.418,2015,11,2,1.99,0.14
18.79,54.581,2015,11,2,0.0,5.66
11.103,58.868,2015,11,2,0.0,4.1
18.833,54.666,2015,11,2,0.0,5.48
8.351,55.3375,2015,11,2,1.0,3.3
12.107,57.137,2015,11,2,0.0,2.8
-119.483,32.65,2015,11,2,1.99,0.18
18.403,54.728,2015,11,2,0.0,1.93
12.05,57.407,2015,11,2,0.0,4.8
18.484,54.719,2015,11,2,0.0,1.0
18.483,54.647,2015,11,2,0.0,4.7
18.37,54.883,2015,11,2,0.0,0.3
18.083,54.875,2015,11,2,0.0,3.8
-118.938,32.918,2015,11,2,2.98,0.17
17.535,54.833,2015,11,2,0.0,3.68
-118.387,33.185,2015,11,2,2.98,0.17
-118.25,33.252,2015,11,3,1.99,0.16
16.8,54.633,2015,11,3,0.0,4.16
-117.905,33.418,2015,11,3,1.99,0.16
11.907,57.692,2015,11,3,0.0,2.1
10.567,55.4517,2015,11,3,1.0,3.0
8.2243,56.0778,2015,11,3,1.2,6.62
11.51,54.8753,2015,11,3,1.0,7.55
-117.768,33.485,2015,11,3,2.98,0.46
16.45,54.925,2015,11,3,0.0,2.95
10.3187,56.1547,2015,11,3,1.0,3.56
9.533,55.2497,2015,11,3,1.0,2.56
11.687,57.667,2015,11,3,0.0,4.1
18.577,54.483,2015,11,3,0.0,2.92
10.3687,56.2427,2015,11,3,1.0,4.9
9.5868,55.3665,2015,11,3,1.0,2.7
-117.748,33.493,2015,11,3,1.99,0.46
8.1083,55.967,2015,11,3,1.0,5.8
-118.085,33.673,2015,11,3,1.99,0.54
18.572,54.517,2015,11,3,0.0,2.44
15.983,54.45,2015,11,3,0.0,4.76
11.81,58.1092,2015,11,3,0.0,11.4
-118.445,33.888,2015,11,3,1.99,0.64
15.533,54.256,2015,11,3,0.0,3.43
11.58,58.23,2015,11,3,0.0,6.2
-118.49,33.89,2015,11,3,1.99,0.28
-118.628,33.823,2015,11,3,2.98,0.21
14.691,54.066,2015,11,3,0.0,3.01
-118.973,33.655,2015,11,4,1.99,0.21
14.25,54.066,2015,11,4,0.0,2.95
11.627,58.393,2015,11,4,0.0,17.3
10.0752,55.166,2015,11,4,1.0,3.27
11.433,58.258,2015,11,4,0.0,6.4
11.403,58.343,2015,11,4,0.0,20.9
10.2107,56.4738,2015,11,4,1.0,1.4
9.7632,55.4588,2015,11,4,1.0,5.41
11.24,58.353,2015,11,4,0.0,4.1
-119.328,34.265,2015,11,4,1.99,1.04
15.133,54.741,2015,11,4,0.0,4.04
18.646,54.72,2015,11,4,0.0,2.33
-119.797,34.402,2015,11,4,1.99,0.74
18.437,54.794,2015,11,4,0.0,2.58
-119.508,34.178,2015,11,4,2.98,0.45
15.983,55.25,2015,11,4,0.0,5.12
-119.41,34.217,2015,11,4,1.99,0.59
-120.027,34.273,2015,11,5,1.99,0.59
17.066,55.216,2015,11,5,0.0,5.21
11.2822,55.2483,2015,11,5,1.0,2.4
10.7717,55.2977,2015,11,5,0.5,1.32
11.4643,55.2053,2015,11,5,1.0,2.6
17.5552,54.7795,2015,11,5,0.0,2.48
17.8305,54.817,2015,11,5,0.0,6.48
-120.523,34.452,2015,11,5,1.99,1.04
-120.802,34.317,2015,11,5,2.98,1.61
18.344,54.843,2015,11,5,0.0,4.04
-121.15,34.15,2015,11,5,1.99,0.51
-121.843,33.817,2015,11,6,1.99,0.32
18.0,55.291,2015,11,6,0.0,7.12
-122.533,33.483,2015,11,6,2.98,0.16
18.4,55.555,2015,11,6,0.0,5.25
19.066,55.35,2015,11,6,0.0,4.13
-123.222,33.15,2015,11,6,2.98,0.26
-124.323,33.388,2015,11,7,1.99,0.16
19.333,54.833,2015,11,7,0.0,3.39
19.293,54.651,2015,11,7,0.0,4.03
19.113,54.5,2015,11,7,0.0,4.41
-123.633,33.723,2015,11,7,1.99,0.2
19.441,54.408,2015,11,7,0.0,6.79
-122.942,34.055,2015,11,7,2.98,0.29
-122.245,34.388,2015,11,7,1.99,0.27
-121.548,34.722,2015,11,8,1.99,0.73
-121.198,34.888,2015,11,8,2.98,0.37
-120.918,35.022,2015,11,8,1.99,2.11
-120.777,35.088,2015,11,8,1.99,2.39
-120.132,33.878,2015,11,8,1.99,0.3
-120.41,33.745,2015,11,9,1.99,0.29
-120.755,33.578,2015,11,9,2.98,0.26
21.9532,60.2557,2015,11,9,0.0,2.3
21.0942,60.5952,2015,11,9,0.0,1.3
10.2568,55.0755,2015,11,9,1.0,4.29
12.7142,55.5367,2015,11,9,1.0,2.27
9.561,56.9417,2015,11,9,0.6,9.4
12.75,55.867,2015,11,9,1.0,1.6
18.683,54.567,2015,11,9,0.0,3.26
10.3743,55.0628,2015,11,9,0.5,5.16
24.838,59.842,2015,11,9,0.0,5.4
-121.443,33.245,2015,11,9,2.98,0.24
18.6692,54.6688,2015,11,9,0.0,3.41
18.558,54.619,2015,11,9,0.0,2.07
-122.128,32.912,2015,11,9,2.98,0.12
22.9,59.483,2015,11,9,0.0,3.1
21.7468,59.183,2015,11,9,0.0,1.9
-122.812,32.578,2015,11,10,2.98,0.14
21.08,59.03,2015,11,10,0.0,1.9
-123.492,32.245,2015,11,10,1.99,0.18
20.32,58.88,2015,11,10,0.0,2.2
17.617,58.8,2015,11,10,0.0,1.4
23.2628,59.7768,2015,11,10,0.0,1.2
10.745,57.3,2015,11,10,1.0,0.8
-124.17,31.912,2015,11,10,1.99,0.13
19.88,58.0,2015,11,10,0.0,1.7
20.05,57.33,2015,11,10,0.0,2.1
-123.743,31.323,2015,11,10,1.99,0.12
19.58,56.63,2015,11,10,0.0,2.2
-123.07,31.657,2015,11,10,1.99,0.11
9.5583,55.05,2015,11,11,1.0,3.0
-122.393,31.99,2015,11,11,1.99,0.12
18.4,55.555,2015,11,11,0.0,2.7
11.8572,55.9978,2015,11,11,1.0,3.3
10.7028,54.8858,2015,11,11,1.0,1.09
8.549,55.337,2015,11,11,1.0,3.6
11.678,55.1968,2015,11,11,1.0,3.1
-5.7967,54.8392,2015,11,11,1.0,0.38
-121.715,32.323,2015,11,11,2.98,0.2
9.8238,54.9483,2015,11,11,1.0,5.3
9.4707,55.0312,2015,11,11,1.0,0.5
15.98,55.25,2015,11,11,0.0,2.7
15.33,55.38,2015,11,11,0.0,3.9
-121.033,32.657,2015,11,11,1.99,0.19
14.08,55.0,2015,11,12,0.0,2.3
-120.348,32.988,2015,11,12,1.99,0.22
13.3,55.0,2015,11,12,0.0,2.5
-120.01,33.157,2015,11,12,1.99,0.2
1.0233,50.9075,2015,11,12,4.0,0.99
-119.663,33.323,2015,11,12,2.98,0.64
12.75,55.867,2015,11,12,0.0,3.5
8.2243,56.0778,2015,11,12,1.0,12.0
8.5763,55.0938,2015,11,12,1.0,1.9
12.117,56.667,2015,11,12,0.0,3.4
2.0955,51.9907,2015,11,12,1.0,1.28
2.0882,51.9788,2015,11,12,1.0,0.7
-118.893,32.18,2015,11,12,1.99,0.17
10.513,58.275,2015,11,13,0.0,1.1
10.85,58.295,2015,11,13,0.0,1.2
18.521,54.656,2015,11,13,0.0,14.24
11.433,58.258,2015,11,13,0.0,4.3
1.0303,51.5252,2015,11,13,1.0,1.65
11.3,57.87,2015,11,13,0.0,2.3
11.67,57.192,2015,11,13,0.0,4.2
12.117,56.667,2015,11,14,0.0,5.5
14.87,55.62,2015,11,14,0.0,5.1
16.202,56.3708,2015,11,14,0.0,4.3
17.67,57.12,2015,11,15,0.0,3.4
17.98,58.02,2015,11,15,0.0,2.8
18.23,58.58,2015,11,15,0.0,2.2
22.9802,63.9188,2015,11,16,0.0,3.1
10.3652,54.9485,2015,11,16,1.0,4.38
21.9897,63.404,2015,11,16,0.0,2.4
11.1563,56.1305,2015,11,16,1.0,2.5
10.4203,55.0293,2015,11,16,1.0,2.35
11.7705,55.0685,2015,11,16,1.0,0.4
21.033,62.985,2015,11,16,0.0,2.2
11.1702,55.4612,2015,11,16,1.0,1.6
10.567,55.4517,2015,11,17,1.0,3.18
9.533,55.2497,2015,11,17,1.0,1.6
11.3253,55.111,2015,11,17,1.0,3.0
11.0038,55.1698,2015,11,17,1.0,1.69
10.5192,55.4792,2015,11,17,3.6,2.48
9.5868,55.3665,2015,11,17,1.0,0.8
8.2107,56.3433,2015,11,17,1.0,2.3
10.8622,55.5077,2015,11,17,1.0,4.35
11.8273,54.7093,2015,11,17,1.0,0.4
12.2332,55.0132,2015,11,17,1.0,1.6
12.0538,55.161,2015,11,17,1.0,2.7
10.2107,56.4738,2015,11,18,1.0,1.7
11.2822,55.2483,2015,11,18,1.0,2.7
9.2925,56.5958,2015,11,18,1.0,12.0
8.4148,56.601,2015,11,18,1.0,3.1
11.4643,55.2053,2015,11,18,1.0,9.7
-6.684,55.1487,2015,11,18,1.0,8.57
10.3187,56.1547,2015,11,19,1.0,3.38
9.0625,56.954,2015,11,19,1.0,2.3
10.3687,56.2427,2015,11,19,1.0,2.2
9.6292,57.035,2015,11,19,1.0,2.4
9.9153,57.6078,2015,11,20,1.0,2.6
16.501,56.7723,2015,11,20,0.5,2.3
10.2568,55.0755,2015,11,23,1.0,2.01
10.5322,55.6027,2015,11,23,1.0,5.3
18.521,54.656,2015,11,23,0.0,3.8
12.75,55.867,2015,11,23,1.0,0.7
10.0752,55.166,2015,11,23,1.0,2.19
9.561,56.9417,2015,11,23,0.6,2.8
-9.0612,52.6805,2015,11,23,0.2,4.22
-9.135,52.6268,2015,11,23,0.3,3.22
8.549,55.337,2015,11,23,1.0,3.24
-8.8197,52.681,2015,11,23,0.1,3.59
9.7632,55.4588,2015,11,23,1.0,2.54
-8.6605,52.6565,2015,11,23,0.1,3.25
8.3445,55.5122,2015,11,23,1.0,1.5
-8.417,54.8692,2015,11,23,0.0,1.0
14.8237,56.1115,2015,11,23,0.5,3.7
-8.3162,54.844,2015,11,23,0.0,1.0
-8.3162,54.844,2015,11,23,0.0,1.0
-8.3162,54.844,2015,11,23,0.0,1.0
-8.35,54.84,2015,11,23,0.0,1.0
-8.2765,54.862,2015,11,23,0.0,1.0
-8.39,54.85,2015,11,23,0.0,1.0
10.7717,55.2977,2015,11,24,0.5,1.5
19.585,54.373,2015,11,24,0.0,42.7
15.8187,56.0815,2015,11,24,0.5,2.0
-9.8463,54.2867,2015,11,24,0.1,2.88
11.7705,55.0685,2015,11,24,1.0,4.2
-8.5748,54.2412,2015,11,24,0.0,8.33
-8.5943,54.3123,2015,11,24,0.2,1.64
10.3743,55.0628,2015,11,25,0.5,5.9
11.8572,55.9978,2015,11,25,1.0,5.3
11.51,54.8753,2015,11,25,1.0,4.2
9.6687,55.7043,2015,11,25,1.0,2.6
-8.449,54.8473,2015,11,25,0.3,1.16
10.7028,54.8858,2015,11,25,1.0,5.0
-8.3743,54.8457,2015,11,25,0.1,4.02
11.8723,54.6272,2015,11,25,1.0,2.9
9.5283,55.4927,2015,11,25,1.0,1.4
11.8273,54.7093,2015,11,25,1.0,1.99
-8.501,54.8708,2015,11,25,0.1,2.4
8.5763,55.0938,2015,11,25,1.0,1.8
-7.7518,55.25,2015,11,25,0.2,1.91
-7.5285,55.0947,2015,11,25,0.1,2.51
-7.7518,55.25,2015,11,25,0.1,0.96
10.5242,54.7532,2015,11,26,1.0,3.98
12.2955,54.976,2015,11,26,1.0,1.8
9.9737,56.6627,2015,11,26,1.0,1.67
-7.6792,55.151,2015,11,26,0.2,1.38
10.1603,54.9977,2015,11,26,1.0,2.57
11.678,55.1968,2015,11,26,1.0,2.04
-5.8067,54.668,2015,11,26,1.0,0.81
12.0538,55.161,2015,11,26,1.0,1.7
12.1538,55.1827,2015,11,26,1.0,2.2
-8.2197,54.5058,2015,11,26,0.1,3.87
18.521,54.656,2015,11,27,0.0,3.3
9.0758,56.6208,2015,11,30,3.2,1.5
9.2925,56.5958,2015,11,30,1.0,15.0
-6.1607,54.0568,2015,11,30,1.0,0.84
8.4148,56.601,2015,11,30,1.0,5.2
10.567,55.4517,2015,12,1,1.0,3.46
8.2243,56.0778,2015,12,1,1.0,26.4
9.8245,54.8373,2015,12,1,1.0,1.8
9.0625,56.954,2015,12,1,1.6,3.44
10.5192,55.4792,2015,12,1,1.0,2.3
11.2822,55.2483,2015,12,1,1.0,2.3
9.6292,57.035,2015,12,1,1.0,4.2
11.4643,55.2053,2015,12,1,1.0,1.6
-6.684,55.1487,2015,12,1,1.0,9.62
11.678,55.1968,2015,12,1,1.0,2.6
11.24,58.353,2015,12,1,0.0,1.5
11.403,58.343,2015,12,1,0.0,1.5
11.433,58.258,2015,12,1,0.0,2.9
11.627,58.393,2015,12,1,0.0,0.8
10.3913,56.0442,2015,12,2,1.0,2.7
10.2107,56.4738,2015,12,2,1.0,1.6
10.8022,55.066,2015,12,2,1.0,2.97
10.0752,55.166,2015,12,2,1.0,2.64
10.3085,56.9895,2015,12,2,0.0,2.2
11.58,58.23,2015,12,2,0.0,1.3
9.5868,55.3665,2015,12,2,1.0,5.43
12.75,55.867,2015,12,2,1.0,1.9
12.067,55.713,2015,12,2,1.0,1.1
11.1702,55.4612,2015,12,2,1.0,1.7
10.3687,56.2427,2015,12,2,1.0,2.3
10.8622,55.5077,2015,12,2,1.0,4.15
9.533,55.2497,2015,12,2,1.0,2.12
11.8723,54.6272,2015,12,2,1.0,2.0
11.81,58.1092,2015,12,2,0.0,3.1
11.8273,54.7093,2015,12,2,1.0,6.0
11.687,57.667,2015,12,2,0.0,2.6
11.907,57.692,2015,12,2,0.0,1.8
11.8572,55.9978,2015,12,3,1.0,4.3
10.7717,55.2977,2015,12,3,0.5,0.8
10.5322,55.6027,2015,12,3,1.0,3.31
12.2955,54.976,2015,12,3,1.0,4.2
11.103,58.868,2015,12,3,0.0,2.3
10.7917,56.8567,2015,12,3,1.0,6.19
10.0903,55.6743,2015,12,3,1.0,1.46
11.1563,56.1305,2015,12,3,1.0,2.6
9.9153,57.6078,2015,12,3,1.0,0.9
12.107,57.137,2015,12,3,0.0,4.3
12.05,57.407,2015,12,3,0.0,1.6
-7.217,55.067,2015,12,4,1.0,0.63
11.7952,55.8662,2015,12,7,1.0,1.1
10.2568,55.0755,2015,12,7,1.0,1.68
9.722,55.429,2015,12,7,1.0,1.9
9.561,56.9417,2015,12,7,0.6,6.6
8.549,55.337,2015,12,7,1.0,7.5
11.1563,56.1305,2015,12,7,1.0,2.2
10.3743,55.0628,2015,12,7,0.5,1.77
8.3445,55.5122,2015,12,7,1.0,2.0
24.838,59.842,2015,12,7,0.0,1.9
9.8238,54.9483,2015,12,7,1.0,2.0
9.8245,54.8373,2015,12,7,1.0,1.3
22.9,59.483,2015,12,7,0.0,0.8
21.7468,59.183,2015,12,8,0.0,0.9
21.0795,59.03,2015,12,8,0.0,0.7
20.32,58.88,2015,12,8,0.0,1.1
17.617,58.8,2015,12,8,0.0,0.6
10.7028,54.8858,2015,12,8,1.0,1.5
11.3253,55.111,2015,12,8,1.0,1.4
16.5645,57.0982,2015,12,8,0.5,1.5
10.1603,54.9977,2015,12,8,1.0,3.36
8.2107,56.3433,2015,12,8,1.0,9.2
12.2332,55.0132,2015,12,8,1.0,1.5
19.88,58.0,2015,12,8,0.0,1.1
12.0538,55.161,2015,12,8,1.0,2.3
20.05,57.33,2015,12,8,0.0,1.0
19.58,56.63,2015,12,8,0.0,1.1
21.9532,60.2557,2015,12,8,0.0,1.7
18.4,55.555,2015,12,9,0.0,1.8
10.5242,54.7532,2015,12,9,1.0,4.11
16.501,56.7723,2015,12,9,0.5,1.7
10.8022,55.066,2015,12,9,1.0,1.73
11.1702,55.4612,2015,12,9,1.0,1.2
10.8622,55.5077,2015,12,9,1.0,1.7
15.98,55.25,2015,12,9,0.0,1.5
15.33,55.38,2015,12,9,0.0,2.1
2.858,51.225,2015,12,9,3.0,1.51
2.67,51.168,2015,12,9,3.0,2.2
14.08,55.0,2015,12,10,0.0,2.9
13.3,55.0,2015,12,10,0.0,2.4
11.678,55.1968,2015,12,10,1.0,0.7
-5.8067,54.668,2015,12,10,1.0,0.41
12.75,55.867,2015,12,10,0.0,1.7
12.117,56.667,2015,12,10,0.0,0.7
11.67,57.192,2015,12,10,0.0,1.3
10.513,58.275,2015,12,11,0.0,0.6
10.85,58.295,2015,12,11,0.0,0.8
11.03,58.337,2015,12,11,0.0,0.8
11.433,58.258,2015,12,11,0.0,0.8
11.3,57.87,2015,12,11,0.0,0.8
12.117,56.667,2015,12,11,0.0,2.3
14.87,55.62,2015,12,12,0.0,2.7
16.202,56.3708,2015,12,12,0.0,1.4
17.67,57.12,2015,12,13,0.0,2.0
17.98,58.02,2015,12,13,0.0,1.8
18.23,58.58,2015,12,13,0.0,0.7
10.5322,55.6027,2015,12,14,1.0,1.85
12.2955,54.976,2015,12,14,1.0,1.36
12.75,55.867,2015,12,14,1.0,0.5
8.351,55.3375,2015,12,14,1.0,1.8
10.5192,55.4792,2015,12,14,1.0,1.49
10.5163,56.867,2015,12,14,1.0,1.4
9.6687,55.7043,2015,12,14,1.0,1.0
10.7917,56.8567,2015,12,14,1.0,0.5
11.7705,55.0685,2015,12,14,1.0,0.5
10.2107,56.4738,2015,12,14,1.0,1.1
10.0752,55.166,2015,12,15,1.0,1.46
9.7632,55.4588,2015,12,15,1.0,2.3
9.5283,55.4927,2015,12,15,1.0,2.2
10.3913,56.0442,2015,12,15,1.0,1.0
9.722,55.429,2015,12,15,1.0,3.61
10.3085,56.9895,2015,12,15,0.0,1.4
9.0758,56.6208,2015,12,15,1.0,0.9
9.9153,57.6078,2015,12,15,1.0,0.9
11.51,54.8753,2015,12,15,1.0,5.2
10.3187,56.1547,2015,12,15,1.0,1.4
10.745,57.3,2015,12,15,1.0,1.9
9.4707,55.0312,2015,12,15,1.0,2.1
9.9072,55.851,2015,12,15,1.0,1.0
9.2925,56.5958,2015,12,15,1.0,6.2
10.3687,56.2427,2015,12,15,1.0,2.2
8.1083,55.967,2015,12,15,1.0,1.3
12.067,55.713,2015,12,15,1.0,0.8
9.8238,54.9483,2015,12,15,1.0,1.5
11.8273,54.7093,2015,12,15,1.0,1.9
8.4148,56.601,2015,12,15,1.0,1.4
14.8237,56.1115,2015,12,15,0.5,0.7
10.2568,55.0755,2015,12,16,1.0,1.67
10.7717,55.2977,2015,12,16,0.5,1.0
10.5242,54.7532,2015,12,16,1.0,3.66
9.0625,56.954,2015,12,16,1.0,0.8
11.2822,55.2483,2015,12,16,1.0,1.1
15.8187,56.0815,2015,12,16,0.5,0.5
11.4643,55.2053,2015,12,16,1.0,3.56
10.4203,55.0293,2015,12,16,1.0,1.76
10.7028,54.8858,2015,12,17,1.0,0.5
10.3743,55.0628,2015,12,17,0.5,1.36
14.2972,55.65,2015,12,17,0.5,1.2

-71.375,38.984,2015,10,31,0.26,0.439
-70.436,39.725,2015,10,31,0.26,0.59
-70.024,39.837,2015,10,31,2.74,0.781
-39.522,59.969,2015,10,31,0.1,0.869
-144.514,49.994,2015,10,31,0.1,0.619
-70.641,39.855,2015,10,31,0.17,1.066
-71.381,38.994,2015,10,31,0.3,0.936
-88.871,-52.94,2015,10,31,0.27,0.13
-70.138,39.694,2015,10,31,0.43,0.657
-70.622,39.855,2015,10,31,0.17,1.278
-43.023,-42.356,2015,10,31,0.23,0.929
-70.053,39.83,2015,11,1,1.85,0.745
-71.39,39.006,2015,11,1,0.3,1.08
-144.817,50.07,2015,11,1,0.93,1.212
-70.598,39.858,2015,11,1,0.15,1.518
-71.399,39.017,2015,11,1,0.24,0.857
-70.408,39.691,2015,11,1,0.26,1.325
-144.815,50.078,2015,11,1,0.58,1.526
-88.885,-52.949,2015,11,1,0.27,0.799
-70.082,39.82,2015,11,1,0.66,0.715
-144.245,49.977,2015,11,1,0.11,1.966
-70.565,39.857,2015,11,1,0.14,1.416
-39.541,59.965,2015,11,1,0.1,0.861
-71.402,39.027,2015,11,1,0.24,0.612
-144.638,50.013,2015,11,1,0.46,1.685
12.8862,-10.9089,2015,11,1,4.9,0.169
-70.205,39.762,2015,11,1,0.52,0.0657
-70.54,39.856,2015,11,1,0.13,1.409
-70.112,39.826,2015,11,1,2.51,0.569
-88.89,-52.942,2015,11,1,0.36,0.77
-71.404,39.037,2015,11,1,0.23,0.583
-43.032,-42.334,2015,11,1,0.31,0.324
-70.507,39.854,2015,11,1,0.12,1.102
-144.25,49.958,2015,11,1,0.55,2.326
-71.409,39.046,2015,11,1,0.22,0.554
-70.368,39.664,2015,11,1,0.24,1.584
-70.488,39.852,2015,11,1,0.12,1.0
-70.118,39.836,2015,11,1,0.58,0.584
-39.525,59.964,2015,11,1,0.1,0.635
-144.795,50.072,2015,11,1,0.36,1.836
-88.871,-52.93,2015,11,1,0.39,0.23
-71.409,39.052,2015,11,1,0.22,0.403
-144.799,50.021,2015,11,1,0.29,1.321
-144.384,50.327,2015,11,1,0.4,1.98
-70.435,39.84,2015,11,1,0.1,0.818
-144.747,50.038,2015,11,1,0.69,1.354
12.9789,-10.8425,2015,11,1,2.7,0.194
-70.12,39.864,2015,11,1,1.0,0.518
-71.407,39.056,2015,11,1,0.2,0.713
-88.834,-52.929,2015,11,1,0.21,0.158
-70.331,39.627,2015,11,1,0.19,1.354
-70.381,39.836,2015,11,1,0.1,1.095
-71.404,39.057,2015,11,1,0.19,0.612
-70.374,39.84,2015,11,1,0.1,1.241
-70.112,39.894,2015,11,1,2.23,0.65
-43.024,-42.3,2015,11,1,0.24,1.181
-144.352,49.962,2015,11,1,0.4,0.857
13.0227,-10.8144,2015,11,2,3.6,0.218
-71.403,39.057,2015,11,2,0.2,0.677
-39.505,59.967,2015,11,2,0.1,0.876
-144.362,50.27,2015,11,2,0.71,2.023
-70.323,39.799,2015,11,2,0.62,0.073
-144.805,50.081,2015,11,2,0.34,1.325
-88.801,-52.947,2015,11,2,0.42,0.763
-144.788,50.011,2015,11,2,1.03,1.555
-144.807,50.079,2015,11,2,0.49,1.67
-70.376,39.866,2015,11,2,0.11,1.825
-70.12,39.92,2015,11,2,2.5,0.942
-71.401,39.057,2015,11,2,0.22,0.806
-70.292,39.596,2015,11,2,0.2,1.13
-144.792,50.073,2015,11,2,0.38,1.829
13.0524,-10.7738,2015,11,2,0.8,0.206
-71.399,39.055,2015,11,2,0.2,0.871
-88.8,-52.97,2015,11,2,0.24,0.842
-70.38,39.896,2015,11,2,0.1,2.183
-70.13,39.952,2015,11,2,1.55,0.766
13.0639,-10.7652,2015,11,2,1.2,0.182
13.071,-10.7621,2015,11,2,3.3,0.29
-39.546,59.968,2015,11,2,0.11,0.949
-144.324,50.214,2015,11,2,0.88,2.34
13.0791,-10.7549,2015,11,2,1.5,0.169
-71.394,39.052,2015,11,2,0.21,0.677
-43.033,-42.288,2015,11,2,0.25,1.426
-144.493,49.962,2015,11,2,0.34,2.254
13.0861,-10.7514,2015,11,2,3.1,0.278
-70.376,39.925,2015,11,2,0.13,3.102
-70.108,39.996,2015,11,2,0.45,0.548
13.0998,-10.7446,2015,11,2,4.0,0.254
-71.391,39.05,2015,11,2,0.22,0.785
-144.795,50.007,2015,11,2,0.54,1.38
-144.799,50.077,2015,11,2,0.41,1.447
-88.816,-52.992,2015,11,2,0.23,0.475
13.1115,-10.7353,2015,11,2,3.7,0.303
-70.379,39.945,2015,11,2,0.15,2.358
-70.083,40.023,2015,11,2,2.41,0.416
-70.272,39.579,2015,11,2,0.24,0.958
-71.39,39.05,2015,11,2,0.23,0.533
13.1235,-10.7287,2015,11,2,4.5,0.266
-144.735,50.136,2015,11,2,0.34,1.699
-144.542,49.968,2015,11,2,0.5,1.721
-70.386,39.971,2015,11,2,0.18,1.847
-144.288,50.162,2015,11,2,0.4,1.915
13.1318,-10.7266,2015,11,2,3.4,0.29
-70.075,40.058,2015,11,2,3.32,0.803
-71.387,39.046,2015,11,2,0.24,0.806
13.1416,-10.7297,2015,11,2,4.1,0.254
-70.384,39.988,2015,11,2,0.14,3.059
-39.54,59.962,2015,11,2,0.1,0.876
-88.842,-52.992,2015,11,2,0.23,0.13
13.1453,-10.7273,2015,11,2,2.2,0.278
-70.066,40.09,2015,11,2,1.99,2.029
-71.384,39.041,2015,11,2,0.27,0.698
-43.043,-42.271,2015,11,2,0.24,0.684
13.1509,-10.7305,2015,11,2,3.4,0.242
-70.391,39.998,2015,11,2,0.17,4.519
-144.809,49.995,2015,11,2,0.4,0.467
-144.609,49.969,2015,11,2,0.44,0.605
13.1534,-10.7302,2015,11,2,2.4,0.254
-70.227,39.541,2015,11,2,0.27,1.606
-144.806,50.075,2015,11,2,0.39,1.21
13.1533,-10.7332,2015,11,3,3.2,0.23
-70.4,40.007,2015,11,3,0.21,5.074
-70.068,40.116,2015,11,3,2.94,1.526
-71.381,39.033,2015,11,3,0.25,1.066
13.1547,-10.7303,2015,11,3,1.8,0.242
13.1613,-10.7262,2015,11,3,4.1,0.218
-70.408,40.016,2015,11,3,0.17,4.468
-70.074,40.137,2015,11,3,2.15,2.219
-70.076,40.14,2015,11,3,3.06,2.278
-144.266,50.111,2015,11,3,0.52,2.232
-71.379,39.025,2015,11,3,0.24,0.785
-144.677,50.192,2015,11,3,0.77,1.361
13.1744,-10.7181,2015,11,3,3.2,0.242
-70.408,40.027,2015,11,3,0.17,4.468
-70.075,40.161,2015,11,3,2.26,2.621
13.1804,-10.7124,2015,11,3,4.7,0.218
-70.077,40.163,2015,11,3,3.31,2.862
13.1861,-10.7082,2015,11,3,3.8,0.206
-70.403,40.036,2015,11,3,0.19,4.168
-70.069,40.183,2015,11,3,2.31,2.847
-71.379,39.017,2015,11,3,0.25,0.857
13.197,-10.7001,2015,11,3,3.1,0.169
-70.394,40.044,2015,11,3,0.19,3.986
-70.069,40.185,2015,11,3,2.87,2.832
-70.178,39.502,2015,11,3,0.28,1.066
-88.831,-52.995,2015,11,3,0.19,0.749
13.2008,-10.6938,2015,11,3,2.4,0.145
-43.049,-42.26,2015,11,3,0.18,0.979
13.2056,-10.6909,2015,11,3,3.6,0.157
-70.387,40.053,2015,11,3,0.2,5.329
-70.057,40.2,2015,11,3,2.28,2.613
-70.057,40.201,2015,11,3,3.28,2.891
-71.386,39.007,2015,11,3,0.26,0.871
13.2149,-10.6853,2015,11,3,3.3,0.169
-70.383,40.062,2015,11,3,0.21,3.73
-144.807,49.98,2015,11,3,0.83,1.358
-144.797,50.08,2015,11,3,0.98,1.591
-144.701,50.011,2015,11,3,0.43,1.771
13.2164,-10.6804,2015,11,3,3.8,0.169
13.2203,-10.6782,2015,11,3,3.6,0.182
-70.049,40.213,2015,11,3,2.38,3.081
-70.049,40.213,2015,11,3,3.13,3.095
-144.246,50.051,2015,11,3,0.37,2.203
13.2279,-10.6738,2015,11,3,2.9,0.194
-70.379,40.07,2015,11,3,0.23,3.256
-71.393,38.999,2015,11,3,0.29,0.511
-39.528,59.961,2015,11,3,0.1,0.766
13.2317,-10.6697,2015,11,3,1.7,0.157
13.2348,-10.6679,2015,11,3,2.9,0.169
-70.374,40.077,2015,11,3,0.24,1.949
-70.049,40.221,2015,11,3,2.18,2.102
-70.051,40.221,2015,11,3,3.55,2.095
-144.608,50.236,2015,11,3,1.22,1.598
13.241,-10.6644,2015,11,3,3.0,0.169
13.2468,-10.6592,2015,11,3,2.8,0.194
-70.374,40.083,2015,11,3,0.24,0.949
-70.054,40.23,2015,11,3,2.38,1.745
-70.057,40.231,2015,11,3,3.4,1.591
-71.4,38.991,2015,11,3,0.32,0.281
-70.126,39.458,2015,11,3,0.31,0.295
13.2515,-10.6562,2015,11,3,2.5,0.194
-70.376,40.081,2015,11,3,0.23,0.861
-70.131,39.456,2015,11,3,0.32,0.274
13.2536,-10.6522,2015,11,3,1.9,0.169
13.2557,-10.651,2015,11,3,2.8,0.206
13.2577,-10.6498,2015,11,3,3.7,0.194
13.2598,-10.6486,2015,11,3,3.0,0.194
-70.378,40.083,2015,11,3,0.22,0.693
-70.059,40.243,2015,11,3,2.04,1.007
-70.059,40.246,2015,11,3,2.42,0.934
-70.137,39.458,2015,11,3,0.31,0.396
13.2615,-10.6454,2015,11,3,0.7,0.23
13.2636,-10.6444,2015,11,3,3.4,0.218
-70.383,40.08,2015,11,3,0.2,0.971
-70.143,39.461,2015,11,3,0.33,0.295
13.2676,-10.6425,2015,11,3,3.1,0.218
13.2684,-10.6391,2015,11,3,2.2,0.206
13.2671,-10.6401,2015,11,3,3.6,0.194
-70.389,40.08,2015,11,3,0.15,1.883
-70.054,40.261,2015,11,3,2.76,1.007
-71.409,38.976,2015,11,3,0.3,0.331
-70.147,39.465,2015,11,3,0.29,0.403
13.2643,-10.6422,2015,11,3,2.7,0.194
13.2625,-10.6406,2015,11,3,0.1,0.218
-70.152,39.467,2015,11,3,0.29,0.598
-43.058,-42.246,2015,11,3,0.17,0.85
-144.226,50.002,2015,11,3,0.33,0.806
-88.824,-53.024,2015,11,3,0.17,0.158
13.2612,-10.6417,2015,11,3,2.8,0.194
13.2585,-10.6439,2015,11,3,3.1,0.194
-70.394,40.076,2015,11,3,0.17,3.475
-70.042,40.28,2015,11,3,2.71,2.27
-70.039,40.283,2015,11,3,2.63,2.146
-71.416,38.965,2015,11,3,0.27,0.763
-70.156,39.468,2015,11,3,0.28,0.713
-144.806,50.082,2015,11,3,0.36,1.001
13.2561,-10.6428,2015,11,3,1.3,0.218
13.2547,-10.6444,2015,11,3,2.9,0.157
13.2534,-10.6459,2015,11,3,4.3,0.194
-70.401,40.071,2015,11,3,0.19,4.124
-70.162,39.469,2015,11,3,0.3,0.821
-39.535,59.942,2015,11,3,0.11,0.985
-144.794,50.055,2015,11,3,0.72,0.986
13.252,-10.6475,2015,11,3,2.4,0.194
13.2491,-10.6467,2015,11,3,2.7,0.194
-70.034,40.294,2015,11,3,2.72,2.088
-70.033,40.295,2015,11,3,1.85,3.095
-70.168,39.471,2015,11,3,0.29,0.727
-144.796,49.968,2015,11,3,0.35,0.818
13.2482,-10.6487,2015,11,4,3.4,0.169
13.2462,-10.653,2015,11,4,3.3,0.23
-70.412,40.067,2015,11,4,0.19,3.679
-70.034,40.304,2015,11,4,2.17,2.548
-70.174,39.475,2015,11,4,0.28,0.706
-70.182,39.479,2015,11,4,0.29,0.778
-144.534,50.286,2015,11,4,0.27,1.13
13.246,-10.6532,2015,11,4,4.3,0.169
13.245,-10.6551,2015,11,4,2.8,0.182
-70.426,40.064,2015,11,4,0.19,4.373
-70.036,40.304,2015,11,4,1.93,2.599
-71.427,38.956,2015,11,4,0.28,1.008
-70.189,39.483,2015,11,4,0.33,0.792
13.2427,-10.6594,2015,11,4,2.7,0.133
-70.042,40.314,2015,11,4,3.01,2.737
-70.197,39.487,2015,11,4,0.27,0.706
13.242,-10.6615,2015,11,4,3.3,0.157
-70.444,40.065,2015,11,4,0.18,3.752
-70.046,40.316,2015,11,4,0.88,2.796
-71.437,38.947,2015,11,4,0.28,0.95
-70.205,39.491,2015,11,4,0.28,0.742
-144.264,49.968,2015,11,4,0.25,1.886
13.2412,-10.667,2015,11,4,2.5,0.157
13.2413,-10.6668,2015,11,4,2.0,0.182
-70.052,40.328,2015,11,4,2.28,2.876
-70.212,39.494,2015,11,4,0.29,1.066
13.2402,-10.6695,2015,11,4,0.5,0.169
13.2389,-10.6725,2015,11,4,3.0,0.169
-70.466,40.065,2015,11,4,0.18,4.132
-70.055,40.33,2015,11,4,0.45,2.971
-70.218,39.496,2015,11,4,0.3,0.986
13.2374,-10.6759,2015,11,4,2.9,0.206
13.2353,-10.676,2015,11,4,1.3,0.194
-70.622,39.548,2015,11,4,1.41,0.0073
-70.055,40.343,2015,11,4,2.4,2.489
-70.057,40.346,2015,11,4,2.06,2.737
-71.449,38.942,2015,11,4,0.3,0.958
-70.223,39.5,2015,11,4,0.3,0.691
-144.794,50.077,2015,11,4,0.25,2.045
13.2319,-10.6786,2015,11,4,3.4,0.169
13.2279,-10.6815,2015,11,4,3.9,0.182
-70.487,40.065,2015,11,4,0.19,2.92
-70.228,39.502,2015,11,4,0.3,0.806
-43.063,-42.239,2015,11,4,0.18,1.166
13.224,-10.6844,2015,11,4,3.2,0.0968
-70.048,40.357,2015,11,4,2.41,2.029
-70.234,39.505,2015,11,4,0.31,0.958
-39.528,59.959,2015,11,4,0.1,0.92
-144.809,50.08,2015,11,4,0.27,1.656
13.2187,-10.6843,2015,11,4,1.6,0.121
13.214,-10.6874,2015,11,4,3.0,0.133
-70.501,40.065,2015,11,4,0.2,4.3
-70.037,40.367,2015,11,4,2.81,1.701
-71.457,38.934,2015,11,4,0.31,1.109
-70.239,39.508,2015,11,4,0.3,0.634
13.2038,-10.6939,2015,11,4,3.5,0.121
-70.512,40.064,2015,11,4,0.21,3.898
-70.035,40.368,2015,11,4,1.27,1.942
-70.243,39.51,2015,11,4,0.31,0.799
-39.676,59.903,2015,11,4,0.2,0.835
-144.448,50.326,2015,11,4,0.23,1.858
13.1985,-10.694,2015,11,4,4.3,0.182
-70.023,40.373,2015,11,4,3.11,1.715
-70.25,39.511,2015,11,4,0.31,0.634
-144.802,49.96,2015,11,4,0.34,1.599
-88.855,-53.042,2015,11,4,0.13,0.691
13.1933,-10.6977,2015,11,4,2.8,0.218
-70.524,40.063,2015,11,4,0.22,2.723
-70.023,40.373,2015,11,4,2.95,1.767
-71.466,38.929,2015,11,4,0.31,0.648
-70.258,39.514,2015,11,4,0.31,0.612
-70.266,39.516,2015,11,4,0.33,0.533
-144.349,49.972,2015,11,4,0.24,2.102
-70.536,40.061,2015,11,4,0.23,1.577
-70.018,40.376,2015,11,4,2.87,1.372
13.1815,-10.7063,2015,11,4,2.6,0.169
-70.55,40.063,2015,11,4,0.24,1.161
-70.281,39.518,2015,11,4,0.32,0.346
-70.287,39.52,2015,11,4,0.34,0.331
13.1767,-10.7073,2015,11,4,1.5,0.206
-70.021,40.379,2015,11,4,2.57,1.037
13.1702,-10.712,2015,11,4,3.1,0.23
-70.562,40.063,2015,11,4,0.28,0.956
-71.476,38.919,2015,11,4,0.32,0.475
-70.3,39.521,2015,11,4,0.33,0.252
-70.571,40.065,2015,11,4,0.24,1.19
-70.025,40.384,2015,11,4,2.91,1.007
-39.554,59.932,2015,11,4,0.1,0.81
13.1556,-10.7224,2015,11,4,3.2,0.254
-70.58,40.066,2015,11,4,0.24,1.402
-70.025,40.392,2015,11,4,2.51,1.285
-71.494,38.913,2015,11,4,0.31,0.41
-70.314,39.532,2015,11,4,0.34,0.238
-144.399,50.326,2015,11,4,0.25,1.253
-144.753,50.135,2015,11,4,0.42,1.57
13.146,-10.7257,2015,11,4,4.2,0.242
-70.587,40.066,2015,11,4,0.24,2.044
-43.067,-42.233,2015,11,4,0.15,0.346
13.138,-10.7323,2015,11,4,4.3,0.29
-70.595,40.067,2015,11,4,0.23,3.526
-70.016,40.399,2015,11,4,2.49,2.416
-144.437,49.986,2015,11,4,0.2,0.994
-70.603,40.068,2015,11,4,0.27,3.781
-70.612,40.07,2015,11,4,0.24,3.489
-70.003,40.399,2015,11,4,2.93,2.197
-70.0,40.398,2015,11,4,2.63,2.664
-71.51,38.908,2015,11,4,0.31,1.094
-70.001,40.398,2015,11,4,2.69,2.737
-144.818,49.953,2015,11,4,0.35,0.577
-70.621,40.072,2015,11,5,0.25,3.723
-70.001,40.383,2015,11,5,2.56,2.978
-71.523,38.905,2015,11,5,0.33,1.102
-88.883,-53.033,2015,11,5,0.16,0.331
-70.631,40.074,2015,11,5,0.23,3.562
13.1001,-10.7635,2015,11,5,3.7,0.278
-70.642,40.075,2015,11,5,0.27,3.884
-70.007,40.359,2015,11,5,3.02,2.475
-70.01,40.357,2015,11,5,3.22,2.402
-70.392,39.597,2015,11,5,0.34,0.842
-39.552,59.959,2015,11,5,0.14,0.913
-70.654,40.077,2015,11,5,0.22,2.905
-70.009,40.339,2015,11,5,2.48,2.124
-70.667,40.079,2015,11,5,0.22,2.84
-70.011,40.337,2015,11,5,2.58,2.015
-71.533,38.905,2015,11,5,0.33,1.058
13.0791,-10.7847,2015,11,5,3.7,0.254
-70.679,40.08,2015,11,5,0.21,2.526
-70.008,40.327,2015,11,5,2.72,2.372
-144.353,50.259,2015,11,5,0.13,1.951
-144.525,49.996,2015,11,5,0.18,1.721
-71.54,38.903,2015,11,5,0.31,1.116
-144.703,50.198,2015,11,5,0.4,1.735
-70.69,40.083,2015,11,5,0.23,2.431
-70.004,40.321,2015,11,5,2.67,2.475
-43.072,-42.233,2015,11,5,0.11,1.274
-70.699,40.083,2015,11,5,0.23,2.329
13.0539,-10.8023,2015,11,5,3.5,0.145
-70.706,40.083,2015,11,5,0.22,2.745
-69.999,40.316,2015,11,5,2.72,2.212
-70.713,40.082,2015,11,5,0.21,2.825
-71.551,38.898,2015,11,5,0.31,0.67
-70.72,40.082,2015,11,5,0.22,2.905
-69.993,40.305,2015,11,5,2.63,2.84
-69.991,40.303,2015,11,5,3.02,2.854
-70.461,39.664,2015,11,5,0.32,0.67
-71.559,38.894,2015,11,5,0.32,0.569
-39.553,59.965,2015,11,5,0.11,0.73
-70.727,40.08,2015,11,5,0.22,1.694
-69.992,40.286,2015,11,5,2.71,1.73
-69.992,40.283,2015,11,5,3.44,1.643
-144.807,50.083,2015,11,5,0.1,1.404
13.0196,-10.8281,2015,11,5,2.4,0.169
-70.734,40.079,2015,11,5,0.23,1.774
-144.833,49.937,2015,11,5,0.14,1.438
-144.623,50.01,2015,11,5,0.1,1.462
-70.743,40.078,2015,11,5,0.23,1.511
-70.0,40.261,2015,11,5,2.93,1.307
-70.002,40.259,2015,11,5,3.04,1.212
13.0063,-10.8356,2015,11,5,3.9,0.218
-70.751,40.079,2015,11,5,0.2,1.38
-71.559,38.886,2015,11,5,0.32,0.331
-144.301,50.194,2015,11,5,0.11,2.045
-70.007,40.238,2015,11,5,2.7,1.307
-70.009,40.236,2015,11,5,2.6,1.35
-144.635,50.257,2015,11,5,0.1,1.742
-70.761,40.079,2015,11,5,0.21,1.241
-71.562,38.88,2015,11,5,0.3,0.425
-43.071,-42.231,2015,11,5,0.11,0.605
-70.769,40.081,2015,11,5,0.19,1.358
-70.008,40.223,2015,11,5,2.66,1.577
-70.009,40.222,2015,11,5,2.93,1.613
-70.777,40.08,2015,11,5,0.2,2.183
-70.534,39.73,2015,11,5,0.3,0.31
-70.785,40.078,2015,11,5,0.18,3.102
-70.006,40.211,2015,11,5,2.68,2.679
-70.006,40.211,2015,11,5,2.4,2.519
-71.571,38.879,2015,11,5,0.29,1.094
-39.532,59.97,2015,11,5,0.12,0.715
-144.818,50.066,2015,11,5,0.15,0.554
-70.795,40.078,2015,11,5,0.17,3.015
-70.003,40.199,2015,11,5,2.55,2.409
-70.004,40.197,2015,11,5,1.63,2.745
-144.706,50.027,2015,11,5,0.25,1.037
-70.804,40.077,2015,11,6,0.19,2.789
-70.815,40.076,2015,11,6,0.19,2.832
-70.004,40.18,2015,11,6,2.53,2.292
-70.004,40.178,2015,11,6,3.0,2.095
-71.577,38.875,2015,11,6,0.27,1.022
-88.804,-53.018,2015,11,6,0.24,0.554
12.9294,-10.8836,2015,11,6,3.0,0.182
-70.826,40.076,2015,11,6,0.19,3.446
-144.84,49.923,2015,11,6,0.25,1.643
-144.257,50.123,2015,11,6,0.1,1.944
-70.006,40.163,2015,11,6,1.21,2.095
-70.008,40.161,2015,11,6,1.58,2.168
-70.009,40.155,2015,11,6,2.79,1.993
-70.84,40.076,2015,11,6,0.18,3.365
-70.012,40.152,2015,11,6,1.86,2.051
-70.559,39.789,2015,11,6,0.29,0.59
-70.855,40.077,2015,11,6,0.15,2.825
-71.587,38.873,2015,11,6,0.29,1.21
-144.541,50.302,2015,11,6,0.36,1.598
-70.018,40.135,2015,11,6,2.57,1.869
-70.022,40.133,2015,11,6,1.87,1.876
-43.059,-42.241,2015,11,6,0.19,1.109
-70.87,40.079,2015,11,6,0.17,2.154
-39.521,59.978,2015,11,6,0.12,0.686
-144.801,50.09,2015,11,6,0.21,1.62
-144.777,50.057,2015,11,6,0.12,1.699
-70.888,40.079,2015,11,6,0.16,2.358
-70.023,40.123,2015,11,6,2.57,1.715
-71.599,38.873,2015,11,6,0.27,0.886
-70.905,40.078,2015,11,6,0.17,2.694
-70.025,40.124,2015,11,6,1.91,1.723
12.8679,-10.9282,2015,11,6,2.9,8.18
-70.922,40.075,2015,11,6,0.14,3.402
-70.02,40.112,2015,11,6,2.63,1.737
-70.02,40.111,2015,11,6,2.5,1.723
-71.601,38.872,2015,11,6,0.25,0.878
12.8552,-10.9373,2015,11,6,4.8,0.327
-70.942,40.075,2015,11,6,0.15,2.825
-70.523,39.815,2015,11,6,0.24,0.67
-144.834,49.911,2015,11,6,0.61,1.27
-144.222,50.053,2015,11,6,0.26,1.757
-144.79,50.07,2015,11,6,0.48,1.742
-88.78,-53.051,2015,11,6,0.13,0.295
-70.964,40.077,2015,11,6,0.18,1.526
-70.017,40.085,2015,11,6,2.93,1.124
-71.599,38.868,2015,11,6,0.26,0.518
12.8295,-10.9557,2015,11,6,4.6,0.278
-70.991,40.077,2015,11,6,0.11,1.672
-39.529,59.974,2015,11,6,0.11,0.577
-144.805,50.07,2015,11,6,1.12,1.39
-71.016,40.075,2015,11,6,0.11,2.664
-70.016,40.05,2015,11,6,2.45,1.81
-71.593,38.861,2015,11,6,0.23,0.432
-144.432,50.333,2015,11,6,0.13,1.692
-43.047,-42.259,2015,11,6,0.22,0.518
12.8039,-10.9709,2015,11,6,3.8,0.254
-71.04,40.078,2015,11,6,0.1,1.664
-71.586,38.853,2015,11,6,0.23,0.454
-71.063,40.078,2015,11,6,0.1,2.898
-70.009,40.018,2015,11,6,2.02,2.059
-70.454,39.75,2015,11,6,0.19,0.562
-144.742,50.115,2015,11,6,0.44,0.634
12.7785,-10.986,2015,11,6,3.8,0.182
-71.085,40.077,2015,11,6,0.1,2.818
-71.593,38.848,2015,11,6,0.2,1.152
-144.387,50.326,2015,11,6,0.44,0.756
12.7672,-10.9935,2015,11,7,2.2,0.23
-71.105,40.077,2015,11,7,0.12,3.044
-69.994,39.985,2015,11,7,2.62,2.073
-144.228,49.989,2015,11,7,0.34,0.612
-88.817,-53.078,2015,11,7,0.11,0.461
-71.127,40.078,2015,11,7,0.1,2.686
-144.835,49.906,2015,11,7,0.25,1.219
12.755,-11.0018,2015,11,7,3.9,0.206
-71.589,38.839,2015,11,7,0.2,1.001
-39.55,59.978,2015,11,7,0.1,0.642
-71.15,40.08,2015,11,7,0.11,2.847
-69.994,39.947,2015,11,7,3.0,1.774
-144.791,50.085,2015,11,7,0.51,1.49
12.7307,-11.0184,2015,11,7,3.8,0.0968
-71.169,40.079,2015,11,7,0.1,3.03
-71.586,38.828,2015,11,7,0.2,1.073
-43.032,-42.275,2015,11,7,0.22,1.354
-144.263,49.972,2015,11,7,0.11,2.621
-71.171,40.067,2015,11,7,0.1,2.54
-70.411,39.708,2015,11,7,0.19,0.619
-144.697,50.152,2015,11,7,0.47,1.627
-71.173,40.055,2015,11,7,0.1,2.672
-70.009,39.898,2015,11,7,2.03,1.569
-71.588,38.818,2015,11,7,0.2,0.835
-71.174,40.041,2015,11,7,0.1,2.117
-71.586,38.808,2015,11,7,0.18,0.785
-39.536,59.965,2015,11,7,0.11,0.635
-144.328,50.26,2015,11,7,0.16,1.915
12.6843,-11.0482,2015,11,7,4.0,0.194
-71.177,40.024,2015,11,7,0.11,2.044
11.6492,-15.745,2015,11,7,0.9,0.206
11.648,-15.7455,2015,11,7,3.7,0.254
11.6477,-15.7459,2015,11,7,2.2,0.242
11.6478,-15.7461,2015,11,7,3.5,0.303
-144.838,49.899,2015,11,7,0.25,1.219
-88.834,-53.073,2015,11,7,0.27,0.468
11.6488,-15.7479,2015,11,7,2.5,0.375
-71.18,40.009,2015,11,7,0.1,1.971
-71.589,38.8,2015,11,7,0.2,0.482
-144.802,50.076,2015,11,7,0.98,1.339
11.6507,-15.7496,2015,11,7,4.2,0.411
11.6521,-15.7508,2015,11,7,3.6,0.327
11.65,-15.75,2015,11,7,4.3,0.484
-70.484,39.747,2015,11,7,0.21,0.403
11.6487,-15.7504,2015,11,7,3.1,0.472
11.6467,-15.75,2015,11,7,3.9,0.532
12.703,-11.0333,2015,11,7,4.7,0.242
-144.389,49.978,2015,11,7,0.55,1.663
-144.653,50.186,2015,11,7,0.38,1.649
11.6438,-15.7503,2015,11,7,3.3,0.508
11.6396,-15.7486,2015,11,7,4.6,0.629
-71.181,39.991,2015,11,7,0.11,1.949
-43.007,-42.301,2015,11,7,0.21,0.31
11.6353,-15.7519,2015,11,7,3.9,0.641
-69.965,39.806,2015,11,7,0.74,1.657
12.7316,-11.0109,2015,11,7,3.3,0.218
-71.175,39.971,2015,11,7,0.1,2.672
11.6321,-15.7633,2015,11,7,4.2,0.641
-39.514,59.976,2015,11,7,0.1,0.869
11.6291,-15.7756,2015,11,7,4.5,0.653
12.7641,-10.9894,2015,11,7,3.2,0.218
-71.17,39.949,2015,11,7,0.11,2.818
-71.605,38.789,2015,11,7,0.2,1.109
-144.271,50.198,2015,11,7,0.67,0.677
11.6249,-15.7868,2015,11,7,4.5,0.641
-69.973,39.84,2015,11,7,2.03,1.482
-70.541,39.791,2015,11,7,0.21,0.835
11.6241,-15.7927,2015,11,8,1.9,0.653
-71.172,39.934,2015,11,8,0.11,1.212
11.6223,-15.805,2015,11,8,4.3,0.557
-144.838,49.89,2015,11,8,0.51,1.168
-144.802,50.082,2015,11,8,0.29,1.094
-144.6,50.225,2015,11,8,0.4,0.619
-88.82,-53.09,2015,11,8,0.1,0.468
12.795,-10.9685,2015,11,8,3.7,0.194
11.6164,-15.8179,2015,11,8,2.3,0.52
-69.979,39.878,2015,11,8,2.4,1.132
-144.51,49.99,2015,11,8,0.47,1.858
-71.157,39.899,2015,11,8,0.12,1.657
12.8276,-10.9476,2015,11,8,3.5,0.182
-42.976,-42.336,2015,11,8,0.23,1.238
-71.619,38.781,2015,11,8,0.23,0.828
-39.516,59.985,2015,11,8,0.11,0.759
11.6096,-15.8462,2015,11,8,2.0,0.411
-69.975,39.906,2015,11,8,3.13,0.927
-70.531,39.815,2015,11,8,0.22,0.814
11.6089,-15.8599,2015,11,8,4.1,0.29
-144.553,50.266,2015,11,8,0.34,1.872
-71.159,39.859,2015,11,8,0.24,1.635
11.6053,-15.8724,2015,11,8,3.1,0.254
-144.23,50.129,2015,11,8,0.24,2.254
11.6018,-15.8844,2015,11,8,4.8,0.375
-69.981,39.926,2015,11,8,1.51,1.073
11.6009,-15.8905,2015,11,8,4.3,0.266
12.8879,-10.9041,2015,11,8,3.7,0.182
-144.795,50.074,2015,11,8,0.27,1.31
11.5999,-15.8972,2015,11,8,1.9,0.278
-71.16,39.832,2015,11,8,0.21,1.372
-88.845,-53.114,2015,11,8,0.11,0.382
-144.823,49.878,2015,11,8,0.33,1.029
-144.613,50.025,2015,11,8,0.53,2.16
11.598,-15.9099,2015,11,8,4.2,0.339
12.9145,-10.8828,2015,11,8,3.4,0.194
-69.983,39.954,2015,11,8,4.81,1.153
-71.644,38.776,2015,11,8,0.32,0.382
-39.543,59.972,2015,11,8,0.1,0.628
11.5959,-15.924,2015,11,8,0.4,0.496
-70.466,39.749,2015,11,8,0.28,0.461
11.595,-15.9305,2015,11,8,3.7,0.496
-71.114,39.832,2015,11,8,0.21,0.511
-42.932,-42.375,2015,11,8,0.46,0.295
-144.491,50.296,2015,11,8,0.27,1.598
11.5944,-15.9376,2015,11,8,4.3,0.484
-69.992,39.973,2015,11,8,2.11,0.985
11.5958,-15.945,2015,11,8,4.8,0.496
12.9428,-10.8634,2015,11,8,4.2,0.206
-71.654,38.767,2015,11,8,0.33,0.511
11.5949,-15.9521,2015,11,8,2.2,0.496
11.5932,-15.966,2015,11,8,3.8,0.496
-71.068,39.832,2015,11,8,0.23,2.256
12.9727,-10.8489,2015,11,8,4.1,0.206
-69.999,40.0,2015,11,8,1.71,1.621
-144.217,50.06,2015,11,8,0.27,2.318
11.5906,-15.9783,2015,11,8,4.8,0.448
-144.807,50.08,2015,11,8,0.71,1.145
11.586,-15.9912,2015,11,9,4.7,0.411
-70.399,39.695,2015,11,9,0.34,1.282
-39.547,59.963,2015,11,9,0.1,0.715
-144.729,50.05,2015,11,9,0.35,1.728
-69.982,40.033,2015,11,9,2.71,1.35
-88.889,-53.128,2015,11,9,0.1,0.418
11.5837,-15.9955,2015,11,9,4.8,0.411
11.5805,-16.0013,2015,11,9,2.0,0.424
13.002,-10.8308,2015,11,9,3.8,0.206
-71.024,39.833,2015,11,9,0.25,2.314
-144.821,49.878,2015,11,9,0.34,1.19
-144.427,50.33,2015,11,9,0.35,1.67
11.5742,-16.0128,2015,11,9,3.1,0.484
-69.978,40.058,2015,11,9,2.8,1.241
11.568,-16.024,2015,11,9,2.1,0.363
13.0312,-10.8129,2015,11,9,3.9,0.194
-71.672,38.755,2015,11,9,0.38,0.598
-42.883,-42.428,2015,11,9,0.22,1.397
-70.982,39.834,2015,11,9,0.25,1.38
11.5617,-16.0355,2015,11,9,4.8,0.303
-69.993,40.078,2015,11,9,2.93,1.686
-144.395,50.328,2015,11,9,0.26,2.023
11.5578,-16.043,2015,11,9,4.8,0.266
11.5539,-16.0497,2015,11,9,3.0,0.23
13.0593,-10.7941,2015,11,9,4.4,0.242
-70.954,39.828,2015,11,9,0.25,2.066
-71.684,38.742,2015,11,9,0.41,0.583
-70.339,39.653,2015,11,9,0.36,1.138
11.5499,-16.0569,2015,11,9,2.0,0.182
11.5481,-16.0599,2015,11,9,4.8,0.218
11.5464,-16.0629,2015,11,9,1.7,0.194
-70.005,40.102,2015,11,9,1.65,2.022
-39.527,59.976,2015,11,9,0.1,0.737
-144.796,50.078,2015,11,9,0.3,1.411
-144.218,49.989,2015,11,9,0.31,1.937
11.5435,-16.0679,2015,11,9,4.1,0.206
-144.814,50.074,2015,11,9,0.81,1.411
11.5397,-16.0746,2015,11,9,4.4,0.194
11.2785,-17.7418,2015,11,9,3.6,0.581
13.0885,-10.7764,2015,11,9,3.8,0.266
-70.92,39.829,2015,11,9,0.26,1.643
11.5364,-16.085,2015,11,9,3.0,0.169
11.5334,-16.093,2015,11,9,4.4,0.23
11.2717,-17.7399,2015,11,9,4.3,0.774
11.2737,-17.7402,2015,11,9,0.5,0.484
-70.01,40.127,2015,11,9,1.71,1.759
-88.924,-53.12,2015,11,9,0.13,0.446
11.5296,-16.1032,2015,11,9,2.5,0.206
11.265,-17.7355,2015,11,9,4.9,0.968
-144.819,49.876,2015,11,9,0.36,1.073
11.5264,-16.1117,2015,11,9,3.0,0.242
11.2687,-17.7316,2015,11,9,4.1,0.968
-70.011,40.146,2015,11,9,2.77,1.409
-70.014,40.15,2015,11,9,2.54,1.562
11.2529,-17.7271,2015,11,9,2.9,0.956
-70.871,39.832,2015,11,9,0.28,0.599
-42.845,-42.486,2015,11,9,0.24,0.382
-144.367,50.277,2015,11,9,0.46,1.865
11.5212,-16.1255,2015,11,9,4.1,0.339
-70.021,40.161,2015,11,9,2.72,1.73
-70.024,40.164,2015,11,9,3.15,1.723
-71.704,38.736,2015,11,9,0.34,0.353
-70.277,39.613,2015,11,9,0.38,0.389
11.2473,-17.7087,2015,11,9,2.9,1.488
-70.829,39.833,2015,11,9,0.25,0.847
-70.032,40.176,2015,11,9,2.74,2.927
-39.337,59.724,2015,11,9,2.49,0.914
-39.511,59.979,2015,11,9,0.12,0.854
11.2447,-17.6988,2015,11,9,2.7,1.331
11.2446,-17.6898,2015,11,9,4.2,1.283
13.1439,-10.7345,2015,11,9,1.9,0.242
-70.034,40.177,2015,11,9,0.65,2.913
13.1524,-10.7268,2015,11,9,3.6,0.242
-70.808,39.834,2015,11,9,0.25,0.73
-144.8,50.079,2015,11,9,0.45,1.188
11.2445,-17.6707,2015,11,9,3.2,1.041
-70.04,40.194,2015,11,9,2.8,2.635
-70.04,40.197,2015,11,9,2.59,3.256
13.1674,-10.7131,2015,11,9,3.5,0.23
13.1729,-10.7077,2015,11,10,2.9,0.242
-70.036,40.212,2015,11,10,2.72,2.686
-70.036,40.213,2015,11,10,3.06,2.445
13.1785,-10.7048,2015,11,10,3.8,0.242
13.1838,-10.7019,2015,11,10,4.6,0.206
-70.765,39.844,2015,11,10,0.24,1.445
-144.331,50.229,2015,11,10,0.38,2.513
-88.922,-53.106,2015,11,10,0.19,0.554
13.1889,-10.6992,2015,11,10,3.4,0.206
-70.751,39.845,2015,11,10,0.24,1.394
-70.025,40.229,2015,11,10,2.63,2.372
-70.027,40.228,2015,11,10,3.37,2.482
-70.219,39.572,2015,11,10,0.33,1.217
11.2478,-17.6067,2015,11,10,4.9,1.234
13.1933,-10.6973,2015,11,10,1.8,0.218
-70.018,40.239,2015,11,10,2.61,2.029
-70.019,40.237,2015,11,10,3.17,2.007
-39.526,59.965,2015,11,10,0.13,0.847
13.2024,-10.6927,2015,11,10,3.7,0.23
13.2066,-10.6906,2015,11,10,3.5,0.194
-71.762,38.723,2015,11,10,0.31,0.626
13.2109,-10.6887,2015,11,10,2.1,0.182
-70.71,39.833,2015,11,10,0.22,1.117
-70.024,40.242,2015,11,10,2.44,2.27
-70.029,40.24,2015,11,10,3.42,2.372
-144.804,50.064,2015,11,10,0.1,1.231
11.2445,-17.567,2015,11,10,4.8,0.932
13.2155,-10.6863,2015,11,10,3.0,0.157
-144.821,49.875,2015,11,10,0.26,1.117
13.2241,-10.6818,2015,11,10,3.6,0.169
-70.685,39.834,2015,11,10,0.19,0.825
-70.035,40.246,2015,11,10,2.49,2.132
-70.04,40.246,2015,11,10,2.9,2.117
-144.8,50.082,2015,11,10,0.28,1.152
13.2296,-10.6806,2015,11,10,2.3,0.133
13.2334,-10.6783,2015,11,10,4.2,0.157
13.2408,-10.6738,2015,11,10,3.9,0.169
13.2456,-10.6719,2015,11,10,2.1,0.133
13.2485,-10.6701,2015,11,10,3.3,0.157
-70.164,39.537,2015,11,10,0.28,0.878
13.254,-10.6665,2015,11,10,3.3,0.0968
-70.655,39.838,2015,11,10,0.18,0.847
13.2572,-10.6647,2015,11,10,2.1,0.133
13.2594,-10.6627,2015,11,10,4.7,0.145
11.2359,-17.4873,2015,11,10,4.3,2.359
13.2633,-10.6592,2015,11,10,4.0,0.121
13.2658,-10.6573,2015,11,10,3.0,0.145
13.2658,-10.6572,2015,11,10,4.1,0.157
-39.534,59.963,2015,11,10,0.1,0.431
-88.917,-53.111,2015,11,10,0.1,0.425
11.2327,-17.477,2015,11,10,3.9,2.529
13.2659,-10.657,2015,11,10,2.9,0.182
-144.258,50.138,2015,11,10,0.2,1.944
13.266,-10.6567,2015,11,10,1.7,0.169
13.2636,-10.6582,2015,11,10,3.2,0.182
-70.616,39.839,2015,11,10,0.15,0.869
-71.819,38.723,2015,11,10,0.2,0.31
11.4362,-16.2641,2015,11,10,2.8,3.981
13.2585,-10.6613,2015,11,10,3.1,0.145
13.2563,-10.6626,2015,11,10,0.0,0.157
13.2536,-10.6646,2015,11,10,3.1,0.145
-144.748,50.12,2015,11,10,0.2,1.21
11.2308,-17.4422,2015,11,10,4.5,2.65
13.2509,-10.6667,2015,11,10,4.9,0.157
13.2481,-10.6688,2015,11,10,3.4,0.157
-144.81,50.075,2015,11,10,0.88,0.562
13.2458,-10.671,2015,11,10,2.1,0.182
13.2428,-10.6731,2015,11,10,2.8,0.169
11.2299,-17.4189,2015,11,10,3.8,5.99
13.2363,-10.6776,2015,11,10,2.8,0.194
-70.589,39.833,2015,11,10,0.1,1.044
-70.113,39.487,2015,11,10,0.23,0.835
13.2347,-10.68,2015,11,10,4.0,0.206
13.2309,-10.682,2015,11,10,3.7,0.206
11.2259,-17.4013,2015,11,10,3.1,2.783
13.2229,-10.6862,2015,11,10,3.6,0.182
13.2203,-10.6886,2015,11,10,1.9,0.206
-70.572,39.834,2015,11,10,0.1,1.292
-39.502,59.971,2015,11,10,0.1,0.766
11.2253,-17.3846,2015,11,11,1.5,1.755
13.2158,-10.6908,2015,11,11,3.4,0.206
-144.825,49.864,2015,11,11,0.33,0.591
-144.245,50.089,2015,11,11,0.33,1.282
11.225,-17.376,2015,11,11,2.5,1.9
11.2247,-17.3675,2015,11,11,3.5,1.658
13.2061,-10.6955,2015,11,11,3.0,0.157
11.4091,-16.3603,2015,11,11,3.5,2.819
13.2029,-10.6977,2015,11,11,2.0,0.169
-71.85,38.712,2015,11,11,0.11,0.612
11.4025,-16.3762,2015,11,11,3.3,2.65
11.224,-17.3498,2015,11,11,3.8,3.158
13.1984,-10.7015,2015,11,11,3.7,0.182
-70.535,39.831,2015,11,11,0.1,1.088
-144.682,50.176,2015,11,11,0.47,1.332
-88.884,-53.145,2015,11,11,0.67,0.698
11.22,-17.3414,2015,11,11,2.8,3.569
-70.053,39.432,2015,11,11,0.1,1.008
11.3961,-16.3915,2015,11,11,3.6,2.456
11.2206,-17.3343,2015,11,11,3.7,2.069
13.1887,-10.7095,2015,11,11,3.6,0.194
-144.795,50.075,2015,11,11,0.38,0.972
13.1853,-10.7129,2015,11,11,1.7,0.182
13.1801,-10.7173,2015,11,11,3.7,0.194
-70.512,39.835,2015,11,11,0.12,1.818
11.3874,-16.4151,2015,11,11,4.1,2.384
11.2218,-17.3192,2015,11,11,2.5,2.299
11.2224,-17.3119,2015,11,11,4.1,2.42
11.3827,-16.4361,2015,11,11,3.8,1.549
11.223,-17.3043,2015,11,11,4.3,1.041
13.1682,-10.7274,2015,11,11,3.5,0.121
-39.51,59.97,2015,11,11,0.1,0.701
-144.24,50.032,2015,11,11,0.42,1.98
11.378,-16.4571,2015,11,11,3.5,1.355
11.2242,-17.2897,2015,11,11,3.4,3.243
-70.482,39.849,2015,11,11,0.11,2.613
11.3732,-16.4783,2015,11,11,4.3,2.468
11.3672,-16.4926,2015,11,11,4.6,2.735
11.2218,-17.2739,2015,11,11,2.1,1.053
11.2238,-17.2589,2015,11,11,3.5,2.795
-71.873,38.708,2015,11,11,0.1,0.389
-70.004,39.362,2015,11,11,0.13,0.684
-88.92,-53.173,2015,11,11,0.1,0.202
11.2258,-17.2437,2015,11,11,3.1,4.61
-70.45,39.851,2015,11,11,0.1,1.54
-144.609,50.235,2015,11,11,0.2,1.195
11.2277,-17.2287,2015,11,11,3.7,4.501
-144.829,49.861,2015,11,11,0.88,1.117
11.3377,-16.5611,2015,11,11,4.2,4.199
-70.432,39.844,2015,11,11,0.1,2.11
-69.998,39.348,2015,11,11,0.1,0.814
-144.802,50.082,2015,11,11,0.38,1.022
-144.224,49.986,2015,11,11,0.21,2.124
11.2272,-17.2156,2015,11,11,1.7,3.412
-39.51,59.972,2015,11,11,0.1,0.781
11.3282,-16.5847,2015,11,11,4.5,3.582
11.2279,-17.2096,2015,11,11,4.1,4.15
13.1046,-10.7672,2015,11,11,4.5,0.194
11.3225,-16.6033,2015,11,11,3.2,4.295
11.2286,-17.2035,2015,11,11,0.5,2.323
11.2292,-17.1974,2015,11,11,3.2,2.045
-88.911,-53.199,2015,11,11,0.17,0.216
11.3167,-16.6222,2015,11,11,4.1,3.219
11.2299,-17.1915,2015,11,11,3.3,1.258
-70.41,39.826,2015,11,11,0.1,2.438
-144.253,49.979,2015,11,11,0.51,1.116
13.0824,-10.7787,2015,11,11,3.8,0.182
-70.064,39.622,2015,11,11,1.11,0.146
-69.996,39.374,2015,11,11,0.1,1.008
11.3106,-16.6422,2015,11,11,4.8,3.388
11.2312,-17.1791,2015,11,11,3.6,1.113
-71.901,38.694,2015,11,11,0.14,0.562
11.3059,-16.6652,2015,11,12,3.4,3.436
-70.396,39.826,2015,11,12,0.1,1.956
11.2306,-17.1649,2015,11,12,2.8,1.077
13.0577,-10.7912,2015,11,12,3.9,0.169
-144.524,50.283,2015,11,12,0.16,1.296
11.3037,-16.6867,2015,11,12,4.2,3.207
11.2306,-17.1519,2015,11,12,2.7,1.125
11.3015,-16.7077,2015,11,12,2.7,3.037
13.0454,-10.7993,2015,11,12,2.4,0.194
11.2994,-16.7281,2015,11,12,4.3,2.432
11.2306,-17.1385,2015,11,12,4.5,0.98
-70.379,39.84,2015,11,12,0.1,1.81
-39.524,59.971,2015,11,12,0.12,0.657
-144.803,50.071,2015,11,12,0.51,1.094
11.2276,-17.1163,2015,11,12,3.9,0.762
-70.019,39.431,2015,11,12,0.15,0.619
-144.334,49.977,2015,11,12,0.21,1.742
11.228,-17.1106,2015,11,12,3.5,0.665
-88.967,-53.21,2015,11,12,0.28,0.713
11.2767,-16.7924,2015,11,12,3.8,0.883
-70.379,39.877,2015,11,12,0.11,1.92
-144.836,49.862,2015,11,12,0.48,1.19
-71.912,38.69,2015,11,12,0.17,0.67
11.2296,-17.0885,2015,11,12,2.4,0.678
12.9984,-10.8295,2015,11,12,2.7,0.121
11.2625,-16.8257,2015,11,12,4.5,1.258
11.2612,-16.837,2015,11,12,3.4,2.795
11.2304,-17.0775,2015,11,12,1.8,0.726
12.9872,-10.8378,2015,11,12,3.2,0.121
-70.377,39.912,2015,11,12,0.11,2.015
-144.42,50.318,2015,11,12,0.11,1.145
11.2588,-16.8589,2015,11,12,4.7,1.573
11.2279,-17.0639,2015,11,12,4.6,1.113
-39.541,59.962,2015,11,12,0.1,0.584
-144.793,50.078,2015,11,12,0.12,0.922
11.2562,-16.8815,2015,11,12,1.8,1.839
11.255,-16.8923,2015,11,12,4.5,1.924
12.9646,-10.8546,2015,11,12,3.6,0.145
-70.025,39.499,2015,11,12,0.19,0.756
-144.418,49.984,2015,11,12,0.68,1.735
11.2537,-16.9036,2015,11,12,3.3,1.67
11.2478,-16.914,2015,11,12,4.8,1.779
11.2316,-17.0395,2015,11,12,3.7,1.513
-70.368,39.945,2015,11,12,0.1,1.102
11.2485,-16.9253,2015,11,12,1.9,1.827
11.2334,-17.0272,2015,11,12,3.2,1.452
-71.876,38.671,2015,11,12,0.1,0.526
-144.385,50.315,2015,11,12,0.33,1.534
-89.024,-53.194,2015,11,12,0.13,0.122
11.2498,-16.9477,2015,11,12,1.8,1.646
11.2283,-17.021,2015,11,12,4.8,1.428
-144.238,49.966,2015,11,12,0.18,1.051
11.2273,-17.0166,2015,11,12,0.3,1.331
-70.368,39.969,2015,11,12,0.1,2.19
11.2512,-16.9703,2015,11,12,0.5,1.767
11.2252,-17.0072,2015,11,12,2.3,1.367
11.2526,-16.9929,2015,11,12,3.5,1.73
11.2241,-17.0024,2015,11,12,3.5,1.404
-70.373,39.989,2015,11,12,0.1,2.38
-39.509,59.981,2015,11,12,0.11,0.774
11.223,-16.9977,2015,11,12,1.1,1.355
-144.507,49.996,2015,11,12,1.2,0.641
11.2478,-16.9952,2015,11,13,4.9,1.597
11.2484,-16.9886,2015,11,13,2.5,1.803
-70.037,39.553,2015,11,13,0.1,1.332
11.2208,-16.9881,2015,11,13,2.0,1.222
-70.374,40.008,2015,11,13,0.16,1.883
-144.835,49.849,2015,11,13,0.16,1.029
-144.798,50.081,2015,11,13,0.48,1.037
11.2494,-16.9753,2015,11,13,1.9,1.561
11.2174,-16.9827,2015,11,13,3.8,1.319
11.217,-16.9775,2015,11,13,1.6,1.258
-70.283,39.813,2015,11,13,0.11,0.504
11.2505,-16.9619,2015,11,13,1.4,1.525
11.2165,-16.9723,2015,11,13,4.7,1.246
-70.377,40.024,2015,11,13,0.1,1.482
11.2161,-16.967,2015,11,13,2.5,1.125
-70.377,40.036,2015,11,13,0.1,1.124
-144.331,50.238,2015,11,13,0.17,1.39
11.2515,-16.9484,2015,11,13,3.1,1.464
11.2152,-16.9564,2015,11,13,0.4,0.811
11.2148,-16.9509,2015,11,13,3.6,0.908
-70.377,40.044,2015,11,13,0.1,0.847
-71.873,38.637,2015,11,13,0.1,0.605
-89.054,-53.159,2015,11,13,0.1,0.677
11.2457,-16.9592,2015,11,13,3.5,0.774
11.2143,-16.9455,2015,11,13,4.7,0.811
-70.285,39.823,2015,11,13,0.21,0.475
-39.519,59.975,2015,11,13,0.13,0.657
-144.347,49.959,2015,11,13,0.11,1.476
-70.377,40.05,2015,11,13,0.12,0.825
-70.034,39.612,2015,11,13,0.1,1.073
-144.583,49.993,2015,11,13,0.38,1.534
-70.378,40.056,2015,11,13,0.1,0.467
-70.375,40.063,2015,11,13,0.2,0.496
-70.337,39.77,2015,11,13,0.86,0.0219
-70.371,40.071,2015,11,13,0.1,0.533
-144.8,50.077,2015,11,13,0.13,0.943
11.249,-17.0351,2015,11,13,3.7,0.52
12.8985,-10.9022,2015,11,13,0.5,0.0968
-70.371,40.079,2015,11,13,0.11,0.401
11.2516,-17.0502,2015,11,13,4.9,0.799
11.2139,-16.8914,2015,11,13,0.6,1.319
-70.375,40.08,2015,11,13,0.1,0.38
-144.283,50.167,2015,11,13,0.79,1.051
11.254,-17.0646,2015,11,13,1.2,1.234
11.2163,-16.887,2015,11,13,4.7,1.089
-70.378,40.078,2015,11,13,0.11,0.292
11.2552,-17.0718,2015,11,13,3.7,0.932
11.2565,-17.0793,2015,11,13,2.4,1.573
11.2191,-16.8824,2015,11,13,1.8,1.234
-70.389,40.071,2015,11,13,0.1,0.387
-70.064,39.669,2015,11,13,0.1,0.554
-39.536,59.962,2015,11,13,0.11,0.635
-144.661,50.007,2015,11,13,0.12,1.382
11.2211,-16.8788,2015,11,13,4.8,1.307
11.2235,-16.8756,2015,11,13,1.2,1.113
-89.027,-53.128,2015,11,13,0.11,0.115
11.2512,-17.0905,2015,11,13,3.2,1.15
11.226,-16.8723,2015,11,13,4.0,1.174
12.9387,-10.872,2015,11,13,4.9,0.145
-70.402,40.066,2015,11,13,0.1,0.621
-144.481,49.965,2015,11,13,0.45,1.21
11.2285,-16.869,2015,11,13,3.9,1.041
-70.419,40.063,2015,11,13,0.1,0.803
11.2493,-17.107,2015,11,13,2.7,1.089
12.9524,-10.8607,2015,11,13,0.0,0.194
11.2473,-17.124,2015,11,13,2.2,1.391
11.2233,-16.8554,2015,11,13,2.4,1.186
-70.439,40.063,2015,11,13,0.1,0.752
11.2229,-16.8431,2015,11,13,0.2,1.827
-144.811,50.079,2015,11,13,0.14,0.756
-89.001,-53.129,2015,11,13,0.1,0.13
11.2453,-17.1405,2015,11,14,2.1,1.307
11.2227,-16.8369,2015,11,14,3.2,1.234
-70.458,40.068,2015,11,14,0.1,0.796
11.2226,-16.8306,2015,11,14,1.5,1.101
11.2438,-17.1505,2015,11,14,2.7,1.186
11.2222,-16.8183,2015,11,14,3.5,0.968
-70.478,40.072,2015,11,14,0.12,0.679
-70.063,39.726,2015,11,14,0.11,1.26
-39.535,59.962,2015,11,14,0.12,0.635
-144.244,50.097,2015,11,14,0.28,1.865
-144.738,50.04,2015,11,14,0.52,1.426
11.2504,-17.1629,2015,11,14,3.1,1.053
-70.496,40.068,2015,11,14,0.11,0.628
11.2148,-16.8046,2015,11,14,0.3,0.811
13.0007,-10.8315,2015,11,14,4.1,0.109
11.2569,-17.1749,2015,11,14,4.9,1.016
13.0061,-10.8275,2015,11,14,0.0,0.169
-70.512,40.064,2015,11,14,0.1,0.818
11.2635,-17.1872,2015,11,14,3.3,1.137
11.2134,-16.7937,2015,11,14,0.7,0.69
11.2119,-16.7827,2015,11,14,0.2,1.125
-70.526,40.06,2015,11,14,0.1,0.978
-144.603,49.994,2015,11,14,0.13,1.296
11.2624,-17.1971,2015,11,14,1.2,0.895
-70.54,40.057,2015,11,14,0.1,0.774
11.2641,-17.2112,2015,11,14,3.0,0.956
11.2103,-16.7713,2015,11,14,1.8,0.944
-70.553,40.054,2015,11,14,0.1,0.832
-144.788,50.079,2015,11,14,0.43,1.138
11.2657,-17.2249,2015,11,14,1.5,1.718
11.2073,-16.7603,2015,11,14,2.9,0.859
13.0547,-10.8077,2015,11,14,4.1,0.0968
-70.567,40.053,2015,11,14,0.1,0.891
-70.055,39.771,2015,11,14,0.15,0.922
-39.509,59.969,2015,11,14,0.13,0.548
-144.806,50.066,2015,11,14,0.63,1.181
11.2674,-17.2391,2015,11,14,2.9,0.762
11.2115,-16.7489,2015,11,14,3.2,1.307
-70.58,40.051,2015,11,14,0.11,0.65
-88.964,-53.152,2015,11,14,0.12,0.518
13.0596,-10.8052,2015,11,14,2.0,0.109
-70.591,40.049,2015,11,14,0.1,0.781
-144.226,50.02,2015,11,14,0.31,1.606
11.2586,-17.2463,2015,11,14,2.2,1.367
11.2157,-16.7375,2015,11,14,4.1,1.815
11.2197,-16.7264,2015,11,14,2.3,2.686
-70.598,40.043,2015,11,14,0.1,1.153
11.2598,-17.2586,2015,11,14,1.6,1.343
-70.562,39.562,2015,11,14,3.75,0.183
-144.789,50.076,2015,11,14,0.29,1.346
11.2609,-17.2708,2015,11,14,2.6,1.295
11.2154,-16.7168,2015,11,14,1.0,1.488
-70.579,40.019,2015,11,14,0.1,0.876
11.2621,-17.2828,2015,11,14,2.8,1.476
11.216,-16.7063,2015,11,14,3.6,1.621
13.1049,-10.7749,2015,11,14,4.3,0.194
-70.027,39.813,2015,11,14,0.17,0.886
11.2166,-16.6961,2015,11,14,0.8,1.646
11.2561,-17.2934,2015,11,14,2.4,2.432
13.1141,-10.767,2015,11,14,3.6,0.157
-39.501,59.978,2015,11,14,0.12,0.606
-144.81,50.083,2015,11,14,0.47,0.526
-144.252,49.972,2015,11,14,0.67,0.583
11.2531,-17.3073,2015,11,14,2.1,2.093
11.2173,-16.6859,2015,11,14,1.1,1.561
13.1194,-10.7629,2015,11,14,4.0,0.182
-70.548,39.985,2015,11,14,0.11,0.73
11.2501,-17.3209,2015,11,14,2.6,1.863
13.1231,-10.7578,2015,11,14,3.0,0.157
11.2174,-16.6744,2015,11,15,0.8,2.178
13.1284,-10.7555,2015,11,15,2.4,0.157
-88.967,-53.183,2015,11,15,0.12,0.166
11.2472,-17.3345,2015,11,15,3.1,1.186
11.221,-16.6629,2015,11,15,4.0,1.863
13.1327,-10.751,2015,11,15,3.0,0.145
-144.752,50.116,2015,11,15,0.52,1.246
13.1409,-10.7423,2015,11,15,2.8,0.121
11.2246,-16.6509,2015,11,15,3.2,1.984
13.1451,-10.7393,2015,11,15,0.9,0.121
-70.017,39.802,2015,11,15,0.3,0.799
11.2284,-16.6387,2015,11,15,2.5,2.48
13.1509,-10.7363,2015,11,15,2.8,0.145
13.157,-10.7333,2015,11,15,3.8,0.182
11.2315,-16.6289,2015,11,15,2.7,1.815
13.1631,-10.7301,2015,11,15,2.5,0.169
-70.477,39.946,2015,11,15,0.17,0.891
-39.523,59.968,2015,11,15,0.11,0.606
11.2344,-16.6236,2015,11,15,4.3,2.505
11.2374,-16.6181,2015,11,15,2.0,1.815
13.1758,-10.7237,2015,11,15,2.0,0.145
-70.06,39.763,2015,11,15,0.27,0.842
-144.806,50.073,2015,11,15,0.28,1.073
-144.378,49.978,2015,11,15,0.16,1.642
11.2339,-17.3564,2015,11,15,2.3,0.92
11.2432,-16.6076,2015,11,15,2.4,2.13
13.1869,-10.7161,2015,11,15,4.5,0.133
13.1943,-10.7115,2015,11,15,3.7,0.121
-144.702,50.151,2015,11,15,0.48,1.382
11.2345,-17.336,2015,11,15,0.4,1.222
11.249,-16.597,2015,11,15,2.5,2.819
13.1984,-10.7071,2015,11,15,2.5,0.133
13.2023,-10.7029,2015,11,15,4.6,0.169
11.2351,-17.3165,2015,11,15,3.9,2.021
11.2507,-16.5921,2015,11,15,3.9,2.154
11.2545,-16.5865,2015,11,15,2.2,5.058
13.2061,-10.6988,2015,11,15,3.0,0.133
11.2586,-16.5806,2015,11,15,3.2,3.969
13.2126,-10.6939,2015,11,15,3.2,0.109
13.2187,-10.6915,2015,11,15,2.8,0.157
-89.007,-53.204,2015,11,15,0.14,0.266
11.2357,-17.2961,2015,11,15,2.4,1.513
11.2625,-16.5749,2015,11,15,3.0,3.678
13.2246,-10.6891,2015,11,15,4.7,0.133
13.2302,-10.6869,2015,11,15,3.1,0.133
-70.416,39.897,2015,11,15,0.2,0.854
11.2704,-16.5634,2015,11,15,1.9,5.711
13.2355,-10.6834,2015,11,15,2.3,0.169
-144.777,50.094,2015,11,15,0.23,1.217
13.2393,-10.6807,2015,11,15,2.9,0.182
13.2464,-10.6759,2015,11,15,2.8,0.169
-70.123,39.685,2015,11,15,0.29,0.626
-39.536,59.966,2015,11,15,0.1,0.35
13.2497,-10.6728,2015,11,15,2.6,0.218
13.2519,-10.6707,2015,11,15,2.3,0.206
11.2809,-16.5471,2015,11,15,4.0,4.174
13.2542,-10.6685,2015,11,15,4.4,0.194
13.2562,-10.6666,2015,11,15,2.7,0.182
-144.796,50.084,2015,11,15,0.17,1.123
11.2847,-16.5419,2015,11,15,1.0,7.817
13.2581,-10.6635,2015,11,15,3.1,0.218
13.2599,-10.6618,2015,11,15,1.5,0.218
13.2616,-10.6602,2015,11,15,4.9,0.169
13.2633,-10.6586,2015,11,15,3.2,0.169
-144.504,49.993,2015,11,15,0.27,1.418
-144.663,50.191,2015,11,15,0.27,1.418
11.2928,-16.5319,2015,11,15,1.3,7.768
13.264,-10.6566,2015,11,15,0.0,0.182
13.2647,-10.6572,2015,11,15,2.6,0.169
11.2319,-17.3247,2015,11,15,3.1,1.27
13.266,-10.6582,2015,11,15,3.0,0.182
13.2645,-10.6573,2015,11,15,0.1,0.182
11.2324,-17.3145,2015,11,15,2.6,1.077
11.3017,-16.5211,2015,11,15,2.8,9.329
13.2627,-10.6589,2015,11,15,2.7,0.169
13.2609,-10.6605,2015,11,15,3.7,0.194
13.2591,-10.6621,2015,11,15,3.0,0.169
11.3103,-16.5107,2015,11,15,4.4,7.805
13.2575,-10.6623,2015,11,15,1.4,0.206
13.2558,-10.664,2015,11,15,1.9,0.169
-70.379,39.844,2015,11,15,0.17,1.913
11.2333,-17.2956,2015,11,16,2.1,0.859
13.2523,-10.6673,2015,11,16,1.5,0.145
13.2504,-10.669,2015,11,16,3.8,0.169
13.2482,-10.6711,2015,11,16,0.4,0.145
-70.175,39.613,2015,11,16,0.29,1.627
-89.035,-53.2,2015,11,16,0.11,0.302
11.2343,-17.276,2015,11,16,2.5,1.912
11.3156,-16.4984,2015,11,16,1.8,9.486
13.2461,-10.6732,2015,11,16,1.3,0.157
13.2437,-10.6754,2015,11,16,2.4,0.169
-72.04,38.465,2015,11,16,0.28,0.994
-39.518,59.982,2015,11,16,0.11,0.533
13.2424,-10.6751,2015,11,16,2.7,0.157
13.2398,-10.6766,2015,11,16,1.8,0.157
-70.38,39.873,2015,11,16,0.17,1.657
11.2352,-17.2568,2015,11,16,3.3,1.742
11.3209,-16.4837,2015,11,16,2.2,7.49
11.3236,-16.4762,2015,11,16,4.6,7.901
13.237,-10.6781,2015,11,16,3.1,0.206
13.234,-10.6797,2015,11,16,1.3,0.145
-144.733,50.159,2015,11,16,0.19,1.116
-144.615,50.234,2015,11,16,0.54,1.764
11.2302,-17.244,2015,11,16,3.8,2.178
11.3262,-16.4689,2015,11,16,1.1,7.841
13.231,-10.6813,2015,11,16,4.0,0.169
13.2282,-10.6828,2015,11,16,2.6,0.145
-144.863,49.823,2015,11,16,0.1,0.818
11.2302,-17.2348,2015,11,16,1.7,1.137
13.2215,-10.6865,2015,11,16,2.4,0.169
-144.795,50.078,2015,11,16,0.12,1.058
-144.618,50.013,2015,11,16,0.74,1.339
11.2303,-17.2159,2015,11,16,1.8,1.15
11.3317,-16.4538,2015,11,16,1.5,9.014
13.2172,-10.6874,2015,11,16,3.8,0.145
-89.123,-53.185,2015,11,16,0.1,0.698
11.2304,-17.2067,2015,11,16,4.3,1.912
11.2304,-17.1972,2015,11,16,2.6,0.411
13.2123,-10.6906,2015,11,16,2.9,0.157
13.2072,-10.6939,2015,11,16,4.0,0.145
-144.829,49.804,2015,11,16,0.36,0.832
11.3363,-16.4385,2015,11,16,4.1,6.909
13.2015,-10.6977,2015,11,16,2.8,0.133
11.2305,-17.1784,2015,11,16,4.6,2.081
11.342,-16.4249,2015,11,16,3.9,11.156
13.1891,-10.7059,2015,11,16,2.3,0.133
-70.232,39.541,2015,11,16,0.25,1.188
11.231,-17.1686,2015,11,16,2.8,2.299
-39.535,59.979,2015,11,16,0.1,0.518
11.233,-17.1591,2015,11,16,2.5,1.041
11.3477,-16.4113,2015,11,16,1.4,6.389
11.3508,-16.4041,2015,11,16,4.8,8.531
13.1758,-10.7147,2015,11,16,2.7,0.121
-70.378,39.95,2015,11,16,0.14,1.299
-72.018,38.454,2015,11,16,0.26,0.72
11.2369,-17.1409,2015,11,16,2.5,1.125
11.3537,-16.3971,2015,11,16,3.2,8.651
13.1678,-10.7189,2015,11,16,0.1,0.109
-144.565,50.262,2015,11,16,0.5,1.346
13.1589,-10.7236,2015,11,16,2.8,0.121
-89.146,-53.167,2015,11,16,0.14,0.367
11.2409,-17.1223,2015,11,16,2.9,1.391
11.3566,-16.3812,2015,11,16,3.4,9.317
13.1416,-10.7329,2015,11,16,2.4,0.121
11.2449,-17.1035,2015,11,16,3.0,2.009
11.3624,-16.364,2015,11,16,2.4,8.639
-144.663,50.211,2015,11,16,0.3,1.253
11.3655,-16.3549,2015,11,16,2.6,9.257
13.316,-22.9856,2015,11,16,2.5,2.412
13.1236,-10.7424,2015,11,16,2.3,0.133
-70.382,39.996,2015,11,16,0.16,0.693
-144.807,50.086,2015,11,16,0.47,0.972
-144.735,50.043,2015,11,16,0.1,1.001
11.2442,-17.0786,2015,11,16,1.9,0.678
11.3684,-16.3462,2015,11,16,3.4,8.434
13.3156,-22.9855,2015,11,16,0.5,2.46
13.3149,-22.9789,2015,11,16,0.6,2.364
13.3161,-22.9784,2015,11,16,0.4,3.144
13.1151,-10.747,2015,11,16,4.6,0.145
13.3136,-22.9764,2015,11,16,2.9,2.292
13.3118,-22.9777,2015,11,16,0.4,2.148
13.1063,-10.7517,2015,11,16,2.8,0.133
-70.287,39.479,2015,11,16,0.27,0.907
11.3742,-16.3291,2015,11,16,2.1,8.531
13.3009,-22.9744,2015,11,16,0.3,2.484
13.2939,-22.9717,2015,11,16,1.7,2.676
13.1063,-10.754,2015,11,16,3.8,0.157
13.1125,-10.7515,2015,11,16,4.0,0.157
11.2435,-17.0376,2015,11,16,1.7,0.484
13.2886,-22.9721,2015,11,16,0.4,2.568
-70.389,40.02,2015,11,16,0.15,0.949
-39.552,59.972,2015,11,16,0.11,0.599
11.3777,-16.3166,2015,11,16,3.5,7.296
13.2758,-22.9693,2015,11,16,0.4,2.184
13.1247,-10.7466,2015,11,16,4.8,0.145
-71.991,38.44,2015,11,16,0.25,0.742
-144.5,50.301,2015,11,16,0.57,0.936
11.2432,-17.016,2015,11,16,2.0,1.028
11.3843,-16.3021,2015,11,16,0.4,7.224
13.268,-22.9677,2015,11,16,3.5,2.484
13.2629,-22.9685,2015,11,16,2.3,2.196
11.3878,-16.2944,2015,11,16,3.9,7.417
13.1374,-10.7415,2015,11,16,3.9,0.133
-70.401,40.04,2015,11,16,0.18,1.781
11.2436,-16.9972,2015,11,17,1.2,1.5
11.3915,-16.2862,2015,11,17,2.9,7.417
13.2495,-22.9657,2015,11,17,0.3,2.28
13.15,-10.7364,2015,11,17,3.7,0.194
11.2504,-16.9817,2015,11,17,1.6,1.682
11.3987,-16.2706,2015,11,17,4.7,4.913
13.2396,-22.9643,2015,11,17,0.2,2.328
13.233,-22.9642,2015,11,17,3.6,2.448
13.1494,-10.7369,2015,11,17,3.6,0.169
13.228,-22.9636,2015,11,17,0.3,2.316
13.1408,-10.7416,2015,11,17,4.5,0.109
-70.4,40.056,2015,11,17,0.18,1.46
-144.812,50.077,2015,11,17,0.12,1.21
-89.158,-53.125,2015,11,17,0.22,0.634
11.2572,-16.9662,2015,11,17,1.1,2.335
11.2601,-16.9576,2015,11,17,3.5,1.827
13.2178,-22.9629,2015,11,17,0.4,2.1
13.1236,-10.7513,2015,11,17,4.0,0.145
-70.34,39.425,2015,11,17,0.28,0.77
-144.81,50.071,2015,11,17,0.49,1.001
11.2627,-16.9481,2015,11,17,3.4,2.989
11.4089,-16.237,2015,11,17,4.5,4.223
13.2077,-22.9626,2015,11,17,0.3,2.412
13.1153,-10.7559,2015,11,17,4.9,0.145
13.2028,-22.9624,2015,11,17,3.7,2.292
13.1978,-22.9621,2015,11,17,1.1,1.944
13.1065,-10.7608,2015,11,17,4.4,0.145
-70.39,40.07,2015,11,17,0.21,1.825
-39.552,59.968,2015,11,17,0.11,0.569
-144.442,50.33,2015,11,17,0.45,1.21
11.2654,-16.9308,2015,11,17,4.9,2.88
11.4136,-16.2182,2015,11,17,4.6,3.037
13.1876,-22.9633,2015,11,17,1.5,1.5
13.0893,-10.7705,2015,11,17,3.6,0.109
11.271,-16.915,2015,11,17,3.9,1.912
11.4183,-16.1992,2015,11,17,3.9,0.98
13.1778,-22.9639,2015,11,17,0.9,0.936
-70.377,40.079,2015,11,17,0.22,2.38
-71.972,38.413,2015,11,17,0.29,0.965
13.1681,-22.966,2015,11,17,0.5,0.528
13.0827,-10.7752,2015,11,17,4.4,0.109
-70.384,40.081,2015,11,17,0.28,1.022
11.2766,-16.8992,2015,11,17,2.2,1.379
11.423,-16.1859,2015,11,17,2.4,0.883
13.1589,-22.9674,2015,11,17,0.4,0.48
11.2821,-16.8836,2015,11,17,2.3,2.928
13.1542,-22.968,2015,11,17,2.8,0.6
13.1491,-22.9686,2015,11,17,0.3,0.516
-70.412,40.076,2015,11,17,0.26,1.0
11.4288,-16.1684,2015,11,17,2.2,1.246
13.0437,-10.7952,2015,11,17,3.4,0.0968
11.2809,-16.8691,2015,11,17,4.5,10.188
11.4347,-16.1504,2015,11,17,3.0,1.162
13.1422,-22.9673,2015,11,17,0.2,0.612
13.1338,-22.9675,2015,11,17,0.3,0.528
-70.407,39.385,2015,11,17,0.34,0.85
11.279,-16.8551,2015,11,17,4.2,12.548
13.1299,-22.9676,2015,11,17,4.6,0.84
13.1253,-22.9676,2015,11,17,0.2,0.78
13.0279,-10.8033,2015,11,17,3.8,0.121
-70.452,40.076,2015,11,17,0.28,0.679
-144.782,50.082,2015,11,17,0.61,0.95
-144.372,50.321,2015,11,17,0.49,1.656
11.4405,-16.1326,2015,11,17,3.2,2.057
13.1218,-22.9653,2015,11,17,2.8,1.092
13.0232,-10.8089,2015,11,17,4.3,0.109
11.277,-16.8414,2015,11,17,2.4,15.536
11.4442,-16.1247,2015,11,17,2.5,1.718
13.1169,-22.9653,2015,11,17,0.3,1.428
13.1123,-22.9651,2015,11,17,3.7,1.512
13.0161,-10.8129,2015,11,17,2.9,0.0968
-39.538,59.969,2015,11,17,0.1,0.401
-89.147,-53.121,2015,11,17,0.19,0.115
11.2751,-16.8274,2015,11,17,2.9,12.778
13.1075,-22.9652,2015,11,17,0.3,1.404
13.0013,-10.8211,2015,11,17,2.9,0.0968
-70.49,40.079,2015,11,17,0.29,0.664
11.4474,-16.0958,2015,11,17,4.9,0.762
13.0978,-22.9653,2015,11,17,0.2,1.956
-71.95,38.407,2015,11,17,0.34,0.742
11.2742,-16.8099,2015,11,17,4.1,14.701
13.0948,-22.953,2015,11,17,1.2,1.812
12.9868,-10.8291,2015,11,17,3.4,0.157
-70.515,40.081,2015,11,17,0.27,0.796
11.276,-16.7959,2015,11,17,2.6,12.657
11.4496,-16.0762,2015,11,17,4.2,0.532
13.0924,-22.9424,2015,11,17,0.2,1.908
12.9722,-10.8373,2015,11,17,3.3,0.472
11.4519,-16.0558,2015,11,17,4.2,0.327
13.09,-22.9321,2015,11,17,0.3,1.932
-70.54,40.079,2015,11,17,0.25,1.321
-70.46,39.343,2015,11,17,0.39,0.677
11.2778,-16.7817,2015,11,17,2.3,14.786
11.4533,-16.0493,2015,11,17,3.1,0.375
13.0787,-22.9305,2015,11,17,0.3,2.172
12.9617,-10.8465,2015,11,17,3.2,0.315
11.2796,-16.7679,2015,11,17,2.6,12.064
11.4537,-16.0401,2015,11,17,3.4,0.339
13.0688,-22.9369,2015,11,17,0.2,2.256
-70.567,40.073,2015,11,17,0.29,1.796
11.276,-16.7591,2015,11,17,2.9,11.677
11.4545,-16.022,2015,11,17,4.7,0.375
13.0634,-22.9403,2015,11,17,3.5,2.424
13.0583,-22.944,2015,11,17,0.2,2.196
12.9511,-10.8567,2015,11,17,3.3,0.448
-144.352,50.267,2015,11,17,0.44,0.612
11.2787,-16.7535,2015,11,18,3.8,13.407
13.0434,-22.9494,2015,11,18,0.4,2.316
12.9404,-10.8668,2015,11,18,3.2,0.714
-70.597,40.072,2015,11,18,0.31,1.679
-39.534,59.977,2015,11,18,0.39,0.599
-144.812,50.083,2015,11,18,0.31,0.907
11.2835,-16.7435,2015,11,18,3.2,12.294
11.4553,-16.0037,2015,11,18,3.7,0.327
-70.626,40.078,2015,11,18,0.3,1.569
13.0309,-22.9554,2015,11,18,0.2,2.616
12.9298,-10.8769,2015,11,18,3.0,0.194
-144.409,50.339,2015,11,18,0.26,1.498
-89.073,-53.1,2015,11,18,0.1,0.547
11.288,-16.7339,2015,11,18,2.4,8.034
11.4562,-15.9847,2015,11,18,3.3,0.266
13.0169,-22.9619,2015,11,18,0.2,2.82
12.9267,-10.88,2015,11,18,4.5,0.303
-70.654,40.088,2015,11,18,0.31,1.672
-71.904,38.395,2015,11,18,0.37,0.95
-144.842,50.1,2015,11,18,0.27,1.188
11.2925,-16.7244,2015,11,18,3.3,7.587
11.4542,-15.9806,2015,11,18,4.6,0.363
12.9211,-10.8841,2015,11,18,2.7,0.121
11.2891,-16.7201,2015,11,18,3.1,7.369
12.9969,-22.9631,2015,11,18,0.3,3.024
12.9097,-10.8922,2015,11,18,2.8,0.133
-70.685,40.084,2015,11,18,0.28,1.701
-70.532,39.323,2015,11,18,0.41,0.878
11.2912,-16.7148,2015,11,18,3.8,6.219
11.4558,-15.954,2015,11,18,4.4,0.23
12.9774,-22.9589,2015,11,18,0.3,1.104
11.295,-16.7052,2015,11,18,2.7,2.868
12.9667,-22.9557,2015,11,18,4.4,1.728
12.8983,-10.9005,2015,11,18,2.4,0.121
12.8926,-10.9045,2015,11,18,4.7,0.121
-70.713,40.082,2015,11,18,0.28,1.54
-144.385,50.322,2015,11,18,0.25,1.49
-144.321,50.218,2015,11,18,0.29,1.181
11.2988,-16.6954,2015,11,18,3.2,1.633
12.9563,-22.9526,2015,11,18,0.2,0.588
12.8867,-10.9088,2015,11,18,2.7,0.0726
12.8825,-10.9118,2015,11,18,3.3,0.0968
-39.532,59.971,2015,11,18,0.21,0.562
11.3026,-16.686,2015,11,18,3.8,1.331
11.4565,-15.913,2015,11,18,4.9,0.145
12.9337,-22.9549,2015,11,18,2.3,0.6
12.8804,-10.9139,2015,11,18,2.7,0.0847
-70.739,40.081,2015,11,18,0.27,1.329
11.303,-16.6828,2015,11,18,4.5,1.464
11.4552,-15.9043,2015,11,18,4.4,0.157
-144.804,50.074,2015,11,18,0.31,1.058
11.3055,-16.6748,2015,11,18,3.6,1.525
11.4527,-15.8869,2015,11,18,4.2,0.194
12.9142,-22.9585,2015,11,18,0.1,0.588
12.9043,-22.9602,2015,11,18,4.9,0.936
12.8759,-10.9184,2015,11,18,3.0,0.121
12.8737,-10.9206,2015,11,18,4.4,0.0968
-70.763,40.08,2015,11,18,0.3,1.248
12.8946,-22.962,2015,11,18,0.2,0.96
12.8716,-10.9228,2015,11,18,2.9,0.0968
-71.838,38.395,2015,11,18,0.37,0.554
11.3078,-16.6671,2015,11,18,4.2,3.436
11.4502,-15.8694,2015,11,18,4.1,0.254
12.8694,-10.925,2015,11,18,4.2,0.0847
-70.789,40.08,2015,11,18,0.31,1.102
-70.587,39.336,2015,11,18,0.39,0.547
-144.782,50.159,2015,11,18,0.28,1.145
11.4477,-15.852,2015,11,18,4.4,0.351
12.8959,-22.9676,2015,11,18,0.2,1.884
12.8672,-10.9271,2015,11,18,4.0,0.121
-89.074,-53.107,2015,11,18,0.59,0.331
11.446,-15.847,2015,11,18,3.7,0.339
12.9073,-22.9802,2015,11,18,0.4,2.04
12.8715,-10.9238,2015,11,18,3.9,0.145
12.8786,-10.9185,2015,11,18,3.9,0.121
-70.815,40.082,2015,11,18,0.29,0.956
-144.3,50.173,2015,11,18,0.24,1.145
11.3175,-16.653,2015,11,18,3.1,2.868
11.3215,-16.6486,2015,11,18,3.7,2.13
12.9138,-22.9876,2015,11,18,3.3,2.064
12.8927,-10.908,2015,11,18,3.6,0.133
-70.838,40.081,2015,11,18,0.28,1.329
11.3252,-16.6446,2015,11,18,3.3,2.795
12.92,-22.9946,2015,11,18,1.8,2.172
-39.535,59.955,2015,11,18,0.25,0.621
-144.325,50.264,2015,11,18,0.23,1.548
12.92,-22.9993,2015,11,18,3.4,2.304
12.9067,-10.8974,2015,11,18,3.0,0.109
-70.864,40.079,2015,11,18,0.26,2.329
11.3274,-16.6411,2015,11,18,3.8,3.17
12.9118,-23.0074,2015,11,18,0.2,2.304
12.9211,-10.8867,2015,11,18,2.9,0.145
11.3272,-16.6367,2015,11,18,4.1,2.831
12.9287,-10.8824,2015,11,18,1.3,0.133
-144.799,50.084,2015,11,18,0.37,0.418
11.327,-16.6323,2015,11,18,4.1,2.626
11.3268,-16.6278,2015,11,18,4.0,2.831
12.8941,-23.0248,2015,11,18,0.0,2.268
12.9348,-10.8775,2015,11,18,4.5,0.121
-70.891,40.078,2015,11,18,0.29,1.876
-71.751,38.403,2015,11,18,0.35,1.008
-70.644,39.363,2015,11,18,0.37,1.181
12.9473,-10.8676,2015,11,19,4.3,0.375
-144.702,50.205,2015,11,19,0.23,0.662
11.3257,-16.6248,2015,11,19,3.4,2.759
-70.923,40.08,2015,11,19,0.27,1.664
-144.276,50.122,2015,11,19,0.22,0.922
11.3268,-16.6218,2015,11,19,3.7,3.352
12.878,-23.0073,2015,11,19,0.1,2.016
12.9595,-10.8579,2015,11,19,3.8,0.629
11.3279,-16.6187,2015,11,19,4.1,2.723
11.329,-16.6157,2015,11,19,3.9,2.88
12.9718,-10.8481,2015,11,19,3.5,0.508
11.3284,-16.6173,2015,11,19,4.2,2.807
12.8601,-22.9871,2015,11,19,0.1,2.316
-70.956,40.084,2015,11,19,0.27,2.11
-39.524,59.962,2015,11,19,0.27,0.65
-89.086,-53.161,2015,11,19,0.12,0.655
11.3299,-16.6165,2015,11,19,3.6,1.561
12.978,-10.8428,2015,11,19,3.8,0.629
12.9843,-10.8398,2015,11,19,2.8,0.351
11.3325,-16.6149,2015,11,19,3.3,1.331
11.3347,-16.6135,2015,11,19,4.2,1.162
12.8451,-22.9769,2015,11,19,2.3,2.472
11.3373,-16.6119,2015,11,19,3.4,0.69
12.83,-22.973,2015,11,19,1.1,1.68
12.9974,-10.8335,2015,11,19,2.7,0.375
-70.989,40.088,2015,11,19,0.25,2.285
-70.687,39.4,2015,11,19,0.33,0.893
13.004,-10.8303,2015,11,19,4.2,0.339
13.0106,-10.8271,2015,11,19,2.6,0.169
11.3336,-16.6145,2015,11,19,4.3,0.411
11.3325,-16.6119,2015,11,19,4.0,0.351
13.017,-10.824,2015,11,19,4.4,0.182
-71.619,38.415,2015,11,19,0.29,0.871
-144.802,50.084,2015,11,19,0.55,1.246
-144.251,50.079,2015,11,19,0.28,1.476
11.3311,-16.6086,2015,11,19,4.1,0.424
12.7977,-22.9645,2015,11,19,0.1,0.636
13.0236,-10.8209,2015,11,19,2.9,0.0968
-71.019,40.079,2015,11,19,0.23,2.482
11.3299,-16.6058,2015,11,19,3.8,0.472
11.4617,-15.8413,2015,11,19,4.7,0.242
13.0316,-10.8171,2015,11,19,3.5,0.0968
-144.617,50.256,2015,11,19,0.54,1.058
11.3287,-16.6089,2015,11,19,4.6,0.411
11.4608,-15.8475,2015,11,19,3.8,0.242
13.0376,-10.813,2015,11,19,3.4,0.0968
11.333,-16.6068,2015,11,19,4.0,0.424
12.763,-22.9702,2015,11,19,0.1,0.624
13.0495,-10.8049,2015,11,19,3.6,0.0968
-71.052,40.078,2015,11,19,0.24,1.745
11.3354,-16.6056,2015,11,19,3.9,0.339
-39.527,59.968,2015,11,19,0.32,0.431
11.3381,-16.6043,2015,11,19,3.8,0.508
11.4569,-15.8729,2015,11,19,2.9,0.278
12.7461,-22.9753,2015,11,19,4.2,0.804
13.0616,-10.7967,2015,11,19,4.5,0.109
13.0737,-10.7885,2015,11,19,4.4,0.109
-71.081,40.081,2015,11,19,0.19,1.613
-70.744,39.436,2015,11,19,0.33,1.188
11.3414,-16.6086,2015,11,19,4.3,0.387
11.4548,-15.8858,2015,11,19,3.3,0.339
12.7289,-22.9804,2015,11,19,0.0,2.184
-89.148,-53.166,2015,11,19,0.1,0.108
11.3444,-16.6048,2015,11,19,4.8,0.327
13.0797,-10.7849,2015,11,19,4.1,0.133
13.0862,-10.7819,2015,11,19,2.4,0.145
-144.247,50.032,2015,11,19,0.47,1.231
11.3457,-16.6031,2015,11,19,4.6,0.327
-71.109,40.081,2015,11,19,0.2,1.606
-71.484,38.439,2015,11,19,0.28,0.778
-144.235,50.132,2015,11,19,0.28,1.67
12.6968,-22.9736,2015,11,19,1.5,1.428
13.0989,-10.7759,2015,11,19,4.9,0.109
-144.82,50.082,2015,11,19,0.35,0.403
11.3453,-16.5971,2015,11,19,3.6,0.339
13.1116,-10.77,2015,11,19,3.4,0.0968
-71.134,40.078,2015,11,19,0.16,1.767
11.3455,-16.5938,2015,11,19,4.3,0.375
12.6792,-22.9674,2015,11,19,3.1,1.428
-144.531,50.296,2015,11,19,0.29,0.49
13.1245,-10.764,2015,11,19,2.8,0.121
-39.526,59.972,2015,11,19,0.31,0.635
11.3455,-16.5843,2015,11,20,4.5,0.448
12.6613,-22.962,2015,11,20,0.1,2.112
13.1315,-10.7611,2015,11,20,2.8,0.121
-71.163,40.075,2015,11,20,0.2,1.46
-70.786,39.487,2015,11,20,0.28,1.044
11.3455,-16.5789,2015,11,20,3.0,0.508
13.1373,-10.7597,2015,11,20,3.9,0.121
11.4622,-15.9593,2015,11,20,4.1,0.303
12.6471,-22.9538,2015,11,20,3.0,2.136
13.149,-10.7567,2015,11,20,3.5,0.121
12.6299,-22.951,2015,11,20,1.4,1.872
-71.171,40.081,2015,11,20,0.14,1.423
-144.238,49.987,2015,11,20,0.42,1.138
13.1606,-10.7539,2015,11,20,3.4,0.133
-89.213,-53.148,2015,11,20,0.12,0.59
11.3465,-16.5513,2015,11,20,3.6,0.702
11.4579,-15.9838,2015,11,20,3.8,0.254
12.6124,-22.9481,2015,11,20,2.5,2.052
13.1662,-10.7525,2015,11,20,4.3,0.133
13.1719,-10.7511,2015,11,20,3.9,0.169
-71.362,38.486,2015,11,20,0.23,0.641
11.3522,-16.5405,2015,11,20,4.2,0.532
11.4529,-15.9928,2015,11,20,4.4,0.254
12.595,-22.9452,2015,11,20,0.1,0.744
13.1756,-10.7486,2015,11,20,4.4,0.157
-71.163,40.054,2015,11,20,0.11,1.307
-144.214,50.064,2015,11,20,0.44,1.001
13.1787,-10.7454,2015,11,20,3.5,0.157
-144.799,50.074,2015,11,20,0.35,1.26
-144.254,49.98,2015,11,20,0.32,1.087
11.3577,-16.5301,2015,11,20,4.4,0.472
11.3637,-16.5186,2015,11,20,4.4,0.303
13.1849,-10.7392,2015,11,20,3.9,0.133
-70.848,39.524,2015,11,20,0.22,0.95
-39.51,59.969,2015,11,20,0.32,0.518
-144.432,50.324,2015,11,20,0.35,1.022
12.555,-22.9487,2015,11,20,0.6,0.576
13.1912,-10.7327,2015,11,20,3.4,0.0968
-71.154,40.023,2015,11,20,0.11,1.409
11.3636,-16.507,2015,11,20,4.9,0.278
13.1973,-10.7265,2015,11,20,3.4,0.121
11.4627,-16.0349,2015,11,20,4.0,0.266
12.5185,-22.9593,2015,11,20,0.0,0.708
13.1985,-10.7216,2015,11,20,0.1,0.0968
11.3748,-16.4831,2015,11,20,3.7,0.339
11.4593,-16.0408,2015,11,20,4.4,0.424
13.1991,-10.7193,2015,11,20,4.2,0.0968
-71.157,39.969,2015,11,20,0.11,0.934
-144.398,50.329,2015,11,20,0.25,1.483
11.4523,-16.0529,2015,11,20,4.7,0.508
13.2005,-10.7145,2015,11,20,4.1,0.109
-71.254,38.537,2015,11,20,0.17,0.626
13.2017,-10.71,2015,11,20,3.9,0.157
-39.51,59.969,2015,11,20,0.28,0.518
-144.348,49.989,2015,11,20,0.27,1.246
11.3813,-16.4592,2015,11,20,4.2,0.496
11.4453,-16.065,2015,11,20,2.9,0.363
12.4811,-22.9571,2015,11,20,0.0,2.676
-89.267,-53.111,2015,11,20,0.1,0.115
11.4418,-16.0711,2015,11,20,4.6,0.387
13.203,-10.7055,2015,11,20,3.8,0.145
-70.903,39.574,2015,11,20,0.2,0.533
-144.796,50.082,2015,11,20,0.33,1.03
-144.223,49.998,2015,11,20,0.25,0.922
11.3844,-16.4434,2015,11,20,2.3,0.508
11.4317,-16.0898,2015,11,20,3.8,0.327
13.2048,-10.7028,2015,11,20,3.1,0.145
13.2086,-10.7004,2015,11,20,3.8,0.145
11.3875,-16.4275,2015,11,20,4.7,0.847
11.4314,-16.0963,2015,11,20,3.1,0.315
12.4471,-22.9509,2015,11,20,0.0,3.252
13.216,-10.6958,2015,11,20,3.2,0.145
13.2194,-10.6938,2015,11,20,4.5,0.121
-71.159,39.896,2015,11,20,0.1,2.146
-39.51,59.978,2015,11,20,0.43,0.453
11.4308,-16.11,2015,11,20,3.2,0.303
13.2228,-10.6917,2015,11,20,4.3,0.182
11.3968,-16.3995,2015,11,20,3.1,1.27
11.4302,-16.1237,2015,11,20,3.2,0.315
13.2292,-10.6877,2015,11,20,3.8,0.0968
13.2311,-10.6852,2015,11,20,3.9,0.0968
-71.217,38.609,2015,11,20,0.2,0.922
12.4122,-22.9469,2015,11,21,0.1,1.968
13.2335,-10.6827,2015,11,21,2.3,0.109
-144.438,49.994,2015,11,21,0.29,0.914
11.4039,-16.3869,2015,11,21,4.8,1.537
11.4296,-16.1374,2015,11,21,4.1,0.303
13.2384,-10.6779,2015,11,21,2.6,0.0968
-144.352,50.245,2015,11,21,0.24,0.965
-144.261,49.965,2015,11,21,1.05,1.116
11.411,-16.3744,2015,11,21,4.9,1.222
12.3949,-22.9467,2015,11,21,3.5,2.016
13.2429,-10.6734,2015,11,21,1.9,0.109
13.2451,-10.6712,2015,11,21,3.8,0.121
13.247,-10.6693,2015,11,21,3.7,0.109
-70.972,39.614,2015,11,21,0.26,1.051
11.4242,-16.1535,2015,11,21,3.5,0.363
12.3778,-22.9464,2015,11,21,0.1,1.944
13.2501,-10.6667,2015,11,21,2.5,0.121
13.2529,-10.6652,2015,11,21,3.7,0.121
11.4181,-16.3618,2015,11,21,4.9,2.529
11.4198,-16.1686,2015,11,21,3.6,0.496
13.2581,-10.6622,2015,11,21,2.8,0.121
13.2605,-10.6609,2015,11,21,4.8,0.121
13.2629,-10.6596,2015,11,21,2.8,0.133
12.3599,-22.9447,2015,11,21,4.9,1.848
13.2675,-10.657,2015,11,21,3.4,0.133
-71.157,39.821,2015,11,21,0.18,1.818
-144.813,50.085,2015,11,21,0.41,1.454
11.4154,-16.1835,2015,11,21,3.8,0.52
13.2703,-10.6554,2015,11,21,3.5,0.133
13.2689,-10.6563,2015,11,21,2.5,0.145
13.2661,-10.6583,2015,11,21,2.8,0.145
-71.184,38.668,2015,11,21,0.24,0.72
-89.284,-53.066,2015,11,21,0.1,0.684
11.4241,-16.3351,2015,11,21,4.2,2.299
11.4111,-16.1986,2015,11,21,3.5,0.496
12.3429,-22.9476,2015,11,21,0.2,0.564
13.2647,-10.6593,2015,11,21,4.5,0.145
13.2631,-10.6604,2015,11,21,2.7,0.121
13.2601,-10.6624,2015,11,21,2.6,0.133
-39.502,59.978,2015,11,21,0.24,0.562
12.3261,-22.9504,2015,11,21,4.5,0.588
13.26,-10.6621,2015,11,21,2.8,0.145
13.258,-10.6635,2015,11,21,2.8,0.157
-71.137,39.815,2015,11,21,0.18,1.635
11.4299,-16.3195,2015,11,21,3.5,0.593
11.4037,-16.2202,2015,11,21,3.4,0.557
13.2537,-10.6665,2015,11,21,3.2,0.182
-144.525,50.012,2015,11,21,0.28,1.418
11.4356,-16.3041,2015,11,21,4.4,0.52
11.401,-16.2368,2015,11,21,2.3,0.726
12.3094,-22.9533,2015,11,21,0.1,0.396
13.2492,-10.6696,2015,11,21,3.1,0.121
13.2441,-10.673,2015,11,21,2.7,0.0968
13.2423,-10.6728,2015,11,21,4.2,0.121
13.2395,-10.6757,2015,11,21,2.8,0.0968
-71.024,39.67,2015,11,21,0.27,0.742
-144.302,50.183,2015,11,21,0.25,1.354
11.4363,-16.2945,2015,11,21,3.9,1.016
11.3983,-16.2535,2015,11,21,3.6,1.065
12.291,-22.9537,2015,11,21,4.6,0.444
13.2333,-10.6821,2015,11,21,3.1,0.121
11.44,-16.2799,2015,11,21,4.0,1.379
13.2267,-10.6888,2015,11,21,2.6,0.0968
-144.384,49.971,2015,11,21,0.3,1.174
11.3956,-16.2703,2015,11,21,4.4,1.537
12.2747,-22.9571,2015,11,21,0.1,0.48
13.2192,-10.6965,2015,11,21,2.6,0.145
-71.154,38.727,2015,11,21,0.25,1.505
11.4437,-16.2653,2015,11,21,3.7,1.815
11.3908,-16.2821,2015,11,21,4.5,1.27
11.388,-16.2899,2015,11,21,3.9,1.984
13.2179,-10.6976,2015,11,21,3.4,0.194
13.2139,-10.7004,2015,11,21,3.3,0.121
-39.515,59.981,2015,11,21,0.27,0.526
-144.803,50.069,2015,11,21,0.35,1.21
11.382,-16.3062,2015,11,21,3.8,2.021
12.2419,-22.9639,2015,11,21,0.5,1.668
13.2058,-10.706,2015,11,21,3.4,0.133
-71.042,39.833,2015,11,21,0.16,0.854
-144.628,50.016,2015,11,21,0.31,1.512
11.4528,-16.2383,2015,11,21,3.8,2.493
11.3759,-16.3228,2015,11,21,3.5,2.178
13.1972,-10.712,2015,11,21,4.2,0.145
11.4597,-16.2244,2015,11,21,4.7,2.226
12.2247,-22.962,2015,11,21,2.5,1.836
-71.079,39.719,2015,11,21,0.25,0.698
-89.265,-53.028,2015,11,21,0.19,0.115
13.1876,-10.7186,2015,11,21,2.9,0.121
12.2071,-22.9603,2015,11,21,0.0,1.884
13.1764,-10.7224,2015,11,21,3.5,0.145
-71.006,39.845,2015,11,21,0.15,2.278
-71.117,38.76,2015,11,21,0.21,1.044
11.4736,-16.1967,2015,11,21,4.7,1.791
11.3595,-16.3598,2015,11,21,3.4,1.561
-144.272,50.121,2015,11,21,0.31,0.641
11.3527,-16.379,2015,11,21,0.2,1.537
13.1652,-10.7273,2015,11,21,4.7,0.109
11.4799,-16.1888,2015,11,22,3.1,1.694
11.3494,-16.3882,2015,11,22,3.7,1.513
12.1728,-22.9571,2015,11,22,0.0,1.752
11.3461,-16.3975,2015,11,22,2.0,1.404
13.1534,-10.7323,2015,11,22,3.1,0.121
-39.371,59.707,2015,11,22,0.15,0.59
11.3396,-16.416,2015,11,22,4.1,1.319
13.1416,-10.7374,2015,11,22,3.6,0.145
-39.521,59.974,2015,11,22,0.17,0.584
-144.71,50.031,2015,11,22,0.36,1.613
11.3314,-16.4306,2015,11,22,4.5,1.379
13.1364,-10.7378,2015,11,22,4.1,0.169
-71.123,39.767,2015,11,22,0.22,2.441
-144.798,50.081,2015,11,22,0.43,1.577
11.3301,-16.4408,2015,11,22,3.0,1.44
12.1369,-22.9554,2015,11,22,0.0,1.392
13.1292,-10.7404,2015,11,22,4.2,0.121
11.5024,-16.1477,2015,11,22,3.3,1.561
-71.09,38.808,2015,11,22,0.21,1.109
11.5059,-16.1399,2015,11,22,4.0,1.658
11.3273,-16.4624,2015,11,22,3.5,1.513
13.1146,-10.7455,2015,11,22,3.3,0.109
-70.905,39.854,2015,11,22,0.1,2.132
11.3245,-16.4836,2015,11,22,3.2,2.069
12.1037,-22.9574,2015,11,22,0.3,0.612
13.1001,-10.7506,2015,11,22,4.8,0.133
-89.22,-53.014,2015,11,22,0.14,0.619
11.5196,-16.1095,2015,11,22,4.0,1.15
11.3217,-16.5053,2015,11,22,3.3,1.658
12.0848,-22.9568,2015,11,22,4.0,0.54
13.0858,-10.7556,2015,11,22,3.5,0.121
-144.247,50.056,2015,11,22,0.39,1.166
11.5263,-16.0945,2015,11,22,4.0,3.461
13.0777,-10.7574,2015,11,22,4.8,0.145
-144.79,50.064,2015,11,22,0.46,1.577
11.3062,-16.5263,2015,11,22,3.5,1.331
13.0719,-10.7606,2015,11,22,3.8,0.145
-71.161,39.815,2015,11,22,0.2,2.563
-39.537,59.964,2015,11,22,0.12,0.511
11.5334,-16.0866,2015,11,22,4.0,6.921
11.2912,-16.5408,2015,11,22,4.5,1.15
13.0603,-10.767,2015,11,22,3.6,0.194
-71.068,38.855,2015,11,22,0.16,0.778
-70.815,39.852,2015,11,22,0.1,1.402
11.5419,-16.0749,2015,11,22,4.0,7.611
11.276,-16.5554,2015,11,22,4.6,0.762
12.0331,-22.9564,2015,11,22,1.3,1.116
13.0486,-10.7733,2015,11,22,3.4,0.266
-144.806,50.087,2015,11,22,0.55,1.238
11.5509,-16.0625,2015,11,22,4.4,7.2
11.261,-16.5699,2015,11,22,3.6,1.028
13.0365,-10.78,2015,11,22,4.1,0.266
-71.162,39.828,2015,11,22,0.16,1.447
11.2568,-16.59,2015,11,22,2.8,0.98
12.0263,-22.9566,2015,11,22,4.2,0.852
13.0314,-10.7823,2015,11,22,3.5,0.242
11.5596,-16.0505,2015,11,22,3.9,7.212
11.254,-16.5998,2015,11,22,3.8,0.92
13.0268,-10.787,2015,11,22,4.2,0.194
11.5601,-16.051,2015,11,22,3.8,6.631
11.5623,-16.0443,2015,11,22,3.5,3.436
12.0318,-22.9586,2015,11,22,0.6,2.508
11.2483,-16.6197,2015,11,22,3.8,0.774
12.0374,-22.9607,2015,11,22,2.7,2.46
13.0173,-10.7966,2015,11,22,4.1,0.182
11.2425,-16.6399,2015,11,22,3.3,0.714
13.008,-10.8061,2015,11,22,3.6,0.121
-71.044,38.889,2015,11,22,0.13,1.246
-71.158,39.788,2015,11,22,0.15,2.369
-144.233,49.989,2015,11,22,0.6,0.907
-89.189,-53.023,2015,11,22,0.1,0.122
11.5708,-16.0188,2015,11,22,3.9,3.763
12.0432,-22.9629,2015,11,22,0.0,2.16
-39.517,59.973,2015,11,22,0.13,0.475
11.2366,-16.6607,2015,11,22,3.6,0.605
12.9987,-10.8156,2015,11,22,3.1,0.0968
11.5752,-16.0059,2015,11,22,3.7,3.872
12.9955,-10.8195,2015,11,22,1.7,0.133
11.2315,-16.6861,2015,11,23,4.8,0.714
12.0718,-22.961,2015,11,23,2.6,1.548
12.9914,-10.8242,2015,11,23,2.9,0.133
12.9875,-10.8288,2015,11,23,4.5,0.121
-70.693,39.832,2015,11,23,0.1,1.825
11.5684,-16.0218,2015,11,23,3.5,3.267
11.2265,-16.7081,2015,11,23,4.2,0.835
12.9835,-10.8334,2015,11,23,3.1,0.0968
-144.813,50.076,2015,11,23,0.37,1.526
-144.771,50.042,2015,11,23,0.62,1.332
-89.171,-53.038,2015,11,23,1.0,0.533
11.5587,-16.0398,2015,11,23,4.1,2.831
12.9794,-10.8382,2015,11,23,4.3,0.133
-144.266,49.97,2015,11,23,0.73,1.094
11.5492,-16.0573,2015,11,23,3.7,2.468
11.2216,-16.7297,2015,11,23,4.4,0.956
12.9754,-10.8429,2015,11,23,2.4,0.169
-71.022,38.926,2015,11,23,0.1,1.123
11.2166,-16.7519,2015,11,23,4.3,1.028
12.1074,-22.957,2015,11,23,0.0,1.392
12.9674,-10.8522,2015,11,23,2.6,0.145
-71.141,39.715,2015,11,23,0.11,1.915
-144.827,50.081,2015,11,23,0.35,1.49
11.5397,-16.0749,2015,11,23,4.6,2.42
11.2145,-16.7647,2015,11,23,4.4,1.041
11.2183,-16.7755,2015,11,23,2.8,0.544
12.9637,-10.852,2015,11,23,3.2,0.133
12.9586,-10.8555,2015,11,23,3.4,0.121
-39.486,59.98,2015,11,23,0.17,0.423
-89.176,-53.052,2015,11,23,0.1,0.684
11.2262,-16.7983,2015,11,23,4.2,0.52
12.1427,-22.9532,2015,11,23,0.2,0.396
12.9537,-10.8588,2015,11,23,4.6,0.157
12.9484,-10.8625,2015,11,23,3.3,0.0726
11.234,-16.8205,2015,11,23,3.9,0.508
12.9381,-10.8695,2015,11,23,2.8,0.0968
-70.582,39.827,2015,11,23,0.1,1.497
11.2418,-16.843,2015,11,23,4.1,0.605
11.2393,-16.856,2015,11,23,3.4,0.484
12.9276,-10.8768,2015,11,23,2.5,0.0968
-70.999,38.956,2015,11,23,0.12,0.713
-144.793,50.079,2015,11,23,0.63,1.195
-144.773,50.089,2015,11,23,0.36,1.462
11.2341,-16.8657,2015,11,23,4.6,0.557
12.9248,-10.877,2015,11,23,3.3,0.157
-144.778,50.126,2015,11,23,0.6,1.534
11.5058,-16.1855,2015,11,23,4.0,0.157
12.9204,-10.8809,2015,11,23,4.4,0.121
-71.123,39.641,2015,11,23,0.15,1.015
-144.393,49.977,2015,11,23,0.35,0.972
11.2338,-16.8883,2015,11,23,3.2,0.532
12.911,-10.889,2015,11,23,4.4,0.133
11.4938,-16.203,2015,11,23,4.2,0.218
11.2325,-16.9,2015,11,23,4.3,0.544
11.2298,-16.9107,2015,11,23,4.2,0.762
12.2162,-22.9484,2015,11,23,0.6,1.38
-39.521,59.988,2015,11,23,0.94,0.285
12.9016,-10.8971,2015,11,23,3.7,0.133
-70.488,39.835,2015,11,23,0.1,0.759
11.2264,-16.9355,2015,11,23,2.5,0.762
12.2351,-22.9494,2015,11,23,4.4,1.8
12.8924,-10.905,2015,11,23,3.9,0.133
11.4702,-16.2358,2015,11,23,4.8,0.23
12.2541,-22.9505,2015,11,23,0.4,2.892
12.8875,-10.9026,2015,11,23,3.6,0.133
12.8833,-10.9065,2015,11,23,3.3,0.121
-70.972,38.984,2015,11,23,0.19,0.648
-89.21,-53.063,2015,11,23,0.12,0.122
11.4572,-16.2502,2015,11,23,4.7,0.206
11.4443,-16.2617,2015,11,23,4.4,0.218
11.2203,-16.9872,2015,11,23,1.7,0.847
12.8751,-10.9138,2015,11,23,3.4,0.133
-144.733,50.178,2015,11,23,0.54,0.554
11.2181,-16.9946,2015,11,23,1.3,0.932
11.2166,-16.9943,2015,11,23,4.9,0.823
12.2839,-22.9537,2015,11,23,0.8,3.96
-71.101,39.577,2015,11,23,0.21,0.72
-144.806,50.084,2015,11,23,0.61,0.432
11.2159,-16.9936,2015,11,23,4.0,0.895
12.867,-10.9212,2015,11,23,4.8,0.145
-144.519,50.0,2015,11,23,0.43,0.418
-144.733,50.169,2015,11,23,0.47,0.569
-89.226,-53.063,2015,11,23,0.12,0.137
11.217,-16.99,2015,11,24,3.2,0.823
11.2168,-16.9957,2015,11,24,4.7,0.859
11.2166,-16.9988,2015,11,24,0.2,0.847
12.3113,-22.9608,2015,11,24,0.5,5.472
-39.512,59.965,2015,11,24,0.11,0.321
11.4242,-16.3197,2015,11,24,4.6,0.194
11.2168,-16.9984,2015,11,24,4.3,0.847
11.2157,-16.9991,2015,11,24,3.6,0.811
11.2158,-16.9989,2015,11,24,4.9,0.823
12.8664,-10.9223,2015,11,24,4.3,0.121
-70.379,39.838,2015,11,24,0.12,1.35
-70.941,39.017,2015,11,24,0.26,0.619
11.2144,-16.9999,2015,11,24,3.1,0.799
11.2146,-16.9997,2015,11,24,4.4,0.786
12.3274,-22.9617,2015,11,24,3.1,6.108
11.2141,-17.0013,2015,11,24,1.9,0.786
11.213,-17.002,2015,11,24,3.1,0.799
12.8794,-10.9151,2015,11,24,3.1,0.157
-70.373,39.848,2015,11,24,0.16,1.35
11.2106,-17.0044,2015,11,24,3.2,0.774
11.2102,-17.0044,2015,11,24,3.1,0.811
12.345,-22.9603,2015,11,24,0.8,3.972
12.8921,-10.9081,2015,11,24,3.9,0.157
-144.679,50.204,2015,11,24,0.58,1.426
11.2081,-17.0057,2015,11,24,0.6,0.641
11.2077,-17.0062,2015,11,24,3.9,0.811
11.2051,-17.0086,2015,11,24,4.3,0.653
11.2048,-17.0091,2015,11,24,2.9,0.69
11.4049,-16.3792,2015,11,24,4.9,0.157
11.203,-17.011,2015,11,24,3.5,0.593
11.2028,-17.0116,2015,11,24,4.1,0.617
11.2004,-17.0138,2015,11,24,0.6,0.52
11.1998,-17.0143,2015,11,24,3.7,0.557
12.3632,-22.959,2015,11,24,3.9,4.524
12.9051,-10.9009,2015,11,24,2.8,0.0968
-70.387,39.871,2015,11,24,0.16,1.219
-71.09,39.516,2015,11,24,0.29,0.886
12.3806,-22.9577,2015,11,24,0.1,0.936
12.9105,-10.8931,2015,11,24,3.3,0.0968
12.9174,-10.8883,2015,11,24,3.1,0.0968
-70.905,39.041,2015,11,24,0.27,0.626
-144.806,50.08,2015,11,24,0.54,1.735
12.9311,-10.8789,2015,11,24,2.7,0.0968
-144.65,50.021,2015,11,24,0.63,1.31
-39.507,59.978,2015,11,24,0.1,0.321
-144.659,50.231,2015,11,24,0.54,2.455
11.386,-16.442,2015,11,24,4.4,0.121
12.4142,-22.9514,2015,11,24,0.1,1.38
12.9447,-10.8696,2015,11,24,3.1,0.0968
12.9588,-10.8599,2015,11,24,3.1,0.133
-89.295,-53.038,2015,11,24,0.19,0.259
12.9673,-10.8536,2015,11,24,2.4,0.0968
-144.618,50.247,2015,11,24,0.6,1.404
12.4476,-22.9464,2015,11,24,1.4,4.464
12.974,-10.8499,2015,11,24,3.6,0.218
-70.366,39.935,2015,11,24,0.22,0.591
-71.073,39.465,2015,11,24,0.34,0.569
12.9808,-10.8462,2015,11,24,4.8,0.169
12.9875,-10.8426,2015,11,24,3.7,0.242
-70.855,39.057,2015,11,24,0.32,0.374
-42.669,-42.587,2015,11,24,0.15,0.367
-42.669,-42.586,2015,11,24,0.14,0.396
13.0007,-10.8354,2015,11,24,3.7,0.121
-42.667,-42.579,2015,11,24,0.14,0.396
-42.663,-42.571,2015,11,24,0.12,0.785
12.4813,-22.9428,2015,11,24,2.2,3.18
11.3907,-16.3701,2015,11,24,0.4,0.242
13.0143,-10.828,2015,11,24,3.0,0.182
-42.658,-42.554,2015,11,24,0.1,0.598
-39.501,59.973,2015,11,24,0.1,0.365
-144.8,50.077,2015,11,24,0.38,0.598
13.0196,-10.8218,2015,11,24,3.5,0.145
-70.384,39.984,2015,11,24,0.24,1.278
-42.648,-42.542,2015,11,24,0.1,1.231
-144.773,50.051,2015,11,24,0.37,0.706
-89.313,-53.019,2015,11,24,0.11,0.13
12.5187,-22.9449,2015,11,24,0.0,2.568
-42.647,-42.587,2015,11,24,0.48,1.274
-42.647,-42.586,2015,11,24,4.69,1.332
-42.648,-42.58,2015,11,24,0.34,1.346
13.0384,-10.8112,2015,11,24,3.6,0.121
-42.647,-42.529,2015,11,24,3.71,1.296
-144.561,50.289,2015,11,24,0.36,0.835
-71.078,39.416,2015,11,25,0.35,0.626
-42.646,-42.568,2015,11,25,0.31,1.663
-144.582,50.283,2015,11,25,0.35,1.001
11.3231,-16.3036,2015,11,25,2.5,0.194
13.0509,-10.8042,2015,11,25,4.0,0.145
-70.397,40.023,2015,11,25,0.24,1.204
-70.809,39.07,2015,11,25,0.34,0.626
-42.638,-42.524,2015,11,25,0.16,1.469
-42.635,-42.561,2015,11,25,0.3,1.577
12.5517,-22.938,2015,11,25,1.0,2.628
13.0635,-10.7971,2015,11,25,3.7,0.145
-42.631,-42.559,2015,11,25,0.35,1.591
-42.627,-42.523,2015,11,25,0.13,1.411
12.5674,-22.9344,2015,11,25,4.5,2.664
13.0694,-10.7942,2015,11,25,3.6,0.133
13.0766,-10.791,2015,11,25,3.8,0.133
-42.623,-42.556,2015,11,25,0.35,1.541
-144.808,50.084,2015,11,25,0.3,1.411
-70.389,40.0,2015,11,25,0.28,1.35
-42.613,-42.555,2015,11,25,0.35,1.418
13.0911,-10.7847,2015,11,25,3.8,0.121
-39.418,59.972,2015,11,25,0.12,0.38
-144.814,50.077,2015,11,25,0.68,1.202
-89.31,-52.984,2015,11,25,0.18,0.778
13.1055,-10.7783,2015,11,25,4.5,0.169
-70.754,39.084,2015,11,25,0.38,0.59
-71.09,39.374,2015,11,25,0.4,0.605
-42.599,-42.521,2015,11,25,0.14,1.13
-144.49,50.314,2015,11,25,0.33,1.692
12.6116,-22.9229,2015,11,25,0.5,0.84
13.1197,-10.772,2015,11,25,3.7,0.157
-42.588,-42.552,2015,11,25,0.39,0.835
13.1261,-10.7677,2015,11,25,3.9,0.194
-70.392,39.97,2015,11,25,0.3,1.19
13.1311,-10.7627,2015,11,25,4.9,0.182
-144.489,50.317,2015,11,25,0.3,1.57
13.1415,-10.7524,2015,11,25,4.6,0.145
-42.571,-42.518,2015,11,25,0.17,0.281
-42.57,-42.547,2015,11,25,0.36,0.238
-89.298,-52.962,2015,11,25,0.1,0.23
-70.368,39.938,2015,11,25,0.35,0.569
-70.703,39.092,2015,11,25,0.43,0.382
-144.74,50.144,2015,11,25,0.24,1.462
12.6765,-22.9121,2015,11,25,0.8,5.028
13.1621,-10.7319,2015,11,25,3.5,0.218
-39.469,59.949,2015,11,25,0.11,0.226
-144.423,50.337,2015,11,25,0.21,1.685
12.6934,-22.9103,2015,11,25,3.4,5.52
13.17,-10.7262,2015,11,25,4.3,0.182
-71.12,39.34,2015,11,25,0.47,0.331
13.1769,-10.7214,2015,11,25,3.0,0.169
-70.711,39.108,2015,11,25,0.44,0.338
-42.548,-42.545,2015,11,25,0.42,0.245
-144.814,50.091,2015,11,25,0.47,1.058
12.7104,-22.9085,2015,11,25,0.4,4.236
13.1901,-10.7124,2015,11,25,4.1,0.169
-42.54,-42.517,2015,11,25,0.16,0.245
12.7264,-22.9075,2015,11,25,3.0,4.332
13.2023,-10.7041,2015,11,25,2.8,0.169
13.2079,-10.7003,2015,11,25,4.7,0.169
-144.4,50.35,2015,11,25,0.44,0.454
12.7435,-22.9113,2015,11,25,0.0,3.924
13.2133,-10.6966,2015,11,25,3.7,0.145
-42.502,-42.488,2015,11,25,0.39,1.246
13.22,-10.69,2015,11,25,4.2,0.169
-144.397,50.336,2015,11,25,0.21,0.684
12.7584,-22.9167,2015,11,26,3.9,3.576
13.2232,-10.6847,2015,11,26,4.1,0.157
-42.5,-42.479,2015,11,26,0.44,1.469
12.7714,-22.9237,2015,11,26,1.8,4.512
13.2293,-10.6743,2015,11,26,3.2,0.194
13.2319,-10.6699,2015,11,26,4.7,0.23
13.2346,-10.6654,2015,11,26,3.6,0.157
-71.17,39.343,2015,11,26,0.48,0.547
-39.54,59.956,2015,11,26,0.1,0.263
13.2393,-10.6575,2015,11,26,3.2,0.194
-70.712,39.161,2015,11,26,0.47,0.706
-42.502,-42.513,2015,11,26,0.18,1.31
-42.5,-42.471,2015,11,26,0.48,1.562
-144.665,50.211,2015,11,26,0.38,1.476
13.2422,-10.6526,2015,11,26,3.4,0.157
13.2437,-10.652,2015,11,26,3.8,0.169
13.2453,-10.6515,2015,11,26,4.2,0.182
13.2468,-10.6509,2015,11,26,3.0,0.157
13.2498,-10.6499,2015,11,26,3.5,0.182
-71.15,39.356,2015,11,26,0.48,0.583
-42.501,-42.464,2015,11,26,0.55,1.548
-89.248,-52.939,2015,11,26,0.1,0.713
12.79,-22.9366,2015,11,26,0.1,3.804
13.2513,-10.6493,2015,11,26,4.8,0.194
13.2527,-10.6488,2015,11,26,3.1,0.242
-144.81,50.073,2015,11,26,0.63,1.166
13.2543,-10.6447,2015,11,26,2.2,0.133
13.2552,-10.6451,2015,11,26,3.6,0.206
13.2569,-10.6458,2015,11,26,3.2,0.182
-42.5,-42.457,2015,11,26,0.49,1.534
-144.385,50.296,2015,11,26,0.41,1.447
13.2578,-10.6461,2015,11,26,4.6,0.169
13.2586,-10.6464,2015,11,26,2.9,0.157
12.8087,-22.9514,2015,11,26,0.1,1.284
13.2603,-10.6471,2015,11,26,3.2,0.157
13.262,-10.6446,2015,11,26,3.7,0.133
13.2631,-10.645,2015,11,26,3.6,0.109
13.2652,-10.6459,2015,11,26,3.8,0.0968
13.2673,-10.6467,2015,11,26,3.6,0.0968
-70.719,39.213,2015,11,26,0.46,0.59
-42.501,-42.451,2015,11,26,0.51,0.482
12.832,-22.9487,2015,11,26,0.1,0.96
13.2695,-10.6476,2015,11,26,3.2,0.0968
13.272,-10.6445,2015,11,26,0.0,0.109
-42.466,-42.513,2015,11,26,0.19,0.338
-39.512,60.002,2015,11,26,0.14,0.27
13.2722,-10.6453,2015,11,26,3.1,0.133
13.2727,-10.6467,2015,11,26,3.3,0.133
-42.5,-42.445,2015,11,26,0.49,0.223
12.8458,-22.9457,2015,11,26,3.1,1.248
13.2732,-10.6482,2015,11,26,3.3,0.145
13.2736,-10.6497,2015,11,26,2.8,0.0968
-144.579,50.269,2015,11,26,0.13,1.526
12.8588,-22.943,2015,11,26,0.1,1.188
13.2754,-10.6464,2015,11,26,3.3,0.121
13.2742,-10.647,2015,11,26,3.2,0.0968
13.2716,-10.6483,2015,11,26,2.8,0.109
-71.034,39.415,2015,11,26,0.49,0.482
13.2691,-10.6496,2015,11,26,3.5,0.133
-42.491,-42.426,2015,11,26,0.42,0.18
12.8792,-22.9385,2015,11,26,0.1,2.964
13.2664,-10.651,2015,11,26,2.9,0.121
13.266,-10.6484,2015,11,26,4.3,0.182
13.2642,-10.6491,2015,11,26,2.5,0.145
-144.344,50.258,2015,11,26,0.76,1.426
13.2606,-10.6507,2015,11,26,2.9,0.121
13.2568,-10.6524,2015,11,26,4.0,0.133
13.2529,-10.6541,2015,11,26,2.0,0.157
-70.723,39.259,2015,11,26,0.47,0.302
-42.43,-42.503,2015,11,26,0.19,0.187
-42.462,-42.408,2015,11,26,0.44,0.223
-144.794,50.085,2015,11,26,0.31,1.447
12.9011,-22.9377,2015,11,26,2.3,4.644
13.2508,-10.6512,2015,11,26,2.8,0.109
13.249,-10.6526,2015,11,26,2.9,0.157
-42.458,-42.4,2015,11,26,0.43,0.166
-89.212,-52.942,2015,11,26,0.11,0.101
13.2452,-10.6556,2015,11,26,2.7,0.145
13.2412,-10.6588,2015,11,26,4.3,0.121
-42.456,-42.396,2015,11,26,0.45,0.259
12.9194,-22.9385,2015,11,26,0.7,4.572
13.2366,-10.6624,2015,11,26,3.3,0.121
-39.515,60.013,2015,11,26,0.1,0.285
13.2341,-10.6604,2015,11,26,4.5,0.109
13.2323,-10.6625,2015,11,26,3.9,0.109
-42.448,-42.376,2015,11,26,0.46,0.785
-42.445,-42.369,2015,11,26,0.48,0.958
12.9413,-22.9395,2015,11,26,0.1,4.668
13.2287,-10.6669,2015,11,26,3.2,0.109
-70.965,39.482,2015,11,26,0.47,0.612
13.2269,-10.6665,2015,11,26,0.1,0.121
13.2247,-10.6694,2015,11,26,3.7,0.133
-144.502,50.316,2015,11,26,0.35,0.806
12.962,-22.939,2015,11,27,0.1,4.488
13.2223,-10.6724,2015,11,27,4.0,0.157
13.22,-10.6755,2015,11,27,2.8,0.121
-70.725,39.307,2015,11,27,0.44,0.67
-42.445,-42.333,2015,11,27,0.48,1.296
-144.334,50.216,2015,11,27,0.1,0.914
-42.388,-42.494,2015,11,27,0.22,1.094
-42.451,-42.322,2015,11,27,0.48,1.318
12.9802,-22.9391,2015,11,27,0.1,4.356
13.2144,-10.6801,2015,11,27,3.2,0.157
12.9945,-22.9391,2015,11,27,0.2,3.972
13.21,-10.6883,2015,11,27,2.8,0.182
13.0013,-22.9403,2015,11,27,4.9,3.84
13.2065,-10.6909,2015,11,27,4.0,0.157
13.2036,-10.6955,2015,11,27,3.9,0.133
-144.801,50.083,2015,11,27,0.11,1.26
13.0084,-22.9419,2015,11,27,0.2,2.1
13.2007,-10.6972,2015,11,27,2.8,0.109
13.1998,-10.6978,2015,11,27,2.8,0.133
-42.492,-42.28,2015,11,27,0.49,1.289
-39.47,60.001,2015,11,27,0.11,0.299
13.021,-22.9458,2015,11,27,0.2,1.368
13.1972,-10.6972,2015,11,27,0.0,0.169
13.1949,-10.6983,2015,11,27,3.1,0.145
13.0286,-22.9508,2015,11,27,3.2,1.464
13.1925,-10.6973,2015,11,27,2.2,0.121
13.1904,-10.6987,2015,11,27,3.0,0.133
-70.902,39.547,2015,11,27,0.43,0.684
13.0363,-22.9565,2015,11,27,0.2,1.428
13.1877,-10.698,2015,11,27,1.4,0.0968
13.1858,-10.6993,2015,11,27,3.1,0.0968
-70.725,39.35,2015,11,27,0.4,0.562
-42.35,-42.483,2015,11,27,0.22,0.95
-144.291,50.166,2015,11,27,0.74,1.246
-89.212,-52.959,2015,11,27,0.1,0.662
13.0414,-22.9598,2015,11,27,3.4,2.124
13.0453,-22.9629,2015,11,27,0.1,1.236
13.1844,-10.6986,2015,11,27,2.3,0.0968
13.1828,-10.6998,2015,11,27,2.0,0.133
-42.514,-42.266,2015,11,27,0.45,0.662
13.0582,-22.9628,2015,11,27,0.3,1.284
13.1798,-10.7006,2015,11,27,3.4,0.121
-144.397,50.331,2015,11,27,0.12,1.562
13.1779,-10.7008,2015,11,27,0.9,0.109
13.1776,-10.7016,2015,11,27,2.8,0.0968
13.0729,-22.96,2015,11,27,0.2,1.176
13.0862,-22.9571,2015,11,27,0.2,1.524
13.0974,-22.9513,2015,11,27,0.2,1.644
13.1023,-22.9496,2015,11,27,3.1,2.184
-39.464,59.982,2015,11,27,0.1,0.336
-144.391,50.329,2015,11,27,0.1,1.296
13.1073,-22.9484,2015,11,27,0.2,2.904
13.1103,-22.9453,2015,11,27,2.7,3.42
-70.872,39.616,2015,11,27,0.44,0.526
-144.802,50.079,2015,11,27,0.1,1.267
13.1149,-22.9447,2015,11,27,1.6,2.388
13.1189,-22.9442,2015,11,27,4.6,2.412
-70.724,39.39,2015,11,27,0.37,0.389
-42.347,-42.459,2015,11,27,0.19,0.173
-42.557,-42.236,2015,11,27,0.42,0.173
13.1236,-22.9438,2015,11,27,0.3,2.088
-144.268,50.124,2015,11,27,0.16,1.289
13.1266,-22.9418,2015,11,27,2.9,1.98
13.1308,-22.9417,2015,11,27,0.3,1.872
13.135,-22.942,2015,11,27,3.6,1.884
13.1395,-22.9424,2015,11,27,0.2,1.356
13.1479,-22.9423,2015,11,27,1.7,1.584
13.1595,-22.9437,2015,11,27,0.4,0.9
13.1547,-22.945,2015,11,27,0.8,0.744
-89.243,-52.952,2015,11,27,0.1,0.101
13.1468,-22.9459,2015,11,27,0.2,0.744
-70.729,39.427,2015,11,27,0.32,0.857
-42.42,-42.403,2015,11,27,0.18,0.929
-39.486,59.968,2015,11,27,0.1,0.387
13.1389,-22.9466,2015,11,28,1.6,0.66
-70.811,39.677,2015,11,28,0.38,1.174
-42.591,-42.219,2015,11,28,0.38,1.526
13.1433,-22.9468,2015,11,28,0.2,1.428
-144.355,50.266,2015,11,28,0.1,1.015
13.1547,-22.9459,2015,11,28,0.9,1.704
-144.803,50.082,2015,11,28,0.12,1.159
-144.244,50.081,2015,11,28,0.47,1.476
13.1602,-22.946,2015,11,28,3.6,1.836
13.166,-22.946,2015,11,28,0.2,1.824
13.1756,-22.9483,2015,11,28,0.2,1.716
13.1845,-22.9519,2015,11,28,1.2,1.536
13.1886,-22.9546,2015,11,28,3.7,1.536
13.193,-22.9579,2015,11,28,0.2,1.332
-70.731,39.472,2015,11,28,0.27,0.828
-42.468,-42.38,2015,11,28,0.12,0.943
-144.276,50.206,2015,11,28,0.1,1.325
13.2049,-22.9587,2015,11,28,0.3,0.756
-70.761,39.734,2015,11,28,0.28,2.491
-42.625,-42.195,2015,11,28,0.36,1.202
-39.519,59.975,2015,11,28,0.1,0.321
13.2181,-22.9565,2015,11,28,0.3,0.36
13.2314,-22.9541,2015,11,28,0.2,0.384
13.2473,-22.9511,2015,11,28,0.2,0.408
-144.233,50.038,2015,11,28,0.15,1.598
13.2546,-22.9496,2015,11,28,4.9,0.756
-144.309,50.206,2015,11,28,0.1,1.123
-89.265,-52.921,2015,11,28,0.1,0.612
13.262,-22.948,2015,11,28,0.5,0.576
13.2688,-22.9467,2015,11,28,3.5,0.732
-144.791,50.087,2015,11,28,0.27,1.231
13.2757,-22.9459,2015,11,28,0.2,0.732
-70.744,39.514,2015,11,28,0.26,0.842
-42.513,-42.359,2015,11,28,0.1,0.302
13.2888,-22.9428,2015,11,28,0.2,1.128
13.2944,-22.9432,2015,11,28,3.1,0.96
13.2995,-22.9449,2015,11,28,1.6,1.296
-42.644,-42.173,2015,11,28,0.3,0.806
13.3086,-22.9503,2015,11,28,0.2,1.524
-70.714,39.774,2015,11,28,0.23,1.901
-39.547,59.952,2015,11,28,0.11,0.343
-144.23,50.144,2015,11,28,0.14,1.8
13.3146,-22.9566,2015,11,28,0.2,1.572
-144.236,49.986,2015,11,28,0.23,1.368
13.321,-22.9619,2015,11,28,1.7,0.876
13.3257,-22.9625,2015,11,28,3.3,0.912
13.3318,-22.9619,2015,11,28,1.6,0.924
-70.755,39.56,2015,11,28,0.23,1.814
-42.553,-42.345,2015,11,28,0.1,0.922
13.3348,-22.9612,2015,11,28,2.9,0.912
13.3415,-22.9606,2015,11,28,0.2,1.104
13.3519,-22.96,2015,11,28,0.2,0.84
-144.284,50.138,2015,11,28,0.11,0.828
13.3568,-22.9596,2015,11,29,2.7,0.984
13.3631,-22.9587,2015,11,29,0.3,0.612
-42.67,-42.159,2015,11,29,0.28,1.166
-42.671,-42.158,2015,11,29,0.56,1.138
-144.821,50.081,2015,11,29,0.1,0.698
-144.262,49.982,2015,11,29,0.1,0.864
13.3652,-22.9589,2015,11,29,2.7,0.624
13.3699,-22.9584,2015,11,29,1.6,0.732
-89.259,-52.882,2015,11,29,0.1,0.317
13.3751,-22.9579,2015,11,29,3.6,0.78
-70.675,39.801,2015,11,29,0.24,1.627
13.3812,-22.9572,2015,11,29,1.0,1.524
13.3878,-22.9566,2015,11,29,4.4,1.608
-39.499,59.95,2015,11,29,0.1,0.292
13.3934,-22.956,2015,11,29,0.3,1.728
-42.591,-42.336,2015,11,29,0.13,1.26
13.3974,-22.9577,2015,11,29,3.3,1.632
13.403,-22.958,2015,11,29,0.3,2.676
-70.775,39.614,2015,11,29,0.22,1.598
13.4073,-22.9586,2015,11,29,4.8,1.968
13.4128,-22.9595,2015,11,29,0.2,3.024
-144.209,50.078,2015,11,29,0.12,1.483
13.4178,-22.9608,2015,11,29,1.9,2.124
13.4221,-22.9618,2015,11,29,0.2,1.14
13.4243,-22.9653,2015,11,29,2.9,1.236
13.4281,-22.9657,2015,11,29,0.2,0.432
-42.682,-42.14,2015,11,29,0.18,1.159
13.4327,-22.9664,2015,11,29,1.1,0.648
13.4382,-22.9666,2015,11,29,0.3,0.372
13.4426,-22.9673,2015,11,29,1.4,0.492
-144.345,49.984,2015,11,29,0.14,1.483
13.4483,-22.9677,2015,11,29,0.3,0.396
-70.626,39.823,2015,11,29,0.24,1.382
-144.24,50.065,2015,11,29,0.11,1.62
13.4547,-22.9716,2015,11,29,3.0,0.78
13.4597,-22.9716,2015,11,29,0.3,0.324
-144.795,50.071,2015,11,29,0.2,1.231
13.4644,-22.9722,2015,11,29,1.1,0.372
13.4689,-22.9722,2015,11,29,0.2,0.456
13.474,-22.9721,2015,11,29,1.4,0.516
-70.811,39.674,2015,11,29,0.23,1.613
-42.624,-42.329,2015,11,29,0.12,0.54
-39.503,59.974,2015,11,29,0.1,0.183
13.4796,-22.9716,2015,11,29,0.3,0.432
13.486,-22.9725,2015,11,29,2.5,0.48
13.4904,-22.9723,2015,11,29,0.3,1.08
13.4995,-22.9718,2015,11,29,0.2,1.908
-89.208,-52.852,2015,11,29,0.1,0.115
13.5083,-22.9712,2015,11,29,0.3,1.344
13.5137,-22.9707,2015,11,29,1.7,1.428
13.5173,-22.9703,2015,11,29,0.3,1.368
-42.695,-42.121,2015,11,29,0.11,0.346
13.5209,-22.9704,2015,11,29,3.2,1.392
13.5237,-22.9706,2015,11,29,0.2,1.236
-144.43,50.006,2015,11,29,0.2,1.555
13.5262,-22.9705,2015,11,29,2.9,1.272
13.5288,-22.9702,2015,11,29,0.2,1.26
13.5325,-22.9687,2015,11,29,1.8,1.308
-70.574,39.824,2015,11,29,0.25,1.433
13.535,-22.9685,2015,11,29,0.3,1.14
13.5372,-22.9681,2015,11,29,1.7,1.2
13.5388,-22.9676,2015,11,29,0.3,1.008
-42.651,-42.317,2015,11,29,0.1,0.972
13.5384,-22.9672,2015,11,29,2.9,1.2
13.5354,-22.9671,2015,11,29,0.2,0.936
-70.847,39.738,2015,11,29,0.23,3.29
-144.233,49.999,2015,11,29,0.28,0.554
13.5344,-22.9647,2015,11,29,3.5,1.044
13.5318,-22.9648,2015,11,29,0.3,0.816
13.5262,-22.9648,2015,11,29,1.9,0.768
13.5233,-22.9648,2015,11,29,3.0,0.768
13.5204,-22.965,2015,11,29,1.1,0.684
-39.513,59.979,2015,11,29,0.1,0.299
-144.805,50.081,2015,11,29,0.27,0.454
13.5151,-22.9641,2015,11,29,1.5,0.768
13.5122,-22.9643,2015,11,30,2.9,0.792
13.5088,-22.9645,2015,11,30,0.3,1.02
13.5056,-22.9645,2015,11,30,4.4,0.984
-42.707,-42.102,2015,11,30,0.1,1.303
13.502,-22.9646,2015,11,30,0.3,1.272
13.4965,-22.9632,2015,11,30,2.8,1.296
13.4928,-22.9637,2015,11,30,0.4,1.344
13.4886,-22.9641,2015,11,30,4.4,1.38
-144.266,49.987,2015,11,30,0.11,1.519
-144.522,50.011,2015,11,30,0.12,1.447
13.4844,-22.9644,2015,11,30,1.3,1.188
13.4801,-22.9646,2015,11,30,3.4,1.284
13.4753,-22.9646,2015,11,30,0.3,1.248
-70.884,39.808,2015,11,30,0.25,2.282
-70.53,39.784,2015,11,30,0.27,1.037
-42.663,-42.293,2015,11,30,0.11,1.39
13.4679,-22.9648,2015,11,30,3.1,1.14
13.463,-22.9651,2015,11,30,0.3,1.548
-89.157,-52.846,2015,11,30,0.1,0.612
13.4583,-22.9655,2015,11,30,1.9,1.236
13.4534,-22.9657,2015,11,30,0.3,2.436
-144.255,49.974,2015,11,30,0.1,1.555
13.4479,-22.966,2015,11,30,2.0,1.128
13.4427,-22.9662,2015,11,30,0.3,0.612
13.4341,-22.969,2015,11,30,2.1,0.924
13.4292,-22.9691,2015,11,30,0.2,0.396
13.4215,-22.971,2015,11,30,3.0,0.648
-42.719,-42.078,2015,11,30,0.39,0.893
-89.152,-52.85,2015,11,30,0.1,0.662
13.4163,-22.9712,2015,11,30,2.4,0.636
13.4112,-22.9716,2015,11,30,2.9,0.516
-144.262,49.981,2015,11,30,0.1,1.282
13.4061,-22.9717,2015,11,30,0.3,0.324
13.4015,-22.972,2015,11,30,2.4,0.444
-70.892,39.867,2015,11,30,0.3,0.857
-144.803,50.075,2015,11,30,0.11,1.368
-144.602,50.029,2015,11,30,0.11,1.577
13.3964,-22.9717,2015,11,30,0.4,0.36
-42.708,-42.273,2015,11,30,0.13,0.547
-144.795,50.079,2015,11,30,0.1,1.418
13.3936,-22.9766,2015,11,30,3.6,0.312
13.3889,-22.9756,2015,11,30,0.2,0.144
-70.496,39.745,2015,11,30,0.31,0.871
-39.53,59.97,2015,11,30,0.11,0.234
13.38,-22.9732,2015,11,30,2.2,0.432
-144.379,49.995,2015,11,30,0.23,1.757
13.3757,-22.9718,2015,11,30,4.1,0.528
13.3708,-22.9701,2015,11,30,0.2,1.08
-70.883,39.899,2015,11,30,0.31,0.835
-70.879,39.9,2015,11,30,0.31,0.641
-42.733,-42.062,2015,11,30,0.25,0.367
13.3479,-22.9647,2015,11,30,4.9,1.404
-42.724,-42.267,2015,11,30,0.22,0.396
13.3379,-22.9635,2015,11,30,3.4,1.188
-70.842,39.908,2015,11,30,0.31,0.77
-144.694,50.043,2015,11,30,0.1,1.577
-70.456,39.707,2015,11,30,0.33,0.749
-144.389,49.981,2015,11,30,0.15,0.821
-89.151,-52.856,2015,11,30,0.28,0.122
13.3049,-22.9637,2015,11,30,4.2,2.112
-39.449,59.985,2015,11,30,0.12,0.241
13.2939,-22.9636,2015,11,30,3.3,2.736
-144.805,50.089,2015,11,30,0.16,1.001
-144.5,50.01,2015,11,30,0.1,0.518
-70.803,39.905,2015,12,1,0.29,1.094
-42.744,-42.045,2015,12,1,0.33,1.454
13.2828,-22.9636,2015,12,1,3.7,2.136
-42.737,-42.261,2015,12,1,0.1,1.721
13.2717,-22.9615,2015,12,1,4.1,2.268
-70.772,39.906,2015,12,1,0.3,1.166
-144.776,50.07,2015,12,1,0.12,1.397
-70.409,39.677,2015,12,1,0.3,0.929
13.236,-22.9613,2015,12,1,3.6,2.076
-39.509,59.971,2015,12,1,0.1,0.263
-70.735,39.901,2015,12,1,0.29,0.727
-42.749,-42.034,2015,12,1,0.34,0.922
-42.748,-42.255,2015,12,1,0.1,0.814
-144.517,49.983,2015,12,1,0.12,1.49
-144.807,50.077,2015,12,1,0.12,1.411
13.2023,-22.9652,2015,12,1,0.5,0.384
-144.821,50.09,2015,12,1,0.31,1.469
-144.626,50.022,2015,12,1,0.1,1.469
-89.148,-52.896,2015,12,1,0.12,0.648
13.1922,-22.9656,2015,12,1,1.1,0.408
13.1823,-22.9659,2015,12,1,1.4,0.372
-70.714,39.884,2015,12,1,0.27,0.965
-70.356,39.651,2015,12,1,0.31,0.792
13.1632,-22.9663,2015,12,1,3.3,0.756
-70.72,39.853,2015,12,1,0.27,0.828
-42.759,-42.248,2015,12,1,0.11,0.245
-42.754,-42.023,2015,12,1,0.3,0.245
-39.538,59.97,2015,12,1,0.15,0.263
-144.745,50.122,2015,12,1,0.1,2.729
13.1209,-22.9686,2015,12,1,0.5,1.416
-70.723,39.799,2015,12,1,0.19,0.979
-144.733,50.052,2015,12,1,0.1,0.468
13.1129,-22.9674,2015,12,1,1.7,1.644
-70.293,39.624,2015,12,1,0.21,0.986
13.1049,-22.9662,2015,12,1,1.7,1.74
-70.728,39.781,2015,12,1,0.18,1.08
-42.771,-42.238,2015,12,1,0.34,1.166
-144.837,50.084,2015,12,1,0.12,0.518
-89.18,-52.897,2015,12,1,0.11,0.569
-42.76,-42.011,2015,12,2,0.28,1.699
13.0959,-22.9661,2015,12,2,3.4,1.464
-39.527,59.982,2015,12,2,0.11,0.263
-144.716,50.168,2015,12,2,0.17,1.75
13.0714,-22.9661,2015,12,2,3.8,2.82
13.0655,-22.9645,2015,12,2,4.9,2.304
-70.757,39.708,2015,12,2,0.15,1.022
-42.782,-42.234,2015,12,2,0.1,1.109
-70.233,39.565,2015,12,2,0.21,0.677
-144.807,50.084,2015,12,2,0.2,1.188
13.0476,-22.9606,2015,12,2,3.5,0.9
-42.765,-42.002,2015,12,2,0.46,1.08
-144.833,50.08,2015,12,2,0.13,1.202
-144.809,50.094,2015,12,2,0.1,1.462
-144.663,50.197,2015,12,2,0.1,1.505
-39.533,59.969,2015,12,2,0.11,0.248
-89.205,-52.877,2015,12,2,0.1,0.677
13.0111,-22.9732,2015,12,2,2.8,0.972
-70.737,39.646,2015,12,2,0.18,0.67
-42.79,-42.229,2015,12,2,0.18,0.324
-70.161,39.523,2015,12,2,0.19,0.562
-42.766,-41.988,2015,12,2,0.29,0.266
-144.829,50.086,2015,12,2,0.11,1.174
-144.606,50.249,2015,12,2,0.14,1.519
-70.729,39.574,2015,12,2,0.11,1.31
-42.79,-42.231,2015,12,2,0.11,1.008
-39.524,59.968,2015,12,2,0.11,0.255
-144.738,50.16,2015,12,2,0.15,0.806
-144.81,50.079,2015,12,2,0.23,1.361
-70.094,39.461,2015,12,3,0.14,1.03
-42.768,-41.973,2015,12,3,0.33,1.361
-144.836,50.087,2015,12,3,0.1,1.08
-89.209,-52.842,2015,12,3,0.1,0.59
-144.546,50.278,2015,12,3,0.13,1.555
-42.806,-42.231,2015,12,3,0.18,1.411
-70.713,39.494,2015,12,3,0.1,0.929
-39.511,59.966,2015,12,3,0.1,0.285
-42.767,-41.963,2015,12,3,0.35,0.72
-144.658,50.213,2015,12,3,0.48,1.397
-70.042,39.4,2015,12,3,0.11,0.886
-144.472,50.301,2015,12,3,0.2,1.62
-70.701,39.413,2015,12,3,0.1,0.713
-42.818,-42.233,2015,12,3,0.13,0.245
-144.828,50.081,2015,12,3,0.65,1.195
-89.178,-52.81,2015,12,3,0.1,0.108
-70.008,39.339,2015,12,3,0.14,0.396
-42.78,-41.957,2015,12,3,0.4,0.202
-39.509,59.97,2015,12,3,1.25,0.226
-144.566,50.266,2015,12,3,0.1,1.123
-70.002,39.348,2015,12,3,0.16,0.418
-70.692,39.319,2015,12,3,0.13,0.504
-144.406,50.337,2015,12,3,1.0,0.662
-42.822,-42.223,2015,12,3,0.11,0.432
-42.782,-41.951,2015,12,4,0.38,1.145
-39.516,59.974,2015,12,4,0.21,0.219
-144.828,50.075,2015,12,4,0.1,1.289
-70.702,39.225,2015,12,4,0.22,0.598
-89.124,-52.795,2015,12,4,0.1,0.72
-69.994,39.413,2015,12,4,0.24,0.634
-42.842,-42.227,2015,12,4,0.11,0.979
-144.467,50.315,2015,12,4,0.11,1.548
-42.787,-41.955,2015,12,4,0.36,1.318
-89.103,-52.799,2015,12,4,0.7,0.828
-70.699,39.136,2015,12,4,0.26,0.785
-144.783,50.09,2015,12,4,0.6,1.282
-39.529,59.97,2015,12,4,0.1,0.226
-69.993,39.477,2015,12,4,0.3,0.684
-42.851,-42.239,2015,12,4,0.1,0.31
-70.74,39.094,2015,12,4,0.29,0.677
-42.794,-41.954,2015,12,4,0.34,0.166
-89.077,-52.81,2015,12,4,0.1,0.324
-70.787,39.101,2015,12,4,0.32,0.72
-42.857,-42.243,2015,12,4,0.11,0.252
-144.797,50.125,2015,12,4,0.1,1.224
-70.015,39.536,2015,12,4,0.34,0.72
-39.51,59.966,2015,12,4,0.11,0.241
-42.799,-41.959,2015,12,4,0.31,1.008
-70.874,39.101,2015,12,5,0.37,0.648
-89.067,-52.83,2015,12,5,0.15,0.907
-42.873,-42.247,2015,12,5,0.1,1.426
-144.411,50.341,2015,12,5,0.16,1.31
-70.876,39.093,2015,12,5,0.37,0.749
-70.03,39.601,2015,12,5,0.36,0.792
-144.397,50.341,2015,12,5,0.1,1.231
-39.525,59.966,2015,12,5,0.1,0.277
-144.824,50.142,2015,12,5,0.15,1.195
-144.467,50.332,2015,12,5,0.11,1.116
-42.81,-41.967,2015,12,5,0.27,0.778
-144.357,50.325,2015,12,5,3.17,1.303
-42.935,-42.232,2015,12,5,0.1,0.77
-70.828,39.099,2015,12,5,0.39,0.706
-70.054,39.667,2015,12,5,0.41,0.526
-144.352,50.339,2015,12,5,0.13,1.289
-144.353,50.344,2015,12,5,0.1,1.296
-42.852,-41.968,2015,12,5,0.29,0.173
-39.518,59.964,2015,12,5,0.12,0.19
-144.34,50.275,2015,12,5,0.13,1.433
-144.364,50.363,2015,12,5,0.2,1.606
-89.082,-52.832,2015,12,5,0.17,0.194
-144.389,50.33,2015,12,5,0.1,1.325
-144.832,50.14,2015,12,5,0.17,1.152
-42.976,-42.235,2015,12,5,0.1,0.338
12.525,-22.9475,2015,12,5,3.5,2.316
-70.768,39.099,2015,12,5,0.41,0.792
-144.405,50.389,2015,12,5,0.1,0.634
-70.054,39.732,2015,12,5,0.45,0.814
-42.877,-41.971,2015,12,6,0.27,1.015
-39.525,59.963,2015,12,6,0.17,0.248
-144.303,50.216,2015,12,6,0.17,0.648
-43.012,-42.24,2015,12,6,0.1,0.835
-70.707,39.096,2015,12,6,0.44,1.202
-89.098,-52.819,2015,12,6,0.1,0.943
-144.797,50.149,2015,12,6,0.1,1.267
-144.324,50.276,2015,12,6,0.15,1.397
-144.374,50.341,2015,12,6,0.12,1.526
12.4549,-22.9567,2015,12,6,4.5,1.116
-70.708,39.113,2015,12,6,0.42,0.979
-70.053,39.789,2015,12,6,0.45,0.886
-42.923,-41.981,2015,12,6,0.3,1.001
-39.51,59.966,2015,12,6,0.1,0.226
-43.072,-42.238,2015,12,6,0.11,0.295
-144.264,50.154,2015,12,6,0.14,1.375
-70.715,39.16,2015,12,6,0.4,0.85
-144.346,50.302,2015,12,6,0.1,1.447
-70.017,39.824,2015,12,6,0.42,0.36
-42.953,-41.986,2015,12,6,0.28,0.626
-144.812,50.155,2015,12,6,0.1,1.267
-144.338,50.299,2015,12,6,0.13,1.433
-70.016,39.814,2015,12,6,0.33,0.72
-43.129,-42.232,2015,12,6,0.11,0.554
-39.46,59.932,2015,12,6,0.1,0.219
-70.73,39.201,2015,12,6,0.33,1.325
-144.229,50.09,2015,12,6,0.11,0.468
-42.989,-41.993,2015,12,6,0.29,0.914
-89.077,-52.771,2015,12,6,0.11,0.403
-70.053,39.783,2015,12,7,0.35,0.785
-43.162,-42.234,2015,12,7,0.1,1.102
-144.821,50.16,2015,12,7,0.36,1.289
-144.402,50.259,2015,12,7,0.44,1.49
12.3152,-22.955,2015,12,7,3.7,1.152
-70.737,39.246,2015,12,7,0.3,1.296
-144.23,50.161,2015,12,7,0.15,1.534
-39.487,59.947,2015,12,7,0.1,0.241
-89.065,-52.768,2015,12,7,0.34,1.303
-43.028,-42.001,2015,12,7,0.28,0.77
-70.118,39.713,2015,12,7,0.27,0.785
-144.229,50.028,2015,12,7,0.1,1.93
-43.193,-42.232,2015,12,7,0.1,0.547
-70.753,39.292,2015,12,7,0.26,1.296
-144.451,50.228,2015,12,7,0.12,1.498
-88.989,-52.757,2015,12,7,0.11,0.23
-144.809,50.157,2015,12,7,0.26,1.418
-43.061,-42.007,2015,12,7,0.33,0.338
-39.532,59.953,2015,12,7,0.1,0.197
-70.173,39.639,2015,12,7,0.26,0.432
-144.199,50.095,2015,12,7,0.1,1.483
-43.223,-42.224,2015,12,7,0.11,0.374
-70.764,39.33,2015,12,7,0.21,0.914
-144.245,49.971,2015,12,7,0.15,1.224
-144.52,50.203,2015,12,7,0.16,1.915
-88.958,-52.779,2015,12,7,0.15,0.158
-144.255,49.981,2015,12,7,0.12,0.936
-43.096,-42.024,2015,12,8,0.36,0.857
-39.546,59.969,2015,12,8,0.1,0.241
-70.225,39.567,2015,12,8,0.23,0.77
-144.81,50.173,2015,12,8,0.12,1.008
-43.251,-42.218,2015,12,8,0.1,1.469
-70.773,39.379,2015,12,8,0.19,2.182
-88.952,-52.809,2015,12,8,0.1,1.195
-144.197,50.03,2015,12,8,0.14,1.742
-144.57,50.162,2015,12,8,0.1,1.512
-43.127,-42.03,2015,12,8,0.34,1.282
-43.278,-42.21,2015,12,8,0.1,0.986
-39.619,60.001,2015,12,8,0.11,0.248
-144.363,49.991,2015,12,8,0.1,1.274
-70.787,39.424,2015,12,8,0.15,1.152
-70.296,39.501,2015,12,8,0.19,1.188
12.5093,-22.927,2015,12,8,4.4,0.396
-88.965,-52.834,2015,12,8,0.13,1.224
-144.792,50.174,2015,12,8,0.11,0.994
-144.623,50.133,2015,12,8,0.15,1.282
-43.143,-42.044,2015,12,8,0.37,0.216
-43.3,-42.207,2015,12,8,0.11,0.252
-144.231,49.978,2015,12,8,0.11,1.188
-70.8,39.477,2015,12,8,0.15,1.123
-70.366,39.441,2015,12,8,0.16,1.073
-88.983,-52.845,2015,12,8,0.1,0.252
-39.638,59.991,2015,12,8,0.16,0.321
-144.473,50.004,2015,12,8,0.12,1.159
12.576,-22.9171,2015,12,8,3.6,0.684
-144.256,49.98,2015,12,8,0.3,0.518
-144.691,50.107,2015,12,8,0.66,0.547
-144.773,50.186,2015,12,8,0.12,0.612
-43.294,-42.207,2015,12,9,0.1,1.404
-43.126,-42.067,2015,12,9,0.35,1.44
-70.809,39.53,2015,12,9,0.2,0.914
-89.007,-52.846,2015,12,9,0.12,1.051
-70.459,39.401,2015,12,9,0.23,0.943
-39.671,60.006,2015,12,9,0.11,0.226
-144.585,50.016,2015,12,9,0.47,1.404
-43.29,-42.212,2015,12,9,0.1,1.591
-144.748,50.079,2015,12,9,0.3,1.562
-89.024,-52.839,2015,12,9,0.12,1.397
-43.116,-42.097,2015,12,9,0.3,1.476
-70.836,39.583,2015,12,9,0.23,1.087
-89.027,-52.832,2015,12,9,0.13,1.368
-70.549,39.363,2015,12,9,0.25,1.138
-144.373,49.987,2015,12,9,0.1,1.289
-144.751,50.178,2015,12,9,0.27,0.943
-89.024,-52.823,2015,12,9,0.15,0.439
-39.707,59.996,2015,12,9,0.1,0.175
-43.275,-42.218,2015,12,9,0.13,0.785
-144.782,50.078,2015,12,9,0.11,1.339
-70.875,39.636,2015,12,9,0.23,0.547
-43.102,-42.131,2015,12,9,0.21,0.583
-89.017,-52.816,2015,12,9,0.67,0.331
-144.7,50.043,2015,12,9,0.12,1.166
-70.604,39.339,2015,12,9,0.25,0.374
-89.005,-52.81,2015,12,9,0.1,0.259
-88.991,-52.804,2015,12,9,0.11,0.245
-43.274,-42.23,2015,12,9,0.1,1.253
-70.654,39.366,2015,12,9,0.24,1.174
-39.756,59.992,2015,12,9,0.11,0.219
-144.757,50.173,2015,12,9,0.1,0.598
-144.499,49.991,2015,12,9,0.1,0.562
-70.913,39.688,2015,12,10,0.21,1.058
-43.11,-42.195,2015,12,10,0.18,1.822
-144.729,50.124,2015,12,10,0.12,0.576
-88.979,-52.801,2015,12,10,0.13,0.36
-88.966,-52.803,2015,12,10,0.12,1.555
-144.807,50.073,2015,12,10,0.1,1.39
-43.274,-42.256,2015,12,10,0.1,1.224
-88.949,-52.808,2015,12,10,0.13,1.706
-70.939,39.736,2015,12,10,0.19,1.274
-70.719,39.426,2015,12,10,0.2,0.886
-39.782,60.001,2015,12,10,0.1,0.153
-88.93,-52.813,2015,12,10,0.11,1.786
-43.126,-42.27,2015,12,10,0.15,0.713
-144.813,50.094,2015,12,10,0.12,1.339
-144.677,50.173,2015,12,10,0.2,1.31
-144.798,50.101,2015,12,10,0.13,1.102
-144.625,50.001,2015,12,10,0.14,1.433
-88.918,-52.819,2015,12,10,0.1,1.303
-43.294,-42.289,2015,12,10,0.18,0.353
-88.912,-52.827,2015,12,10,0.1,0.274
-70.936,39.776,2015,12,10,0.2,1.152
-70.799,39.478,2015,12,10,0.2,1.051
-43.154,-42.338,2015,12,10,0.2,0.274
-88.908,-52.838,2015,12,10,0.1,0.194
-39.763,60.012,2015,12,10,0.15,0.183
-144.626,50.213,2015,12,10,0.14,1.404
-88.902,-52.851,2015,12,10,0.1,0.151
-144.757,50.155,2015,12,10,0.1,0.662
-43.314,-42.33,2015,12,10,0.1,0.403
-144.826,50.098,2015,12,10,0.1,0.59
-88.896,-52.864,2015,12,10,0.1,0.238
-70.933,39.815,2015,12,10,0.2,1.829
-70.874,39.543,2015,12,11,0.23,1.397
-144.81,50.079,2015,12,11,0.62,0.958
-43.16,-42.398,2015,12,11,0.26,1.361
-88.895,-52.874,2015,12,11,0.1,0.72
-144.56,50.256,2015,12,11,0.1,1.462
-43.335,-42.369,2015,12,11,0.1,1.318
-144.807,50.068,2015,12,11,0.13,1.159
-88.904,-52.884,2015,12,11,0.23,1.721
-70.932,39.862,2015,12,11,0.18,1.656
-144.794,50.065,2015,12,11,0.15,1.159
-144.673,50.198,2015,12,11,0.49,1.274
-88.913,-52.897,2015,12,11,0.1,1.793
-70.962,39.594,2015,12,11,0.22,1.094
12.9734,-22.9513,2015,12,11,3.7,0.924
-43.17,-42.455,2015,12,11,0.24,0.763
-88.919,-52.908,2015,12,11,0.12,1.728
-144.786,50.063,2015,12,11,0.38,1.073
-70.913,39.891,2015,12,11,0.2,4.111
-144.507,50.295,2015,12,11,0.14,1.447
-43.347,-42.41,2015,12,11,0.1,0.281
-144.795,50.091,2015,12,11,0.12,1.289
-88.926,-52.916,2015,12,11,0.51,1.354
13.0053,-22.9412,2015,12,11,2.5,1.296
-144.798,50.062,2015,12,11,0.12,1.087
13.0113,-22.9398,2015,12,11,1.2,1.572
-70.886,39.898,2015,12,11,0.2,0.986
-88.933,-52.919,2015,12,11,0.1,0.216
-39.631,59.993,2015,12,11,0.14,0.168
-88.939,-52.92,2015,12,11,0.1,0.238
13.0192,-22.9387,2015,12,11,1.4,2.76
-70.879,39.9,2015,12,11,0.18,1.109
-71.044,39.652,2015,12,11,0.19,1.202
-43.175,-42.512,2015,12,11,0.23,0.216
-144.81,50.081,2015,12,11,0.13,1.21
13.0251,-22.9389,2015,12,11,3.8,2.844
13.0311,-22.9391,2015,12,11,0.1,2.988
-43.355,-42.451,2015,12,11,0.1,0.295
-144.592,50.258,2015,12,11,0.14,1.188
-144.436,50.328,2015,12,11,0.11,1.188
-88.947,-52.913,2015,12,11,0.17,0.202
13.0378,-22.9385,2015,12,11,4.8,3.0
13.0461,-22.94,2015,12,11,2.6,3.36
-144.797,50.081,2015,12,11,0.1,0.986
-88.954,-52.912,2015,12,11,0.13,0.238
-70.855,39.899,2015,12,11,0.14,2.362
-88.962,-52.912,2015,12,11,0.1,0.23
13.0665,-22.9438,2015,12,11,1.9,3.276
-88.971,-52.913,2015,12,11,0.13,0.259
13.0706,-22.9421,2015,12,11,4.6,3.06
-144.804,50.079,2015,12,11,0.1,1.087
13.0761,-22.9452,2015,12,12,1.9,3.132
-144.753,50.162,2015,12,12,0.18,1.08
-88.979,-52.915,2015,12,12,0.1,1.058
13.0871,-22.9515,2015,12,12,0.5,3.12
-70.833,39.903,2015,12,12,0.18,3.161
-43.167,-42.569,2015,12,12,0.2,1.202
-39.556,59.98,2015,12,12,0.19,0.19
-71.122,39.702,2015,12,12,0.2,1.325
-43.363,-42.498,2015,12,12,0.1,1.152
-144.392,50.338,2015,12,12,0.1,1.368
-88.985,-52.916,2015,12,12,0.1,1.721
13.0968,-22.9483,2015,12,12,1.9,2.988
-144.803,50.075,2015,12,12,0.11,1.375
13.106,-22.9454,2015,12,12,0.5,2.928
-88.99,-52.916,2015,12,12,0.14,1.908
13.1086,-22.9408,2015,12,12,1.2,3.156
13.1132,-22.9401,2015,12,12,1.8,2.136
13.1177,-22.9395,2015,12,12,3.2,2.124
13.1226,-22.9389,2015,12,12,0.5,0.984
-70.806,39.903,2015,12,12,0.17,2.527
-144.81,50.082,2015,12,12,0.11,1.073
-144.503,50.304,2015,12,12,0.19,1.282
-88.995,-52.912,2015,12,12,0.12,1.908
13.125,-22.9369,2015,12,12,4.5,1.272
13.1306,-22.9367,2015,12,12,3.0,1.092
-89.001,-52.906,2015,12,12,0.12,1.692
13.1418,-22.9364,2015,12,12,0.3,0.66
-43.158,-42.613,2015,12,12,0.17,0.23
-144.8,50.087,2015,12,12,0.12,1.166
13.1439,-22.9358,2015,12,12,3.8,0.828
-70.788,39.904,2015,12,12,0.19,4.961
-71.15,39.754,2015,12,12,0.22,1.375
-43.368,-42.539,2015,12,12,0.11,0.338
-144.362,50.291,2015,12,12,0.1,1.238
-89.006,-52.899,2015,12,12,0.1,1.21
13.1553,-22.9346,2015,12,12,4.6,0.732
-39.512,59.978,2015,12,12,0.16,0.234
-144.677,50.218,2015,12,12,0.13,1.332
13.1666,-22.9334,2015,12,12,2.0,1.32
-144.799,50.078,2015,12,12,0.1,1.037
-89.009,-52.892,2015,12,12,0.1,0.374
-89.01,-52.89,2015,12,12,0.1,0.389
-70.768,39.907,2015,12,12,0.22,1.548
-89.009,-52.888,2015,12,12,0.46,0.403
-144.801,50.073,2015,12,12,0.14,1.145
-89.005,-52.887,2015,12,12,0.11,0.245
-144.408,50.329,2015,12,12,0.12,1.253
-89.002,-52.886,2015,12,12,0.1,0.389
-70.745,39.9,2015,12,12,0.23,1.267
-43.366,-42.584,2015,12,12,0.1,0.209
-43.136,-42.655,2015,12,12,0.27,0.166
-144.622,50.259,2015,12,12,0.1,1.476
13.2043,-22.937,2015,12,12,4.1,11.364
-144.811,50.08,2015,12,12,0.54,0.929
13.2114,-22.9406,2015,12,12,3.8,11.04
-71.174,39.808,2015,12,12,0.27,1.08
-144.325,50.241,2015,12,12,0.18,1.166
-39.498,59.983,2015,12,12,0.13,0.19
-144.399,50.314,2015,12,12,0.33,0.986
13.2202,-22.9422,2015,12,12,4.3,9.792
-144.802,50.083,2015,12,12,0.2,0.799
13.2318,-22.9393,2015,12,12,3.5,8.664
-70.726,39.9,2015,12,12,0.23,1.562
13.244,-22.9363,2015,12,13,3.6,7.872
-144.793,50.081,2015,12,13,0.17,0.734
-144.561,50.308,2015,12,13,0.51,0.742
13.2567,-22.9331,2015,12,13,3.4,6.54
-71.179,39.813,2015,12,13,0.27,2.909
-43.385,-42.649,2015,12,13,0.1,0.979
-43.149,-42.721,2015,12,13,0.25,1.31
-70.716,39.906,2015,12,13,0.23,1.303
13.2674,-22.9296,2015,12,13,3.0,7.068
-144.799,50.07,2015,12,13,0.23,1.138
-144.296,50.197,2015,12,13,0.37,1.39
13.2778,-22.9316,2015,12,13,2.8,4.74
-71.183,39.775,2015,12,13,0.27,2.39
13.2887,-22.9336,2015,12,13,3.1,3.348
-70.716,39.879,2015,12,13,0.22,1.195
-39.519,59.973,2015,12,13,0.11,0.161
-144.806,50.084,2015,12,13,0.2,1.073
-144.354,50.241,2015,12,13,0.5,1.332
13.2995,-22.9356,2015,12,13,3.8,2.304
-43.362,-42.678,2015,12,13,0.17,0.958
13.3093,-22.9369,2015,12,13,0.9,1.884
-43.112,-42.756,2015,12,13,0.28,0.626
-144.805,50.083,2015,12,13,0.21,1.073
-144.47,50.326,2015,12,13,0.19,1.246
13.3193,-22.9395,2015,12,13,4.0,0.984
13.3294,-22.9421,2015,12,13,3.2,0.876
-70.732,39.843,2015,12,13,0.22,1.123
-144.795,50.081,2015,12,13,0.22,1.102
-144.273,50.152,2015,12,13,0.2,1.433
13.3395,-22.9446,2015,12,13,4.0,1.14
-71.184,39.707,2015,12,13,0.26,1.937
13.3476,-22.9461,2015,12,13,4.9,1.824
-39.526,59.967,2015,12,13,0.13,0.204
-43.342,-42.703,2015,12,13,0.1,0.295
-144.801,50.074,2015,12,13,0.2,1.195
-43.087,-42.789,2015,12,13,0.3,0.583
-144.297,50.179,2015,12,13,0.2,1.325
13.3665,-22.9444,2015,12,13,4.7,2.028
-70.757,39.787,2015,12,13,0.24,1.944
-144.809,50.081,2015,12,13,0.27,1.037
-144.394,50.339,2015,12,13,0.21,0.778
-144.245,50.098,2015,12,13,0.29,0.706
-71.18,39.637,2015,12,13,0.24,1.548
-144.798,50.084,2015,12,13,0.56,0.756
-43.048,-42.824,2015,12,14,0.24,1.498
-39.523,59.973,2015,12,14,0.1,0.226
-144.793,50.079,2015,12,14,0.82,1.13
-70.796,39.729,2015,12,14,0.23,2.362
-43.318,-42.755,2015,12,14,0.1,1.944
-144.271,50.131,2015,12,14,0.26,1.325
13.4314,-22.9468,2015,12,14,3.5,2.364
-144.804,50.072,2015,12,14,0.52,1.202
13.4386,-22.9485,2015,12,14,2.7,1.824
-144.224,50.05,2015,12,14,0.64,1.325
13.4457,-22.9503,2015,12,14,3.1,0.696
-71.17,39.57,2015,12,14,0.22,1.649
13.4502,-22.9504,2015,12,14,4.5,0.744
-144.805,50.085,2015,12,14,0.24,1.051
13.4587,-22.9508,2015,12,14,4.6,0.888
-43.02,-42.852,2015,12,14,0.26,0.533
13.4677,-22.9513,2015,12,14,3.3,0.456
-70.794,39.681,2015,12,14,0.19,2.434
-43.295,-42.781,2015,12,14,0.23,0.389
-39.5,59.979,2015,12,14,0.12,0.204
-144.796,50.088,2015,12,14,0.29,1.08
13.4762,-22.9518,2015,12,14,3.7,0.444
13.4798,-22.9511,2015,12,14,3.6,0.528
13.4873,-22.9499,2015,12,14,3.7,0.696
-144.794,50.077,2015,12,14,0.67,1.174
13.4951,-22.9487,2015,12,14,3.3,0.972
-144.245,50.066,2015,12,14,0.52,1.274
-144.23,50.003,2015,12,14,0.3,1.476
13.5024,-22.9476,2015,12,14,4.0,1.224
-71.148,39.506,2015,12,14,0.2,0.893
13.507,-22.9457,2015,12,14,0.8,1.368
-144.807,50.072,2015,12,14,0.38,1.21
13.5128,-22.9457,2015,12,14,2.8,2.052
-43.256,-42.767,2015,12,14,0.1,0.302
-42.989,-42.88,2015,12,14,0.32,0.122
13.5181,-22.9456,2015,12,14,2.9,2.148
-70.788,39.623,2015,12,14,0.16,1.382
13.5238,-22.9456,2015,12,14,3.4,2.208
-39.527,59.971,2015,12,14,0.13,0.219
-144.815,50.084,2015,12,14,0.3,0.742
13.5282,-22.9447,2015,12,14,0.8,2.58
13.5343,-22.9458,2015,12,14,2.5,2.196
13.5401,-22.9468,2015,12,14,3.9,2.232
13.5452,-22.9477,2015,12,14,3.6,2.148
-144.799,50.084,2015,12,14,0.28,0.554
-144.257,49.965,2015,12,14,0.32,0.691
13.5499,-22.9475,2015,12,14,0.7,2.304
13.5503,-22.9484,2015,12,15,2.2,2.172
-71.129,39.431,2015,12,15,0.14,1.714
13.5507,-22.9496,2015,12,15,2.8,2.244
13.5511,-22.9505,2015,12,15,4.1,2.088
-70.774,39.562,2015,12,15,0.11,1.642
-43.243,-42.8,2015,12,15,0.11,1.246
-42.971,-42.91,2015,12,15,0.36,1.454
-144.233,49.996,2015,12,15,0.21,1.087
13.5507,-22.9479,2015,12,15,0.5,1.62
-144.793,50.076,2015,12,15,0.28,1.512
13.5454,-22.9475,2015,12,15,3.0,1.404
13.5397,-22.9471,2015,12,15,4.5,1.392
-39.528,59.966,2015,12,15,0.12,0.219
-144.802,50.071,2015,12,15,0.31,1.159
13.5199,-22.9454,2015,12,15,3.0,1.092
13.5126,-22.9464,2015,12,15,4.0,1.308
-144.25,49.972,2015,12,15,0.29,1.469
-144.345,49.978,2015,12,15,0.29,1.678
13.5049,-22.9474,2015,12,15,4.5,0.396
-71.133,39.36,2015,12,15,0.1,1.735
-43.206,-42.829,2015,12,15,0.12,0.864
-144.815,50.083,2015,12,15,0.32,1.145
13.4963,-22.9464,2015,12,15,4.0,0.42
-70.746,39.501,2015,12,15,0.1,1.001
13.4915,-22.9477,2015,12,15,4.4,0.744
-42.927,-42.931,2015,12,15,0.43,0.468
13.4843,-22.9496,2015,12,15,4.8,1.068
-144.804,50.092,2015,12,15,0.3,1.13
13.4768,-22.9515,2015,12,15,4.4,1.092
-71.139,39.337,2015,12,15,0.1,1.418
13.4675,-22.9502,2015,12,15,3.8,0.684
-144.802,50.103,2015,12,15,0.28,1.138
13.4595,-22.9521,2015,12,15,2.8,0.828
13.4512,-22.9541,2015,12,15,3.9,1.704
-70.733,39.434,2015,12,15,0.1,0.619
-43.169,-42.844,2015,12,15,0.1,0.49
-39.501,59.972,2015,12,15,0.1,0.204
-144.445,49.995,2015,12,15,0.25,1.267
13.4425,-22.9562,2015,12,15,4.9,2.424
-71.12,39.362,2015,12,15,0.1,0.655
-144.807,50.083,2015,12,15,0.35,0.958
13.4328,-22.9565,2015,12,15,4.6,2.256
-42.905,-42.956,2015,12,15,0.44,1.62
-144.381,49.985,2015,12,15,0.27,1.231
13.4235,-22.9552,2015,12,15,3.7,2.208
13.4138,-22.9539,2015,12,15,4.2,2.052
-144.815,50.081,2015,12,15,0.27,0.59
-144.295,50.204,2015,12,15,0.24,0.907
13.3939,-22.9503,2015,12,16,3.4,1.836
-70.722,39.368,2015,12,16,0.13,0.9
-144.811,50.087,2015,12,16,0.3,1.31
-43.136,-42.876,2015,12,16,0.16,0.986
-39.482,59.983,2015,12,16,0.1,0.204
-144.548,50.004,2015,12,16,0.33,1.253
-71.071,39.411,2015,12,16,0.11,0.835
-42.86,-42.986,2015,12,16,0.41,2.916
13.3749,-22.9462,2015,12,16,3.2,1.656
-144.801,50.099,2015,12,16,0.33,1.159
13.3652,-22.9441,2015,12,16,3.1,1.584
-144.516,50.001,2015,12,16,0.1,1.202
-144.806,50.1,2015,12,16,0.17,1.202
13.345,-22.9431,2015,12,16,3.4,0.672
-70.714,39.305,2015,12,16,0.11,0.893
13.3355,-22.9454,2015,12,16,3.8,0.552
-144.823,50.092,2015,12,16,0.51,1.174
-144.635,50.027,2015,12,16,0.54,1.39
13.3258,-22.9476,2015,12,16,4.9,0.528
-71.038,39.458,2015,12,16,0.16,0.85
-43.092,-42.892,2015,12,16,0.23,0.346
-39.512,59.968,2015,12,16,0.1,0.219
-144.259,50.14,2015,12,16,0.1,1.325
13.3142,-22.9473,2015,12,16,1.2,0.42
-144.84,50.098,2015,12,16,0.1,1.109
13.3034,-22.9447,2015,12,16,3.9,0.504
-42.837,-43.0,2015,12,16,0.43,0.36
13.2921,-22.9419,2015,12,16,3.9,0.936
-70.713,39.241,2015,12,16,0.21,1.015
-144.829,50.102,2015,12,16,0.24,1.058
-144.635,50.027,2015,12,16,0.13,1.152
-144.72,50.053,2015,12,16,0.1,1.498
-71.011,39.503,2015,12,16,0.23,0.778
-43.057,-42.917,2015,12,16,0.15,0.396
-144.831,50.088,2015,12,16,0.13,0.979
13.2563,-22.9351,2015,12,16,3.2,1.368
-39.513,59.97,2015,12,16,0.11,0.212
-70.713,39.183,2015,12,16,0.23,0.907
-42.852,-42.986,2015,12,16,0.43,2.326
-144.826,50.079,2015,12,16,0.1,0.482
-144.221,50.077,2015,12,16,0.1,0.626
-144.804,50.079,2015,12,17,0.11,1.39
-144.757,50.056,2015,12,17,0.29,1.159
13.2123,-22.9409,2015,12,17,3.9,1.404
-70.981,39.54,2015,12,17,0.26,0.979
-43.03,-42.936,2015,12,17,0.15,1.829
-39.535,59.979,2015,12,17,0.11,0.197
-144.767,50.089,2015,12,17,0.57,1.39
-70.707,39.131,2015,12,17,0.22,0.907
-42.845,-43.003,2015,12,17,0.43,2.088
-144.8,50.079,2015,12,17,0.1,1.08
-144.764,50.082,2015,12,17,0.12,1.332
-144.216,50.009,2015,12,17,0.1,1.382
-70.744,39.105,2015,12,17,0.18,0.734
-70.951,39.589,2015,12,17,0.22,0.742
13.1495,-22.9427,2015,12,17,3.6,0.816
-42.995,-42.959,2015,12,17,0.1,0.389
-144.713,50.137,2015,12,17,0.77,1.282
13.1423,-22.9445,2015,12,17,4.7,0.78
-39.527,59.982,2015,12,17,0.1,0.183
13.1353,-22.9462,2015,12,17,3.4,1.164
-70.795,39.107,2015,12,17,0.17,0.691
-42.82,-43.001,2015,12,17,0.34,0.49
13.1208,-22.9477,2015,12,17,3.2,2.1
13.1117,-22.9488,2015,12,17,3.3,2.808
-70.935,39.638,2015,12,17,0.17,0.792
-144.687,50.16,2015,12,17,0.37,0.734
-144.785,50.077,2015,12,17,0.11,1.022
-144.649,50.178,2015,12,17,0.36,1.109
-70.874,39.098,2015,12,17,0.1,1.462
-42.963,-42.984,2015,12,17,0.1,2.117
-144.237,49.977,2015,12,17,0.15,0.734
13.085,-22.9513,2015,12,18,4.3,2.388
-42.832,-43.005,2015,12,18,0.33,2.434
-39.512,59.979,2015,12,18,0.12,0.161
-70.866,39.103,2015,12,18,0.11,1.001
13.0703,-22.9552,2015,12,18,4.7,3.048
13.061,-22.9537,2015,12,18,4.9,2.376
13.0488,-22.9514,2015,12,18,4.5,2.448
-70.91,39.666,2015,12,18,0.1,0.706
13.0356,-22.9489,2015,12,18,3.5,2.088
-144.595,50.23,2015,12,18,0.17,1.282
-42.921,-43.002,2015,12,18,0.1,2.189
-144.597,50.224,2015,12,18,0.1,1.152
13.022,-22.9464,2015,12,18,4.5,1.692
-70.794,39.103,2015,12,18,0.1,0.907
-42.829,-43.001,2015,12,18,0.23,1.26
-39.547,59.964,2015,12,18,0.16,0.183
-144.804,50.078,2015,12,18,0.17,0.979
13.0054,-22.944,2015,12,18,4.5,1.02
-70.887,39.692,2015,12,18,0.11,0.59
-144.535,50.269,2015,12,18,0.63,1.224
-70.729,39.11,2015,12,18,0.1,0.698
-42.871,-43.001,2015,12,18,0.1,0.41
-42.835,-43.008,2015,12,18,0.23,0.518
-39.542,59.975,2015,12,18,0.12,0.168
-144.5,50.283,2015,12,18,0.84,1.116
-144.814,50.076,2015,12,18,0.1,0.634
-70.685,39.124,2015,12,18,0.1,0.893
-70.858,39.717,2015,12,18,0.1,0.67
-144.461,50.309,2015,12,19,0.12,0.857
-70.693,39.16,2015,12,19,0.1,0.504
-42.809,-43.001,2015,12,19,0.1,2.47
-42.829,-42.997,2015,12,19,0.22,2.059
-39.547,59.99,2015,12,19,0.1,0.161
-144.4,50.328,2015,12,19,0.1,1.109
-70.826,39.747,2015,12,19,0.13,0.792
-144.789,50.082,2015,12,19,0.11,1.08
-144.391,50.337,2015,12,19,0.38,1.159
-70.723,39.225,2015,12,19,0.16,0.468
13.0494,-22.919,2015,12,19,4.7,0.936
-42.744,-43.013,2015,12,19,0.1,0.367
-42.751,-43.007,2015,12,19,0.27,0.31
-39.511,59.974,2015,12,19,0.11,0.124
13.0712,-22.9231,2015,12,19,4.9,2.388
-70.779,39.775,2015,12,19,0.25,0.353
-144.386,50.324,2015,12,19,0.1,1.238
-70.753,39.29,2015,12,19,0.19,0.461
-144.799,50.079,2015,12,19,0.2,0.893
-144.61,50.005,2015,12,19,0.43,1.361
13.0994,-22.9287,2015,12,19,3.9,3.06
13.1093,-22.931,2015,12,19,4.3,3.036
-42.679,-43.008,2015,12,19,0.12,0.54
-42.679,-43.006,2015,12,19,0.15,1.534
-39.48,60.011,2015,12,20,0.11,0.183
-70.778,39.351,2015,12,20,0.24,0.504
-70.701,39.797,2015,12,20,0.65,0.576
-144.347,50.267,2015,12,20,0.44,0.886
-144.807,50.075,2015,12,20,0.27,1.022
-42.62,-42.998,2015,12,20,0.11,2.11
-144.719,50.019,2015,12,20,0.37,1.116
-42.622,-42.993,2015,12,20,0.26,1.886
-70.799,39.423,2015,12,20,0.31,0.482
-39.483,60.039,2015,12,20,0.11,0.175
-144.299,50.221,2015,12,20,0.31,1.332
-70.639,39.829,2015,12,20,0.34,0.497
-144.803,50.076,2015,12,20,0.1,0.986
-70.811,39.489,2015,12,20,0.33,0.317
-42.563,-42.985,2015,12,20,0.1,0.504
-42.564,-42.979,2015,12,20,0.39,0.562
-144.389,50.34,2015,12,20,0.1,0.965
-144.807,50.078,2015,12,20,0.17,1.066
-89.749,-54.124,2015,12,20,0.18,0.664
-89.749,-54.124,2015,12,20,2.08,0.752
-89.749,-54.122,2015,12,20,0.1,0.533
-70.579,39.818,2015,12,20,0.36,0.324
-39.505,60.061,2015,12,20,0.1,1.095
-144.287,50.174,2015,12,20,0.11,1.31
-89.76,-54.124,2015,12,20,0.1,0.958
-89.76,-54.123,2015,12,20,0.1,0.554
-89.775,-54.123,2015,12,20,0.1,0.409
-89.775,-54.122,2015,12,20,0.17,0.533
-89.761,-54.122,2015,12,20,0.11,0.72
-89.751,-54.119,2015,12,20,0.1,0.752
-89.777,-54.123,2015,12,20,0.1,0.446
-89.775,-54.121,2015,12,20,0.11,0.416
-89.76,-54.124,2015,12,20,0.12,0.497
-89.754,-54.121,2015,12,20,0.1,0.606
-89.779,-54.122,2015,12,20,0.11,0.526
-42.547,-42.973,2015,12,20,0.13,0.684
-89.769,-54.119,2015,12,20,0.12,0.416
-89.756,-54.129,2015,12,20,0.11,0.454
-89.758,-54.129,2015,12,20,0.1,0.438
-89.772,-54.122,2015,12,20,0.11,0.907
-144.779,50.086,2015,12,20,0.13,0.533
-89.762,-54.123,2015,12,20,0.14,0.555
-89.765,-54.125,2015,12,20,0.1,0.67
-144.358,50.304,2015,12,20,0.1,0.641
-89.754,-54.143,2015,12,20,0.13,0.626
-89.761,-54.136,2015,12,20,0.1,0.65
-70.82,39.559,2015,12,21,0.34,0.518
-89.755,-54.133,2015,12,21,0.16,0.693
-89.757,-54.133,2015,12,21,0.11,4.428
-89.766,-54.151,2015,12,21,0.23,4.044
-42.55,-42.97,2015,12,21,0.38,2.362
-144.793,50.074,2015,12,21,0.11,0.979
-144.259,50.116,2015,12,21,0.17,1.454
-89.755,-54.157,2015,12,21,0.12,4.91
-70.526,39.783,2015,12,21,0.37,0.482
-89.754,-54.14,2015,12,21,0.1,5.249
-39.52,60.085,2015,12,21,0.11,0.168
-89.755,-54.152,2015,12,21,0.13,4.979
-89.758,-54.17,2015,12,21,0.11,5.386
-42.536,-42.919,2015,12,21,0.1,1.274
-89.782,-54.171,2015,12,21,0.12,4.584
-70.832,39.631,2015,12,21,0.34,0.554
-144.323,50.232,2015,12,21,0.1,1.138
-89.775,-54.198,2015,12,21,0.12,5.095
-89.769,-54.198,2015,12,21,0.16,4.543
-42.543,-42.976,2015,12,21,0.43,0.274
-144.238,50.069,2015,12,21,0.1,1.332
-89.8,-54.199,2015,12,21,0.1,0.73
-39.543,60.098,2015,12,21,0.1,0.153
-144.806,50.089,2015,12,21,0.1,0.886
-70.479,39.745,2015,12,21,0.35,0.468
-70.854,39.701,2015,12,21,0.3,0.382
-89.789,-54.223,2015,12,21,0.13,0.518
-42.506,-42.865,2015,12,21,0.12,0.274
-89.824,-54.224,2015,12,21,0.1,0.847
-89.822,-54.238,2015,12,21,0.15,0.438
-42.555,-42.979,2015,12,21,0.43,0.922
-144.279,50.16,2015,12,21,0.11,0.994
-144.235,50.017,2015,12,21,0.1,1.116
-89.83,-54.239,2015,12,21,0.17,0.374
-70.861,39.776,2015,12,21,0.25,0.49
-39.577,60.099,2015,12,21,0.13,0.183
-144.651,50.218,2015,12,21,0.12,1.418
-70.486,39.672,2015,12,21,0.32,1.901
-89.837,-54.242,2015,12,21,0.1,0.518
-42.478,-42.823,2015,12,22,0.15,1.267
-144.81,50.084,2015,12,22,0.18,0.914
-89.838,-54.223,2015,12,22,0.23,3.78
-144.232,49.975,2015,12,22,0.76,1.325
-89.84,-54.237,2015,12,22,0.19,3.745
-70.87,39.844,2015,12,22,0.24,0.511
-42.541,-42.973,2015,12,22,0.41,1.49
-39.607,60.102,2015,12,22,0.1,0.175
-144.234,50.085,2015,12,22,0.3,1.116
-89.842,-54.18,2015,12,22,0.14,4.154
-70.493,39.596,2015,12,22,0.25,1.138
-144.237,49.963,2015,12,22,0.42,1.289
-42.455,-42.777,2015,12,22,0.14,0.266
-144.571,50.268,2015,12,22,0.55,1.073
-89.835,-54.172,2015,12,22,0.11,2.913
-70.885,39.896,2015,12,22,0.23,0.554
-70.878,39.902,2015,12,22,0.23,0.41
-144.28,49.962,2015,12,22,0.49,1.318
-89.818,-54.171,2015,12,22,0.31,2.117
-89.847,-54.172,2015,12,22,0.2,0.599
-42.548,-42.984,2015,12,22,0.4,0.446
-39.625,60.109,2015,12,22,0.11,0.168
-70.853,39.906,2015,12,22,0.2,0.504
-70.49,39.516,2015,12,22,0.26,0.504
-144.229,50.012,2015,12,22,0.58,0.994
-89.817,-54.191,2015,12,22,0.29,0.518
-144.689,50.051,2015,12,22,0.28,0.396
-42.418,-42.748,2015,12,22,0.53,0.612
-70.832,39.91,2015,12,22,0.18,0.432
-144.358,49.979,2015,12,22,1.36,0.526
-89.817,-54.217,2015,12,22,0.12,0.445
-144.478,50.314,2015,12,22,0.16,0.454
-89.806,-54.206,2015,12,22,0.22,0.533
-89.805,-54.213,2015,12,22,0.32,1.022
-42.546,-42.981,2015,12,23,0.38,1.606
-70.806,39.916,2015,12,23,0.19,0.461
-70.518,39.438,2015,12,23,0.22,0.778
-39.636,60.109,2015,12,23,0.1,0.153
-144.265,49.959,2015,12,23,0.22,1.102
-89.814,-54.228,2015,12,23,0.18,4.558
-70.782,39.915,2015,12,23,0.22,0.468
-42.394,-42.72,2015,12,23,0.12,1.397
-144.817,50.06,2015,12,23,0.21,0.821
-144.457,49.985,2015,12,23,0.23,1.39
-89.836,-54.231,2015,12,23,0.13,3.927
-89.855,-54.211,2015,12,23,0.1,3.723
-89.855,-54.211,2015,12,23,3.05,4.57
-89.854,-54.21,2015,12,23,3.04,4.132
-70.76,39.912,2015,12,23,0.24,0.396
-42.543,-42.991,2015,12,23,0.3,0.979
-144.39,50.331,2015,12,23,0.14,0.986
-89.839,-54.24,2015,12,23,0.12,3.751
-70.555,39.358,2015,12,23,0.27,0.828
-39.646,60.103,2015,12,23,0.1,0.168
-70.732,39.906,2015,12,23,0.25,0.482
-42.368,-42.69,2015,12,23,0.1,0.461
-144.374,49.962,2015,12,23,1.03,1.058
-70.602,39.335,2015,12,23,0.29,0.698
-144.527,49.994,2015,12,23,0.24,1.058
-89.831,-54.22,2015,12,23,0.11,0.533
-70.71,39.888,2015,12,23,0.26,0.497
-144.802,50.09,2015,12,23,0.42,0.857
-89.852,-54.173,2015,12,23,0.18,0.518
-42.546,-42.976,2015,12,23,0.25,0.511
-144.448,50.314,2015,12,23,0.48,1.037
-89.819,-54.187,2015,12,23,0.11,0.409
-70.643,39.362,2015,12,23,0.24,0.886
-39.649,60.102,2015,12,23,0.12,0.153
-89.801,-54.214,2015,12,23,0.16,0.562
-70.714,39.843,2015,12,23,0.23,0.994
-144.611,50.021,2015,12,23,0.22,0.511
-42.367,-42.663,2015,12,23,0.13,1.937
-144.503,49.978,2015,12,24,0.52,0.698
-89.806,-54.181,2015,12,24,0.27,3.38
-89.765,-54.206,2015,12,24,0.14,3.564
-70.708,39.416,2015,12,24,0.22,0.893
-42.541,-42.978,2015,12,24,0.26,1.282
-144.793,50.072,2015,12,24,0.52,0.907
-70.705,39.786,2015,12,24,0.2,1.332
-39.645,60.101,2015,12,24,0.12,0.161
-144.699,50.03,2015,12,24,0.88,1.188
-89.845,-54.224,2015,12,24,0.1,3.037
-144.399,50.327,2015,12,24,0.32,1.044
-89.756,-54.212,2015,12,24,0.18,3.449
-42.351,-42.632,2015,12,24,0.18,1.757
-144.622,50.003,2015,12,24,0.35,1.109
-89.827,-54.217,2015,12,24,0.21,2.197
-70.711,39.714,2015,12,24,0.21,1.152
-70.782,39.461,2015,12,24,0.26,0.778
-42.585,-42.965,2015,12,24,0.27,0.238
-144.391,50.329,2015,12,24,0.24,1.044
-89.747,-54.222,2015,12,24,0.21,0.475
-39.653,60.09,2015,12,24,0.1,0.0876
-144.808,50.086,2015,12,24,0.35,0.9
-144.781,50.063,2015,12,24,0.34,1.037
-89.853,-54.214,2015,12,24,0.11,0.292
-42.327,-42.603,2015,12,24,0.16,0.389
-89.729,-54.231,2015,12,24,0.24,0.353
-70.691,39.642,2015,12,24,0.22,1.217
-70.844,39.515,2015,12,24,0.22,0.893
-144.793,50.078,2015,12,24,0.29,0.432
-89.841,-54.237,2015,12,24,0.27,0.299
-42.599,-42.968,2015,12,24,0.31,0.979
-144.739,50.035,2015,12,24,0.25,0.331
-89.736,-54.249,2015,12,25,0.23,1.476
-144.817,50.075,2015,12,25,0.26,0.972
-144.34,50.267,2015,12,25,0.27,1.073
-42.298,-42.571,2015,12,25,0.1,1.57
-70.744,39.586,2015,12,25,0.24,1.238
-89.848,-54.189,2015,12,25,0.14,3.577
-70.919,39.573,2015,12,25,0.23,0.806
-144.752,50.129,2015,12,25,0.21,1.08
-89.846,-54.183,2015,12,25,0.29,4.037
-89.744,-54.204,2015,12,25,0.28,4.378
-42.558,-42.969,2015,12,25,0.36,0.338
-39.685,60.064,2015,12,25,0.16,0.168
-144.806,50.083,2015,12,25,0.94,1.08
-89.741,-54.212,2015,12,25,0.28,4.363
-70.84,39.601,2015,12,25,0.22,0.77
-42.256,-42.545,2015,12,25,0.11,0.245
-89.738,-54.221,2015,12,25,0.3,2.585
-144.784,50.09,2015,12,25,0.25,1.015
-144.805,50.096,2015,12,25,0.1,1.03
-70.996,39.637,2015,12,25,0.27,0.742
-144.272,50.206,2015,12,25,0.13,1.138
-89.737,-54.223,2015,12,25,0.29,1.21
-144.698,50.178,2015,12,25,0.22,1.181
-89.829,-54.218,2015,12,25,0.31,0.438
-89.737,-54.224,2015,12,25,0.26,0.317
-89.842,-54.229,2015,12,25,0.11,0.387
-70.889,39.598,2015,12,25,0.23,0.497
-89.737,-54.227,2015,12,25,0.26,0.331
-42.532,-42.978,2015,12,25,0.37,0.187
-39.686,60.051,2015,12,25,0.23,0.153
-89.737,-54.231,2015,12,25,0.25,0.562
-70.9,39.628,2015,12,25,0.23,1.505
-89.738,-54.234,2015,12,25,0.23,0.418
-42.203,-42.518,2015,12,25,0.1,0.554
-89.739,-54.235,2015,12,25,0.27,0.648
-71.076,39.707,2015,12,25,0.26,1.138
-144.646,50.229,2015,12,25,0.17,0.432
-144.79,50.093,2015,12,26,0.12,0.583
-144.735,50.161,2015,12,26,0.24,0.396
-89.835,-54.24,2015,12,26,0.29,3.54
-89.841,-54.201,2015,12,26,0.1,4.198
-42.54,-42.977,2015,12,26,0.32,0.734
-89.741,-54.223,2015,12,26,0.23,4.14
-39.702,60.032,2015,12,26,0.12,0.146
-70.905,39.686,2015,12,26,0.27,1.548
-71.128,39.778,2015,12,26,0.28,1.692
-42.148,-42.494,2015,12,26,0.11,0.763
-89.785,-54.239,2015,12,26,0.22,4.183
-144.581,50.265,2015,12,26,0.1,1.109
-89.849,-54.17,2015,12,26,0.26,3.869
-42.166,-42.494,2015,12,26,0.1,0.576
-144.644,50.208,2015,12,26,0.1,1.138
-70.903,39.735,2015,12,26,0.29,0.85
-42.541,-42.975,2015,12,26,0.3,0.122
-144.796,50.101,2015,12,26,0.12,0.842
-39.738,60.002,2015,12,26,0.11,0.124
-89.839,-54.205,2015,12,26,0.1,1.54
-71.137,39.832,2015,12,26,0.34,0.778
-144.507,50.306,2015,12,26,0.1,1.044
-89.85,-54.195,2015,12,26,0.26,0.511
-70.913,39.79,2015,12,26,0.3,0.727
-42.244,-42.487,2015,12,26,0.1,0.266
-89.829,-54.169,2015,12,26,0.29,0.496
-144.564,50.257,2015,12,26,0.1,0.396
-42.543,-42.983,2015,12,26,0.32,0.554
-39.762,59.98,2015,12,26,0.11,0.175
-71.064,39.837,2015,12,26,0.33,0.936
-144.813,50.107,2015,12,26,0.12,0.374
-89.82,-54.232,2015,12,27,0.16,2.73
-144.44,50.342,2015,12,27,0.15,1.145
-89.832,-54.202,2015,12,27,0.32,4.608
-70.914,39.847,2015,12,27,0.3,0.936
-42.324,-42.492,2015,12,27,0.1,1.404
-89.821,-54.213,2015,12,27,0.35,5.125
-42.542,-42.978,2015,12,27,0.24,0.598
-39.781,59.965,2015,12,27,0.1,0.168
-70.993,39.85,2015,12,27,0.27,0.806
-144.468,50.306,2015,12,27,0.21,1.044
-70.892,39.89,2015,12,27,0.22,1.21
-144.377,50.314,2015,12,27,0.42,1.159
-70.882,39.902,2015,12,27,0.19,1.03
-89.822,-54.219,2015,12,27,0.39,4.975
-144.814,50.106,2015,12,27,0.17,1.073
-89.818,-54.244,2015,12,27,0.27,2.052
-89.842,-54.194,2015,12,27,0.11,3.949
-70.862,39.905,2015,12,27,0.19,1.202
-89.832,-54.215,2015,12,27,0.32,1.329
-42.409,-42.492,2015,12,27,0.12,0.288
-70.929,39.855,2015,12,27,0.22,0.85
-42.532,-42.981,2015,12,27,0.29,0.209
-39.816,59.939,2015,12,27,0.11,0.153
-70.817,39.904,2015,12,27,0.16,1.368
-144.401,50.336,2015,12,27,0.2,0.821
-144.345,50.273,2015,12,27,0.23,1.138
-89.843,-54.182,2015,12,27,0.24,0.59
-70.781,39.899,2015,12,27,0.13,1.865
-144.821,50.117,2015,12,27,0.31,0.662
-89.819,-54.233,2015,12,27,0.1,0.832
-70.874,39.852,2015,12,27,0.15,1.418
-89.834,-54.188,2015,12,27,0.28,0.628
-42.495,-42.492,2015,12,28,0.1,1.62
-39.859,59.917,2015,12,28,0.1,0.175
-42.533,-42.98,2015,12,28,0.2,1.116
-144.386,50.324,2015,12,28,0.19,1.094
-144.263,49.98,2015,12,28,0.18,1.008
-70.747,39.9,2015,12,28,0.16,1.21
-144.325,50.23,2015,12,28,0.53,1.274
-89.823,-54.21,2015,12,28,0.2,5.501
-70.717,39.897,2015,12,28,0.18,1.634
-70.83,39.856,2015,12,28,0.21,1.411
-89.821,-54.234,2015,12,28,0.21,5.154
-70.716,39.885,2015,12,28,0.19,2.225
-42.584,-42.482,2015,12,28,0.1,0.835
-144.831,50.124,2015,12,28,0.13,0.914
-89.841,-54.195,2015,12,28,0.1,5.154
-39.903,59.901,2015,12,28,0.1,0.161
-42.531,-42.965,2015,12,28,0.28,0.209
-70.722,39.859,2015,12,28,0.27,1.26
-144.331,50.262,2015,12,28,0.32,1.102
-144.293,50.22,2015,12,28,0.6,1.166
-144.379,49.987,2015,12,28,0.13,1.181
-70.793,39.849,2015,12,28,0.32,0.936
-89.838,-54.213,2015,12,28,0.16,0.95
-70.727,39.805,2015,12,28,0.31,0.619
-89.852,-54.214,2015,12,28,0.2,0.504
-39.946,59.884,2015,12,28,0.1,0.168
-42.545,-42.977,2015,12,28,0.35,0.677
-144.847,50.127,2015,12,28,0.15,0.353
-70.757,39.849,2015,12,28,0.35,1.159
-144.37,50.188,2015,12,28,0.31,0.403
-144.293,50.193,2015,12,29,0.15,0.432
-89.819,-54.191,2015,12,29,0.15,3.564
-89.831,-54.193,2015,12,29,0.12,3.942
-70.743,39.746,2015,12,29,0.36,1.555
-89.814,-54.172,2015,12,29,0.2,4.694
-40.016,59.861,2015,12,29,0.1,0.131
-42.724,-42.507,2015,12,29,0.1,1.886
-70.729,39.855,2015,12,29,0.37,0.958
-42.556,-42.979,2015,12,29,0.34,1.174
-144.439,50.163,2015,12,29,0.19,1.123
-70.73,39.704,2015,12,29,0.28,1.526
-144.861,50.124,2015,12,29,0.39,0.958
-144.252,50.123,2015,12,29,0.17,1.159
-89.832,-54.236,2015,12,29,0.15,4.817
-89.869,-54.206,2015,12,29,0.1,1.336
-89.821,-54.213,2015,12,29,0.22,1.175
-70.696,39.858,2015,12,29,0.29,1.246
-40.1,59.832,2015,12,29,0.12,0.117
-144.637,50.01,2015,12,29,0.13,1.044
-42.715,-42.569,2015,12,29,0.1,1.685
-42.534,-42.977,2015,12,29,0.4,1.102
-144.503,50.141,2015,12,29,0.15,1.08
-70.714,39.66,2015,12,29,0.18,0.857
-89.842,-54.183,2015,12,29,0.17,0.418
-70.655,39.86,2015,12,29,0.15,1.267
-144.239,50.061,2015,12,29,0.34,1.066
-144.881,50.135,2015,12,29,0.82,0.576
-89.834,-54.23,2015,12,29,0.22,0.365
-89.825,-54.183,2015,12,29,0.1,0.657
-40.178,59.811,2015,12,29,0.12,0.124
-70.707,39.602,2015,12,30,0.18,0.958
-42.692,-42.621,2015,12,30,0.12,2.196
-42.545,-42.963,2015,12,30,0.29,1.555
-144.441,50.124,2015,12,30,0.27,1.13
-70.627,39.841,2015,12,30,0.21,1.202
-144.755,50.043,2015,12,30,0.73,1.138
-70.723,39.583,2015,12,30,0.22,0.9
-89.82,-54.202,2015,12,30,0.18,4.435
-89.779,-54.164,2015,12,30,0.24,5.621
-40.266,59.788,2015,12,30,0.11,0.109
-144.235,49.999,2015,12,30,0.12,1.08
-70.78,39.588,2015,12,30,0.23,0.785
-70.594,39.834,2015,12,30,0.28,1.058
-42.671,-42.681,2015,12,30,0.1,1.714
-144.887,50.137,2015,12,30,0.1,0.864
-144.37,50.097,2015,12,30,0.1,1.138
-42.555,-42.939,2015,12,30,0.34,0.792
-89.833,-54.232,2015,12,30,0.1,3.993
-70.582,39.821,2015,12,30,0.3,1.26
-144.258,49.979,2015,12,30,0.1,1.073
-89.837,-54.241,2015,12,30,0.19,0.439
-70.876,39.582,2015,12,30,0.28,0.648
-89.688,-54.12,2015,12,30,0.25,0.445
-70.88,39.595,2015,12,30,0.28,0.619
-40.368,59.749,2015,12,30,0.1,0.124
-144.315,50.066,2015,12,30,0.1,1.094
-70.583,39.79,2015,12,30,0.28,0.612
-42.643,-42.728,2015,12,30,0.11,0.367
-42.556,-42.954,2015,12,30,0.38,0.49
-89.885,-54.171,2015,12,30,0.1,0.387
-144.897,50.144,2015,12,30,0.1,0.439
-89.843,-54.183,2015,12,30,0.16,0.72
-144.377,49.997,2015,12,31,0.1,0.914
-70.937,39.659,2015,12,31,0.25,1.238
-70.578,39.74,2015,12,31,0.24,1.57
-144.267,50.03,2015,12,31,0.12,0.986
-40.479,59.706,2015,12,31,0.1,0.124
-144.806,50.085,2015,12,31,0.11,1.037
-42.553,-42.968,2015,12,31,0.43,2.167
-42.608,-42.771,2015,12,31,0.1,1.022
-89.844,-54.174,2015,12,31,0.52,5.422
-89.83,-54.177,2015,12,31,0.1,4.854
-70.95,39.722,2015,12,31,0.18,1.195
-89.826,-54.199,2015,12,31,0.1,5.299
-144.91,50.144,2015,12,31,0.11,0.835
-144.238,49.987,2015,12,31,0.16,1.145
-89.554,-54.123,2015,12,31,0.11,4.511
-70.553,39.688,2015,12,31,0.19,0.828
-144.496,50.005,2015,12,31,0.1,0.994
-40.577,59.664,2015,12,31,0.1,0.124
-42.565,-42.975,2015,12,31,0.35,0.346
-42.584,-42.806,2015,12,31,0.1,0.324
-144.251,49.986,2015,12,31,0.12,1.08
-89.533,-54.118,2015,12,31,0.1,0.54
-70.95,39.778,2015,12,31,0.19,1.181
-144.801,50.077,2015,12,31,0.1,0.857
-89.824,-54.229,2015,12,31,0.1,0.943
-89.829,-54.21,2015,12,31,0.1,0.482
-89.487,-54.085,2015,12,31,0.1,0.409
-70.541,39.629,2015,12,31,0.19,0.893
-40.679,59.616,2015,12,31,0.12,0.153
-144.915,50.147,2015,12,31,0.62,0.382
-144.623,50.026,2015,12,31,0.13,0.396
-42.544,-42.966,2015,12,31,0.33,1.346
-89.462,-54.392,2015,6,26,0.21,0.497
-71.165,39.874,2015,6,27,1.96,0.175
-144.274,50.203,2015,6,27,0.37,0.554
-144.519,50.004,2015,6,27,0.21,0.662
-71.167,39.87,2015,6,27,0.22,0.212
-71.169,39.838,2015,6,27,1.53,0.219
-71.169,39.837,2015,6,27,0.18,0.285
-69.898,40.282,2015,6,27,3.15,0.482
-69.901,40.282,2015,6,27,0.25,0.504
-144.809,50.08,2015,6,27,0.19,2.909
-71.166,39.833,2015,6,27,2.53,0.168
-71.165,39.834,2015,6,27,0.44,0.204
-144.612,50.025,2015,6,27,0.39,3.744
-89.426,-54.386,2015,6,27,0.15,0.59
-42.427,-42.96,2015,6,27,0.47,0.95
-71.142,39.836,2015,6,27,1.63,0.146
-71.139,39.836,2015,6,27,0.22,0.131
-69.901,40.282,2015,6,27,2.62,0.168
-144.269,50.135,2015,6,27,0.16,2.002
-71.111,39.841,2015,6,27,1.44,0.131
-71.112,39.844,2015,6,27,0.26,0.146
-144.802,50.079,2015,6,27,0.2,0.468
-144.711,50.033,2015,6,27,0.23,0.792
-89.392,-54.385,2015,6,27,0.1,0.346
-42.381,-42.943,2015,6,27,0.24,1.015
-71.087,39.848,2015,6,27,2.49,0.168
-71.087,39.852,2015,6,27,0.25,0.19
-69.878,40.281,2015,6,27,0.37,0.46
-144.384,50.106,2015,6,28,0.18,0.806
-71.043,39.852,2015,6,28,1.79,0.153
-71.04,39.857,2015,6,28,0.48,0.175
-144.787,50.066,2015,6,28,0.46,0.641
-69.875,40.279,2015,6,28,3.03,0.511
-144.793,50.085,2015,6,28,0.14,0.554
-69.879,40.28,2015,6,28,0.93,0.482
-89.372,-54.39,2015,6,28,0.22,0.526
-71.004,39.853,2015,6,28,2.22,0.124
-42.335,-42.907,2015,6,28,0.21,1.001
-144.813,50.092,2015,6,28,0.2,3.06
-71.001,39.858,2015,6,28,0.13,0.204
-70.965,39.865,2015,6,28,1.77,0.146
-144.802,50.096,2015,6,28,0.19,2.952
-144.507,50.076,2015,6,28,0.33,4.198
-70.958,39.867,2015,6,28,0.29,0.102
-144.733,50.156,2015,6,28,0.19,3.233
-144.757,50.141,2015,6,28,0.19,2.923
-89.375,-54.401,2015,6,28,0.11,0.533
-70.926,39.863,2015,6,28,2.12,0.0876
-70.92,39.862,2015,6,28,0.1,0.073
-42.292,-42.877,2015,6,28,0.13,0.972
-70.88,39.864,2015,6,28,1.76,0.124
-70.871,39.864,2015,6,28,0.22,0.0146
-144.814,50.082,2015,6,28,0.37,0.518
-144.699,50.191,2015,6,28,0.23,0.77
-144.656,50.22,2015,6,29,0.21,1.08
-144.629,50.068,2015,6,29,0.18,0.49
-70.812,39.867,2015,6,29,1.45,0.146
-89.413,-54.412,2015,6,29,0.58,0.576
-70.804,39.869,2015,6,29,0.14,0.153
-42.279,-42.831,2015,6,29,0.13,1.044
-70.735,39.865,2015,6,29,2.56,0.124
-70.721,39.865,2015,6,29,0.19,0.124
-144.647,50.238,2015,6,29,0.25,3.629
-144.818,50.081,2015,6,29,0.24,3.42
-144.576,50.278,2015,6,29,0.33,2.851
-70.665,39.853,2015,6,29,1.67,0.0803
-144.759,50.072,2015,6,29,0.39,3.542
-89.397,-54.385,2015,6,29,0.18,0.389
-70.659,39.852,2015,6,29,0.25,0.124
-42.24,-42.786,2015,6,29,0.14,0.619
-70.619,39.849,2015,6,29,2.26,0.0657
-70.611,39.852,2015,6,29,0.17,0.0949
-144.581,50.274,2015,6,29,0.2,1.742
-70.576,39.853,2015,6,29,2.91,0.0657
-70.569,39.855,2015,6,29,0.17,0.0511
-144.786,50.085,2015,6,29,0.19,0.77
-144.479,50.318,2015,6,29,0.22,0.598
-70.551,39.852,2015,6,29,1.79,0.0803
-144.803,50.08,2015,6,29,0.27,0.59
-70.541,39.853,2015,6,29,0.19,0.0511
-89.383,-54.316,2015,6,29,0.26,0.425
-70.519,39.846,2015,6,29,3.27,0.109
-70.512,39.847,2015,6,29,0.37,0.124
-144.505,50.314,2015,6,30,0.21,0.418
-42.23,-42.741,2015,6,30,0.1,1.044
-70.479,39.832,2015,6,30,1.14,0.161
-70.472,39.833,2015,6,30,0.26,0.0876
-144.397,50.337,2015,6,30,0.25,2.326
-144.739,50.159,2015,6,30,0.24,2.642
-70.408,39.838,2015,6,30,2.14,0.073
-144.81,50.081,2015,6,30,0.28,3.456
-89.341,-54.263,2015,6,30,0.55,0.547
-70.399,39.838,2015,6,30,0.24,0.073
-144.386,50.333,2015,6,30,0.61,2.822
-144.426,50.336,2015,6,30,0.28,2.794
-70.377,39.834,2015,6,30,2.18,0.0584
-42.202,-42.685,2015,6,30,0.1,1.058
-70.373,39.836,2015,6,30,0.38,0.0584
-70.375,39.852,2015,6,30,2.52,0.0292
-70.374,39.856,2015,6,30,0.29,0.0438
-70.371,39.879,2015,6,30,3.05,0.0146
-70.369,39.884,2015,6,30,0.32,0.183
-89.295,-54.226,2015,6,30,0.31,0.281
-70.364,39.902,2015,6,30,2.12,0.0146
-70.36,39.907,2015,6,30,0.4,0.0219
-144.66,50.217,2015,6,30,0.3,1.123
-70.357,39.915,2015,6,30,2.7,0.0146
-144.797,50.077,2015,6,30,0.3,0.432
-144.335,50.27,2015,6,30,0.26,0.554
-70.352,39.918,2015,6,30,0.23,0.131
-70.349,39.922,2015,6,30,3.05,0.0292
-70.346,39.924,2015,6,30,0.25,0.0146
-70.343,39.932,2015,6,30,1.36,0.0438
-70.34,39.934,2015,6,30,0.34,0.0657
-42.18,-42.637,2015,6,30,0.11,1.123
-70.338,39.938,2015,6,30,3.68,0.0584
-70.333,39.942,2015,6,30,0.49,0.219
-70.332,39.953,2015,7,1,0.92,0.0657
-70.327,39.957,2015,7,1,0.25,0.073
-89.256,-54.185,2015,7,1,0.26,0.454
-70.327,39.984,2015,7,1,2.19,0.0949
-144.81,50.086,2015,7,1,0.2,2.765
-144.304,50.204,2015,7,1,0.95,2.318
-144.583,50.275,2015,7,1,0.23,2.923
-70.325,39.987,2015,7,1,0.17,0.0876
-42.179,-42.569,2015,7,1,0.11,0.994
-70.338,40.013,2015,7,1,2.05,0.073
-70.336,40.02,2015,7,1,0.22,0.0219
-70.346,40.044,2015,7,1,2.26,0.0292
-70.343,40.048,2015,7,1,0.17,0.0146
-89.22,-54.149,2015,7,1,0.12,0.41
-70.348,40.06,2015,7,1,2.03,0.0146
-70.342,40.064,2015,7,1,0.23,0.0438
-144.26,50.129,2015,7,1,0.18,1.692
-144.481,50.317,2015,7,1,0.13,0.756
-144.801,50.076,2015,7,1,0.19,0.778
-42.152,-42.523,2015,7,1,0.32,0.713
-70.361,40.077,2015,7,1,2.16,0.0219
-70.358,40.078,2015,7,1,0.56,0.0438
-70.374,40.085,2015,7,1,2.35,0.0584
-70.37,40.087,2015,7,1,0.52,0.197
-89.182,-54.121,2015,7,2,0.8,0.454
-70.37,40.085,2015,7,2,0.21,0.109
-70.373,40.086,2015,7,2,2.23,0.0803
-70.37,40.086,2015,7,2,0.23,0.109
-144.235,50.063,2015,7,2,0.21,1.066
-42.137,-42.485,2015,7,2,0.21,0.799
-144.801,50.081,2015,7,2,0.27,1.994
-70.381,40.085,2015,7,2,2.41,0.102
-70.379,40.086,2015,7,2,0.31,0.0949
-70.411,40.084,2015,7,2,1.72,0.161
-70.409,40.084,2015,7,2,0.22,0.131
-89.139,-54.094,2015,7,2,0.44,0.461
-70.444,40.093,2015,7,2,2.14,0.0657
-144.399,50.325,2015,7,2,0.27,2.736
-70.441,40.094,2015,7,2,0.32,0.0511
-144.239,49.996,2015,7,2,0.5,3.19
-144.391,50.318,2015,7,2,0.26,2.563
-144.401,50.32,2015,7,2,0.57,1.814
-70.461,40.1,2015,7,2,2.68,0.0949
-42.114,-42.489,2015,7,2,0.28,0.662
-144.805,50.081,2015,7,2,0.34,1.858
-89.112,-54.08,2015,7,2,0.1,0.389
-70.462,40.099,2015,7,2,0.29,0.0803
-70.475,40.1,2015,7,2,2.39,0.124
-70.478,40.101,2015,7,2,0.27,0.161
-144.258,49.973,2015,7,2,0.25,0.59
-89.083,-54.069,2015,7,2,0.1,0.439
-70.489,40.103,2015,7,2,2.05,0.263
-70.486,40.104,2015,7,2,0.15,0.248
-144.363,50.274,2015,7,2,0.35,0.67
-70.492,40.11,2015,7,3,2.26,0.27
-70.489,40.11,2015,7,3,0.17,0.321
-144.322,50.258,2015,7,3,0.22,0.756
-144.805,50.084,2015,7,3,0.26,1.534
-70.488,40.111,2015,7,3,2.23,0.109
-70.484,40.113,2015,7,3,0.41,0.117
-70.491,40.107,2015,7,3,2.35,0.234
-70.49,40.102,2015,7,3,0.41,0.219
-144.385,49.979,2015,7,3,0.22,2.844
-144.335,50.224,2015,7,3,0.36,2.743
-89.03,-54.051,2015,7,3,0.3,0.497
-70.509,40.1,2015,7,3,2.87,0.255
-70.512,40.099,2015,7,3,0.18,0.321
-70.536,40.106,2015,7,3,2.58,0.255
-70.538,40.107,2015,7,3,0.14,0.073
-88.999,-54.048,2015,7,3,0.26,0.49
-144.802,50.079,2015,7,3,0.31,2.189
-144.278,50.196,2015,7,3,0.23,2.448
-70.559,40.11,2015,7,3,2.63,0.153
-70.561,40.11,2015,7,3,0.16,0.599
-144.298,50.176,2015,7,3,0.3,2.455
-70.576,40.11,2015,7,3,2.13,0.175
-144.51,49.991,2015,7,3,0.27,0.655
-88.984,-54.048,2015,7,3,0.18,0.418
-70.575,40.11,2015,7,3,0.21,0.197
-70.588,40.111,2015,7,3,3.17,0.314
-70.588,40.11,2015,7,3,0.23,0.153
-70.598,40.114,2015,7,3,2.83,0.358
-70.597,40.115,2015,7,3,0.36,0.321
-144.272,50.131,2015,7,4,0.31,0.605
-144.235,50.131,2015,7,4,0.5,0.648
-144.796,50.082,2015,7,4,0.29,1.282
-70.599,40.118,2015,7,4,2.8,0.394
-70.595,40.118,2015,7,4,0.23,0.416
-144.626,50.018,2015,7,4,0.34,1.123
-88.957,-54.054,2015,7,4,0.33,0.533
-70.594,40.114,2015,7,4,1.74,0.365
-70.591,40.112,2015,7,4,0.25,0.38
-70.602,40.106,2015,7,4,2.66,0.365
-70.604,40.105,2015,7,4,0.27,0.387
-144.244,50.078,2015,7,4,0.3,3.895
-70.626,40.109,2015,7,4,2.55,0.343
-70.63,40.111,2015,7,4,0.26,0.299
-144.216,50.06,2015,7,4,0.42,3.672
-144.81,50.08,2015,7,4,0.31,2.297
-88.951,-54.063,2015,7,4,0.17,0.475
-70.648,40.119,2015,7,4,2.84,0.343
-70.65,40.122,2015,7,4,0.24,0.307
-144.749,50.054,2015,7,4,0.25,2.506
-144.23,50.03,2015,7,4,0.45,0.943
-70.659,40.123,2015,7,4,3.04,0.241
-70.659,40.124,2015,7,4,0.23,0.212
-42.142,-42.476,2015,7,4,0.53,0.446
-70.672,40.123,2015,7,4,2.62,0.365
-70.671,40.122,2015,7,4,0.25,0.358
-70.687,40.124,2015,7,4,2.46,0.35
-70.688,40.124,2015,7,4,0.31,0.35
-144.795,50.078,2015,7,5,0.32,0.432
-144.217,49.989,2015,7,5,0.29,0.461
-144.233,49.981,2015,7,5,0.33,0.547
-88.955,-54.071,2015,7,5,0.11,0.554
-70.699,40.128,2015,7,5,2.4,0.358
-70.699,40.128,2015,7,5,0.35,0.38
-144.252,49.974,2015,7,5,0.34,1.498
-42.272,-42.439,2015,7,5,0.28,0.914
-70.704,40.125,2015,7,5,2.77,0.343
-70.705,40.124,2015,7,5,0.18,0.329
-144.267,49.974,2015,7,5,0.35,1.85
-70.717,40.116,2015,7,5,2.65,0.314
-70.719,40.116,2015,7,5,0.21,0.321
-144.807,50.081,2015,7,5,0.33,2.39
-88.956,-54.075,2015,7,5,0.28,0.518
-70.744,40.115,2015,7,5,2.51,0.219
-70.746,40.115,2015,7,5,0.47,0.175
-144.348,49.983,2015,7,5,0.33,2.642
-70.775,40.123,2015,7,5,2.74,0.124
-70.776,40.123,2015,7,5,0.24,0.109
-42.4,-42.444,2015,7,5,0.22,0.144
-144.393,49.972,2015,7,5,0.52,1.872
-70.799,40.123,2015,7,5,2.89,0.146
-70.8,40.121,2015,7,5,0.34,0.0803
-70.823,40.119,2015,7,5,3.01,0.19
-144.441,49.986,2015,7,5,0.34,0.41
-88.956,-54.084,2015,7,5,0.15,0.468
-70.824,40.119,2015,7,5,0.21,0.153
-144.804,50.08,2015,7,5,0.33,0.288
-70.851,40.12,2015,7,5,2.92,0.292
-70.852,40.121,2015,7,6,0.32,0.321
-42.524,-42.471,2015,7,6,0.31,0.893
-70.874,40.124,2015,7,6,2.92,0.263
-70.872,40.124,2015,7,6,0.31,0.307
-88.989,-54.073,2015,7,6,0.1,0.576
-144.512,49.987,2015,7,6,0.4,1.742
-144.508,50.001,2015,7,6,0.29,2.34
-70.886,40.118,2015,7,6,2.83,0.409
-70.886,40.118,2015,7,6,0.38,0.358
-144.808,50.078,2015,7,6,0.33,2.318
-70.912,40.112,2015,7,6,2.99,0.27
-70.914,40.111,2015,7,6,0.46,0.255
-144.509,49.992,2015,7,6,0.39,2.498
-70.953,40.115,2015,7,6,3.05,0.153
-42.651,-42.489,2015,7,6,0.25,0.518
-89.108,-54.054,2015,7,6,0.25,0.518
-70.957,40.116,2015,7,6,0.38,0.102
-144.793,50.094,2015,7,6,0.27,1.692
-144.64,50.011,2015,7,6,0.32,2.218
-70.991,40.113,2015,7,6,2.7,0.102
-70.996,40.114,2015,7,6,0.38,0.0949
-144.794,50.081,2015,7,6,0.38,0.425
-71.028,40.103,2015,7,6,2.45,0.139
-144.411,49.994,2015,7,6,0.59,0.72
-71.032,40.103,2015,7,6,0.25,0.131
-71.074,40.099,2015,7,7,2.73,0.241
-42.786,-42.507,2015,7,7,0.21,1.015
-89.202,-54.053,2015,7,7,0.12,0.598
-71.076,40.101,2015,7,7,0.25,0.241
-144.731,50.158,2015,7,7,0.28,0.907
-144.756,50.047,2015,7,7,0.27,1.771
-71.111,40.095,2015,7,7,2.4,0.161
-144.333,50.005,2015,7,7,0.52,2.88
-71.111,40.096,2015,7,7,0.22,0.168
-144.81,50.086,2015,7,7,0.51,2.376
-89.237,-54.055,2015,7,7,0.15,0.504
-71.142,40.078,2015,7,7,2.4,0.183
-71.142,40.077,2015,7,7,0.35,0.146
-71.169,40.077,2015,7,7,2.33,0.102
-42.892,-42.517,2015,7,7,0.16,0.972
-144.655,50.223,2015,7,7,0.36,2.837
-71.172,40.075,2015,7,7,0.35,0.0803
-144.255,49.984,2015,7,7,0.3,3.751
-71.178,40.06,2015,7,7,2.68,0.073
-144.787,50.088,2015,7,7,0.25,2.57
-71.179,40.058,2015,7,7,0.27,0.0511
-144.248,49.98,2015,7,7,0.71,1.57
-144.81,50.08,2015,7,7,0.34,1.577
-89.311,-54.062,2015,7,7,0.1,0.468
-71.168,40.03,2015,7,7,2.33,0.0292
-71.166,40.031,2015,7,7,0.22,0.292
-42.914,-42.572,2015,7,7,0.2,0.972
-144.578,50.28,2015,7,7,0.31,0.893
-71.166,39.998,2015,7,7,2.38,0.0511
-71.162,39.999,2015,7,7,0.37,0.073
-144.334,49.986,2015,7,8,0.3,1.231
-144.736,50.164,2015,7,8,0.46,1.742
-71.168,39.972,2015,7,8,2.01,0.0657
-71.162,39.971,2015,7,8,0.23,0.0365
-144.791,50.076,2015,7,8,0.33,2.88
-71.164,39.943,2015,7,8,2.42,0.0803
-71.163,39.938,2015,7,8,0.23,0.0803
-42.91,-42.613,2015,7,8,0.23,1.073
-144.484,50.316,2015,7,8,0.23,1.778
-144.424,49.996,2015,7,8,0.4,3.326
-71.174,39.909,2015,7,8,1.94,0.0292
-144.679,50.227,2015,7,8,0.26,3.233
-71.175,39.907,2015,7,8,0.29,0.0219
-144.806,50.084,2015,7,8,0.25,1.318
-71.178,39.882,2015,7,8,2.62,0.0219
-71.175,39.883,2015,7,8,0.23,0.153
-144.518,50.012,2015,7,8,0.24,0.986
-144.38,50.322,2015,7,8,0.25,0.461
-42.918,-42.644,2015,7,8,0.25,1.274
-71.175,39.862,2015,7,8,2.63,0.0292
-71.172,39.862,2015,7,8,0.22,0.0438
-144.591,50.278,2015,7,9,0.19,0.482
-71.171,39.844,2015,7,9,2.07,0.0365
-144.81,50.079,2015,7,9,0.21,1.505
-144.621,50.019,2015,7,9,0.25,0.972
-71.17,39.842,2015,7,9,0.22,0.0365
-71.165,39.834,2015,7,9,2.45,0.0365
-71.166,39.832,2015,7,9,0.21,0.0292
-144.345,50.259,2015,7,9,0.17,1.49
-42.899,-42.68,2015,7,9,0.26,0.965
-71.158,39.835,2015,7,9,2.4,0.0438
-71.158,39.837,2015,7,9,0.36,0.0438
-144.703,50.036,2015,7,9,0.52,3.197
-144.496,50.324,2015,7,9,0.17,3.182
-71.131,39.845,2015,7,9,2.2,0.0146
-71.129,39.847,2015,7,9,0.28,0.0292
-144.802,50.075,2015,7,9,0.21,2.426
-71.095,39.843,2015,7,9,2.32,0.0292
-71.092,39.842,2015,7,9,2.16,0.0365
-144.298,50.188,2015,7,9,0.17,0.922
-42.903,-42.722,2015,7,9,0.22,0.864
-144.785,50.068,2015,7,9,0.3,0.799
-89.585,-54.033,2015,7,9,0.13,0.274
-71.063,39.844,2015,7,9,2.14,0.0365
-71.062,39.845,2015,7,9,0.21,0.0438
-144.398,50.337,2015,7,9,0.15,0.331
-144.803,50.087,2015,7,10,0.23,0.562
-144.79,50.082,2015,7,10,0.18,1.08
-71.028,39.847,2015,7,10,2.45,0.0438
-71.024,39.847,2015,7,10,0.25,0.0657
-144.247,50.12,2015,7,10,0.49,1.699
-42.906,-42.745,2015,7,10,0.11,0.986
-70.99,39.84,2015,7,10,2.4,0.0511
-70.985,39.841,2015,7,10,0.13,0.0657
-144.76,50.139,2015,7,10,0.56,2.88
-89.618,-54.039,2015,7,10,0.37,0.569
-70.956,39.84,2015,7,10,2.47,0.0511
-70.952,39.839,2015,7,10,0.21,0.073
-144.811,50.082,2015,7,10,0.12,2.354
-144.227,50.046,2015,7,10,0.12,2.65
-70.929,39.839,2015,7,10,2.4,0.0949
-42.89,-42.775,2015,7,10,0.11,0.468
-144.7,50.185,2015,7,10,0.39,1.627
-70.931,39.834,2015,7,10,0.25,0.117
-70.914,39.839,2015,7,10,1.81,0.0584
-70.918,39.838,2015,7,10,0.2,0.124
-89.665,-54.042,2015,7,10,0.22,0.54
-144.819,50.074,2015,7,11,0.15,0.72
-70.895,39.841,2015,7,11,2.24,0.073
-144.236,49.978,2015,7,11,0.38,0.799
-144.642,50.228,2015,7,11,0.13,0.713
-70.896,39.843,2015,7,11,0.53,0.0584
-42.886,-42.789,2015,7,11,0.13,1.08
-70.883,39.83,2015,7,11,2.38,0.0584
-70.88,39.828,2015,7,11,0.21,0.0657
-89.687,-54.045,2015,7,11,1.91,0.526
-70.879,39.83,2015,7,11,1.95,0.0292
-144.791,50.077,2015,7,11,0.1,2.974
-144.251,49.974,2015,7,11,0.16,2.7
-70.881,39.826,2015,7,11,0.28,2.205
-144.263,49.977,2015,7,11,0.31,2.621
-144.543,50.27,2015,7,11,0.35,2.664
-42.877,-42.805,2015,7,11,0.2,0.324
-70.878,39.831,2015,7,11,2.32,0.0219
-70.886,39.83,2015,7,11,0.22,0.0803
-144.404,50.332,2015,7,11,0.11,0.641
-70.877,39.841,2015,7,11,2.34,0.0292
-70.879,39.844,2015,7,11,0.33,0.0292
-144.804,50.083,2015,7,11,0.18,0.374
-144.49,50.233,2015,7,11,0.15,0.785
-89.69,-54.055,2015,7,11,0.5,0.504
-144.373,49.997,2015,7,12,0.16,0.403
-70.856,39.845,2015,7,12,2.11,0.0292
-70.852,39.849,2015,7,12,0.38,0.0584
-42.872,-42.836,2015,7,12,0.23,0.965
-70.836,39.851,2015,7,12,2.43,0.0438
-70.833,39.848,2015,7,12,0.36,0.0657
-144.345,50.268,2015,7,12,0.15,1.85
-144.446,50.193,2015,7,12,0.17,2.023
-144.816,50.086,2015,7,12,0.6,3.038
-70.813,39.858,2015,7,12,2.49,0.0365
-70.817,39.857,2015,7,12,0.22,0.0949
-144.505,50.012,2015,7,12,0.2,2.189
-42.876,-42.847,2015,7,12,0.2,0.554
-89.695,-54.093,2015,7,12,0.26,0.454
-70.785,39.864,2015,7,12,2.2,0.0146
-70.785,39.867,2015,7,12,0.39,0.0073
-144.387,50.149,2015,7,12,0.19,0.979
-144.277,50.202,2015,7,12,0.2,0.655
-70.753,39.866,2015,7,12,2.09,0.0146
-70.746,39.87,2015,7,12,0.34,0.0365
-144.794,50.075,2015,7,12,0.24,0.497
-144.624,50.02,2015,7,12,0.21,0.504
-70.713,39.87,2015,7,13,2.33,0.0803
-70.705,39.872,2015,7,13,0.24,0.0657
-42.862,-42.842,2015,7,13,0.16,0.979
-144.335,50.111,2015,7,13,0.18,0.432
-89.7,-54.112,2015,7,13,0.63,0.475
-70.67,39.869,2015,7,13,2.02,0.0584
-70.668,39.869,2015,7,13,0.28,0.0584
-144.234,50.136,2015,7,13,0.5,1.282
-144.805,50.08,2015,7,13,0.28,3.65
-144.742,50.047,2015,7,13,0.47,3.391
-144.292,50.069,2015,7,13,0.2,2.938
-89.728,-54.117,2015,7,13,0.1,0.49
-70.631,39.872,2015,7,13,2.25,0.0365
-70.63,39.875,2015,7,13,0.25,0.0219
-42.855,-42.846,2015,7,13,0.11,0.958
-70.584,39.875,2015,7,13,1.91,0.0146
-70.579,39.88,2015,7,13,0.25,0.0146
-144.217,50.062,2015,7,13,0.22,0.677
-144.251,50.016,2015,7,13,0.17,1.462
-70.533,39.869,2015,7,13,2.17,0.0146
-144.798,50.084,2015,7,13,0.22,1.21
-70.524,39.871,2015,7,13,0.22,0.0146
-89.729,-54.125,2015,7,13,0.38,0.425
-70.485,39.857,2015,7,13,2.0,0.0438
-70.478,39.855,2015,7,13,0.23,0.0511
-42.847,-42.838,2015,7,14,0.37,1.08
-144.245,49.979,2015,7,14,0.25,0.85
-70.428,39.851,2015,7,14,2.0,0.0511
-70.424,39.851,2015,7,14,0.2,0.0657
-144.226,49.99,2015,7,14,0.23,1.944
-144.817,50.076,2015,7,14,0.27,3.233
-70.385,39.832,2015,7,14,1.97,0.0219
-70.383,39.833,2015,7,14,0.26,0.0219
-70.379,39.834,2015,7,14,2.54,0.0292
-70.376,39.838,2015,7,14,0.12,0.0365
-144.344,49.992,2015,7,14,0.21,3.118
-42.831,-42.835,2015,7,14,0.11,0.943
-144.261,49.978,2015,7,14,0.25,3.802
-70.375,39.867,2015,7,14,1.61,0.0146
-70.369,39.876,2015,7,14,0.33,0.0146
-144.794,50.07,2015,7,14,0.32,1.685
-70.356,39.916,2015,7,14,2.21,0.0365
-144.432,49.991,2015,7,14,0.27,1.325
-70.349,39.918,2015,7,14,0.12,0.0511
-42.816,-42.833,2015,7,14,0.12,1.109
-70.341,39.948,2015,7,14,1.51,0.0584
-144.384,49.971,2015,7,14,0.22,0.374
-70.338,39.95,2015,7,14,0.14,0.0584
-144.797,50.085,2015,7,15,0.36,0.698
-144.492,50.007,2015,7,15,0.38,0.569
-70.322,39.972,2015,7,15,1.97,0.0438
-70.314,39.977,2015,7,15,0.13,0.0584
-144.802,50.091,2015,7,15,0.32,1.915
-70.307,39.992,2015,7,15,2.32,0.0584
-70.298,39.994,2015,7,15,0.1,0.0584
-42.805,-42.828,2015,7,15,0.17,1.066
-144.515,49.986,2015,7,15,0.27,2.736
-144.413,50.01,2015,7,15,0.36,2.556
-144.737,50.153,2015,7,15,0.38,4.162
-70.296,40.018,2015,7,15,1.71,0.0292
-70.29,40.019,2015,7,15,0.1,0.0219
-144.812,50.08,2015,7,15,0.26,2.484
-89.71,-54.106,2015,7,15,0.11,0.346
-70.282,40.035,2015,7,15,1.84,0.0146
-70.275,40.035,2015,7,15,0.12,0.0146
-144.329,49.999,2015,7,15,0.36,0.691
-89.708,-54.112,2015,7,15,3.46,0.324
-42.812,-42.842,2015,7,15,0.23,0.994
-144.628,50.007,2015,7,15,0.23,0.569
-70.269,40.045,2015,7,15,2.48,0.0584
-144.649,50.212,2015,7,15,0.27,1.339
-70.262,40.045,2015,7,15,0.11,0.0657
-144.794,50.075,2015,7,16,0.26,1.951
-70.246,40.054,2015,7,16,2.21,0.0657
-144.247,49.986,2015,7,16,0.3,2.347
-70.239,40.054,2015,7,16,0.28,0.0803
-144.254,49.978,2015,7,16,0.31,3.305
-70.231,40.05,2015,7,16,2.63,0.0511
-70.23,40.047,2015,7,16,0.14,0.0511
-42.823,-42.849,2015,7,16,0.27,1.001
-144.581,50.273,2015,7,16,0.25,2.268
-89.716,-54.105,2015,7,16,0.12,0.439
-144.746,50.041,2015,7,16,0.28,4.399
-70.236,40.058,2015,7,16,1.69,0.0657
-70.237,40.059,2015,7,16,0.18,0.0219
-144.802,50.08,2015,7,16,0.61,2.916
-144.342,49.99,2015,7,16,0.28,2.923
-70.236,40.072,2015,7,16,2.55,0.0365
-70.234,40.074,2015,7,16,0.47,0.569
-70.234,40.074,2015,7,16,2.17,0.0219
-70.231,40.074,2015,7,16,0.23,0.0803
-42.828,-42.851,2015,7,16,0.3,0.886
-144.48,50.308,2015,7,16,0.33,0.454
-144.805,50.076,2015,7,16,0.34,0.749
-89.72,-54.117,2015,7,16,0.1,0.418
-144.438,49.993,2015,7,16,0.32,0.482
-70.234,40.079,2015,7,16,2.69,0.073
-70.231,40.079,2015,7,16,0.29,0.0657
-144.794,50.083,2015,7,17,0.36,0.677
-144.81,50.099,2015,7,17,0.29,0.648
-70.226,40.087,2015,7,17,2.3,0.0803
-70.223,40.086,2015,7,17,0.23,0.0657
-144.385,50.323,2015,7,17,0.43,1.526
-70.222,40.082,2015,7,17,1.88,0.0949
-42.824,-42.851,2015,7,17,0.32,1.181
-70.22,40.08,2015,7,17,0.41,0.0657
-144.524,49.998,2015,7,17,0.68,2.333
-89.746,-54.187,2015,7,17,0.22,0.418
-70.24,40.08,2015,7,17,2.65,0.0511
-144.814,50.079,2015,7,17,0.39,3.341
-70.239,40.081,2015,7,17,0.26,0.204
-144.762,50.165,2015,7,17,0.36,3.895
-70.263,40.093,2015,7,17,2.59,0.0365
-70.263,40.091,2015,7,17,0.3,0.0438
-144.609,50.017,2015,7,17,0.47,0.907
-144.332,50.256,2015,7,17,0.36,0.655
-70.268,40.089,2015,7,17,3.48,0.0219
-70.269,40.088,2015,7,17,0.33,0.0146
-42.822,-42.851,2015,7,17,0.35,0.54
-144.795,50.072,2015,7,17,0.58,0.576
-70.28,40.08,2015,7,17,2.28,0.0876
-70.281,40.077,2015,7,17,0.28,0.073
-144.684,50.22,2015,7,18,0.37,0.684
-144.702,50.032,2015,7,18,0.74,1.015
-70.294,40.083,2015,7,18,2.33,0.0803
-70.292,40.084,2015,7,18,0.3,0.073
-144.275,50.193,2015,7,18,0.39,1.116
-70.296,40.082,2015,7,18,3.07,0.0803
-42.794,-42.814,2015,7,18,0.28,1.066
-70.291,40.081,2015,7,18,0.27,0.0803
-144.806,50.084,2015,7,18,0.7,3.384
-144.791,50.059,2015,7,18,0.37,3.83
-70.31,40.072,2015,7,18,2.81,0.0511
-70.308,40.069,2015,7,18,0.44,0.0365
-144.601,50.278,2015,7,18,1.1,4.118
-70.331,40.076,2015,7,18,2.72,0.139
-144.795,50.092,2015,7,18,0.36,3.391
-70.332,40.076,2015,7,18,0.23,0.0073
-144.247,50.122,2015,7,18,0.58,2.066
-70.344,40.082,2015,7,18,2.0,0.0073
-42.757,-42.81,2015,7,18,0.24,0.634
-70.339,40.083,2015,7,18,0.23,0.102
-144.803,50.081,2015,7,18,0.41,0.403
-70.345,40.078,2015,7,18,1.77,0.0292
-70.339,40.079,2015,7,18,0.19,1.46
-89.739,-54.203,2015,7,18,0.11,0.31
-144.757,50.139,2015,7,18,0.43,0.497
-144.508,50.318,2015,7,19,0.35,0.252
-144.22,50.048,2015,7,19,0.35,0.259
-70.344,40.079,2015,7,19,2.35,0.0292
-70.34,40.079,2015,7,19,0.18,0.0292
-89.737,-54.207,2015,7,19,0.31,0.382
-42.705,-42.804,2015,7,19,0.21,1.181
-70.334,40.082,2015,7,19,1.83,0.0365
-70.327,40.08,2015,7,19,0.18,0.0365
-144.802,50.079,2015,7,19,0.42,2.909
-144.709,50.186,2015,7,19,0.3,3.398
-70.328,40.072,2015,7,19,2.08,0.0146
-70.321,40.07,2015,7,19,0.21,0.0292
-144.41,50.335,2015,7,19,0.29,1.786
-144.235,49.982,2015,7,19,0.41,2.196
-70.328,40.074,2015,7,19,2.29,0.0146
-70.326,40.074,2015,7,19,0.16,0.0073
-144.656,50.232,2015,7,19,0.47,3.658
-70.327,40.085,2015,7,19,2.72,0.0073
-42.648,-42.804,2015,7,19,0.14,0.533
-70.322,40.087,2015,7,19,0.17,0.0292
-144.801,50.08,2015,7,19,0.33,1.469
-70.321,40.084,2015,7,19,2.12,0.0146
-70.313,40.084,2015,7,19,0.28,0.657
-144.245,49.974,2015,7,19,0.69,0.396
-70.314,40.079,2015,7,19,2.28,0.0073
-70.309,40.077,2015,7,20,0.15,0.0219
-144.594,50.263,2015,7,20,0.53,1.022
-70.307,40.079,2015,7,20,2.62,0.0146
-42.59,-42.81,2015,7,20,0.1,1.303
-144.269,49.981,2015,7,20,0.29,1.159
-70.303,40.078,2015,7,20,0.24,0.0219
-144.805,50.086,2015,7,20,0.54,2.887
-70.297,40.077,2015,7,20,1.89,0.0146
-70.292,40.075,2015,7,20,0.33,0.0292
-144.528,50.298,2015,7,20,0.33,1.872
-70.295,40.07,2015,7,20,2.45,0.0073
-70.292,40.069,2015,7,20,0.12,0.0292
-144.396,49.981,2015,7,20,0.72,1.346
-70.302,40.075,2015,7,20,2.03,0.0146
-42.546,-42.814,2015,7,20,0.16,0.698
-70.298,40.075,2015,7,20,0.19,0.0073
-144.809,50.075,2015,7,20,0.48,2.16
-144.464,50.329,2015,7,20,0.38,1.411
-70.3,40.08,2015,7,20,2.49,0.0073
-70.294,40.079,2015,7,20,0.27,0.0292
-70.296,40.074,2015,7,20,2.38,0.0146
-70.289,40.073,2015,7,20,0.19,0.0073
-144.516,49.992,2015,7,21,0.45,0.828
-144.399,50.333,2015,7,21,0.35,1.325
-70.282,40.079,2015,7,21,2.12,0.0073
-70.275,40.078,2015,7,21,0.11,0.0292
-42.503,-42.819,2015,7,21,0.22,1.282
-144.799,50.079,2015,7,21,0.37,2.254
-70.265,40.083,2015,7,21,1.87,0.0073
-70.256,40.082,2015,7,21,0.19,0.0219
-70.258,40.078,2015,7,21,2.32,0.0146
-70.255,40.076,2015,7,21,0.16,0.0146
-144.63,50.011,2015,7,21,0.34,1.793
-70.263,40.083,2015,7,21,2.93,0.0292
-144.802,50.083,2015,7,21,0.4,2.29
-144.337,50.271,2015,7,21,0.28,1.742
-70.261,40.084,2015,7,21,0.19,0.0073
-42.498,-42.838,2015,7,21,0.26,0.468
-70.261,40.098,2015,7,21,2.78,0.0146
-70.255,40.099,2015,7,21,0.2,0.0146
-144.384,50.317,2015,7,21,0.31,0.691
-70.25,40.101,2015,7,21,3.0,0.0365
-42.503,-42.832,2015,7,21,0.31,1.195
-144.737,50.043,2015,7,21,0.37,0.432
-70.206,40.098,2015,7,22,0.14,0.0511
-144.808,50.078,2015,7,22,0.31,0.338
-144.283,50.207,2015,7,22,0.42,0.986
-144.361,50.268,2015,7,22,0.42,1.282
-70.212,40.098,2015,7,22,2.21,0.0292
-70.209,40.098,2015,7,22,0.24,0.0438
-70.211,40.104,2015,7,22,2.74,0.0438
-70.207,40.102,2015,7,22,0.15,0.0365
-42.472,-42.769,2015,7,22,0.23,1.109
-70.203,40.097,2015,7,22,0.31,1.146
-144.322,50.211,2015,7,22,0.25,2.138
-144.805,50.073,2015,7,22,0.26,1.505
-144.248,50.133,2015,7,22,0.33,2.167
-70.212,40.1,2015,7,22,2.47,0.0073
-70.212,40.097,2015,7,22,0.27,0.0511
-70.212,40.109,2015,7,22,2.41,0.0073
-70.208,40.109,2015,7,22,0.2,0.0073
-89.922,-54.345,2015,7,22,0.64,0.223
-144.283,50.166,2015,7,22,0.57,0.634
-70.205,40.112,2015,7,22,2.41,0.0146
-70.2,40.109,2015,7,22,0.24,0.0146
-42.419,-42.731,2015,7,22,0.19,1.526
-144.79,50.079,2015,7,23,0.28,0.468
-70.206,40.105,2015,7,23,2.5,0.0584
-70.203,40.103,2015,7,23,0.18,0.0219
-144.213,50.058,2015,7,23,0.41,0.828
-70.212,40.111,2015,7,23,3.03,0.0219
-144.267,50.111,2015,7,23,0.26,1.634
-70.207,40.108,2015,7,23,0.18,0.0292
-70.203,40.117,2015,7,23,2.77,0.0146
-70.201,40.114,2015,7,23,0.27,0.0146
-42.359,-42.687,2015,7,23,0.22,1.13
-144.81,50.08,2015,7,23,0.3,3.953
-70.199,40.112,2015,7,23,2.93,0.0292
-90.037,-54.384,2015,7,23,0.27,0.418
-70.2,40.111,2015,7,23,0.2,0.241
-144.254,50.067,2015,7,23,0.23,2.03
-144.228,49.991,2015,7,23,0.27,1.663
-144.809,50.086,2015,7,23,0.23,3.492
-70.211,40.112,2015,7,23,2.75,0.0146
-70.209,40.114,2015,7,23,0.19,0.0292
-70.213,40.12,2015,7,23,3.09,0.0146
-70.209,40.122,2015,7,23,0.24,0.0073
-70.211,40.126,2015,7,23,2.98,0.0146
-70.204,40.127,2015,7,23,0.17,0.0219
-144.249,49.977,2015,7,23,0.54,0.907
-70.204,40.13,2015,7,23,2.84,0.0146
-70.197,40.128,2015,7,23,0.31,0.0146
-144.296,50.117,2015,7,23,0.22,0.374
-70.196,40.128,2015,7,23,2.58,0.0219
-70.63,40.09,2015,7,23,0.87,0.0876
-70.618,40.086,2015,7,23,0.17,0.109
-42.293,-42.638,2015,7,23,0.26,1.238
-144.797,50.079,2015,7,23,0.53,0.785
-70.185,40.124,2015,7,23,0.24,0.0803
-70.184,40.123,2015,7,23,4.23,0.0365
-70.6,40.076,2015,7,23,0.1,0.0949
-70.174,40.119,2015,7,23,0.19,0.0146
-70.173,40.119,2015,7,23,3.15,0.0219
-70.585,40.065,2015,7,24,0.1,0.102
-70.166,40.115,2015,7,24,0.23,0.0219
-70.166,40.115,2015,7,24,2.83,0.0365
-70.16,40.112,2015,7,24,0.3,0.0438
-70.576,40.056,2015,7,24,0.21,0.0876
-70.16,40.111,2015,7,24,3.31,0.0146
-70.569,40.045,2015,7,24,0.12,0.124
-144.75,50.146,2015,7,24,0.22,1.253
-70.571,40.043,2015,7,24,0.11,0.109
-70.574,40.04,2015,7,24,0.12,0.131
-70.577,40.037,2015,7,24,0.13,0.109
-144.353,50.173,2015,7,24,0.91,1.807
-70.58,40.036,2015,7,24,0.12,0.102
-144.372,49.976,2015,7,24,0.22,1.642
-70.582,40.037,2015,7,24,0.16,0.109
-42.225,-42.587,2015,7,24,0.28,1.116
-144.803,50.08,2015,7,24,0.27,2.563
-70.575,40.041,2015,7,24,0.1,0.073
-70.573,40.041,2015,7,24,0.11,0.0511
-144.676,50.2,2015,7,24,0.47,1.872
-70.552,40.034,2015,7,24,0.11,0.0803
-144.387,50.223,2015,7,24,0.52,1.872
-70.531,40.037,2015,7,24,0.15,0.0219
-144.498,49.982,2015,7,24,0.25,0.727
-42.149,-42.547,2015,7,24,0.29,1.289
-144.805,50.08,2015,7,24,0.32,1.094
-70.457,39.996,2015,7,24,0.1,0.073
-144.602,50.255,2015,7,24,0.24,1.051
-144.407,50.277,2015,7,25,0.32,0.662
-70.442,40.008,2015,7,25,0.11,0.146
-90.147,-54.467,2015,7,25,0.41,0.49
-70.43,40.017,2015,7,25,0.11,0.0949
-70.417,40.025,2015,7,25,0.1,0.109
-70.407,40.032,2015,7,25,0.11,0.139
-70.394,40.039,2015,7,25,0.16,0.117
-144.809,50.082,2015,7,25,0.27,3.881
-144.623,49.999,2015,7,25,0.25,2.318
-144.422,50.317,2015,7,25,0.24,1.958
-42.107,-42.505,2015,7,25,0.35,1.174
-144.517,50.296,2015,7,25,0.28,2.434
-70.333,40.036,2015,7,25,0.11,0.183
-70.331,40.036,2015,7,25,0.13,0.0365
-144.407,50.32,2015,7,25,0.3,1.843
-70.327,40.026,2015,7,25,0.14,0.0292
-42.09,-42.482,2015,7,25,0.34,0.612
-70.335,40.026,2015,7,25,0.15,0.0438
-144.793,50.077,2015,7,25,0.4,0.259
-144.735,50.028,2015,7,25,0.24,0.41
-70.338,40.024,2015,7,25,0.14,0.073
-144.424,50.32,2015,7,25,0.27,0.266
-144.804,50.074,2015,7,25,0.35,0.161
-144.469,50.27,2015,7,25,0.35,0.281
-70.335,40.018,2015,7,26,0.13,0.0949
-70.34,40.011,2015,7,26,0.11,0.139
-90.193,-54.537,2015,7,26,0.12,0.49
-144.397,50.317,2015,7,26,0.25,0.864
-70.337,40.008,2015,7,26,0.16,0.139
-42.126,-42.43,2015,7,26,0.36,1.08
-144.812,50.077,2015,7,26,0.32,1.231
-144.81,50.08,2015,7,26,0.56,1.426
-70.343,40.005,2015,7,26,0.11,0.146
-144.816,50.079,2015,7,26,0.38,1.394
-144.533,50.219,2015,7,26,0.31,1.642
-70.346,40.004,2015,7,26,0.1,0.117
-144.79,50.09,2015,7,26,0.26,1.699
-70.351,40.001,2015,7,26,0.1,0.0949
-144.35,50.245,2015,7,26,0.73,1.577
-42.163,-42.391,2015,7,26,0.33,0.511
-144.593,50.17,2015,7,26,0.42,1.483
-70.355,39.995,2015,7,26,0.13,0.0511
-144.798,50.072,2015,7,26,0.34,1.029
-144.8,50.079,2015,7,26,0.31,0.288
-70.354,39.99,2015,7,26,0.1,0.0438
-144.74,50.159,2015,7,26,0.29,0.418
-70.345,39.983,2015,7,26,0.16,0.0803
-144.293,50.185,2015,7,27,0.34,0.245
-144.658,50.134,2015,7,27,0.31,0.338
-144.8,50.08,2015,7,27,0.47,0.723
-90.182,-54.606,2015,7,27,0.1,0.504
-70.341,39.97,2015,7,27,0.11,0.0876
-42.198,-42.353,2015,7,27,0.35,1.159
-144.806,50.08,2015,7,27,0.35,1.037
-70.341,39.964,2015,7,27,0.1,0.0803
-144.736,50.098,2015,7,27,0.27,1.915
-144.671,50.225,2015,7,27,0.42,2.102
-70.338,39.961,2015,7,27,0.12,0.073
-144.256,50.12,2015,7,27,0.57,1.894
-144.8,50.086,2015,7,27,0.3,1.278
-70.333,39.954,2015,7,27,0.1,0.0146
-42.23,-42.323,2015,7,27,0.32,0.59
-144.793,50.079,2015,7,27,0.5,1.217
-144.795,50.071,2015,7,27,0.46,1.26
-70.329,39.955,2015,7,27,0.15,0.0584
-144.592,50.275,2015,7,27,0.74,0.461
-144.786,50.07,2015,7,27,0.33,0.432
-144.224,50.046,2015,7,27,0.29,0.317
-70.311,39.951,2015,7,28,0.16,0.117
-144.798,50.083,2015,7,28,0.4,0.504
-42.26,-42.299,2015,7,28,0.29,1.202
-144.802,50.084,2015,7,28,0.33,0.95
-70.31,39.944,2015,7,28,0.13,0.102
-144.707,50.068,2015,7,28,0.48,1.368
-144.5,50.32,2015,7,28,1.27,3.499
-144.236,49.979,2015,7,28,0.36,1.807
-70.308,39.932,2015,7,28,0.15,0.0876
-144.808,50.076,2015,7,28,0.52,1.299
-144.625,50.065,2015,7,28,0.26,1.958
-70.281,39.919,2015,7,28,0.12,0.0365
-42.289,-42.276,2015,7,28,0.23,0.713
-144.81,50.075,2015,7,28,0.32,1.332
-144.251,49.965,2015,7,28,0.52,1.685
-144.405,50.338,2015,7,28,0.3,0.857
-70.278,39.91,2015,7,28,0.2,0.0438
-144.385,50.331,2015,7,28,0.36,0.403
-144.543,50.062,2015,7,28,0.26,0.382
-144.792,50.082,2015,7,28,0.35,0.299
-144.794,50.084,2015,7,29,0.59,0.59
-42.32,-42.261,2015,7,29,0.22,1.21
-144.363,49.973,2015,7,29,0.26,0.317
-70.268,39.892,2015,7,29,0.11,0.109
-144.468,50.049,2015,7,29,0.38,1.598
-70.274,39.873,2015,7,29,0.16,0.0876
-144.812,50.084,2015,7,29,0.29,4.548
-144.334,50.268,2015,7,29,0.47,2.182
-144.806,50.084,2015,7,29,0.27,1.534
-144.489,49.987,2015,7,29,0.31,2.052
-42.359,-42.25,2015,7,29,0.18,0.965
-144.386,50.038,2015,7,29,0.22,2.023
-70.278,39.867,2015,7,29,0.11,0.0292
-144.804,50.078,2015,7,29,0.28,0.19
-144.272,50.2,2015,7,29,0.29,0.31
-70.302,39.86,2015,7,29,0.12,0.0365
-144.799,50.079,2015,7,29,0.36,0.187
-144.612,50.002,2015,7,29,0.24,0.302
-144.306,50.016,2015,7,29,0.28,0.353
-42.406,-42.244,2015,7,30,0.27,1.303
-70.324,39.852,2015,7,30,0.1,0.0949
-144.249,49.986,2015,7,30,0.44,1.822
-144.803,50.079,2015,7,30,0.38,1.46
-144.726,50.034,2015,7,30,0.24,2.21
-144.231,50.135,2015,7,30,0.22,2.009
-144.812,50.078,2015,7,30,0.3,1.534
-42.446,-42.252,2015,7,30,0.2,1.08
-144.238,49.983,2015,7,30,0.32,1.757
-70.366,39.844,2015,7,30,0.1,0.0511
-144.804,50.078,2015,7,30,0.21,0.454
-70.397,39.843,2015,7,30,0.1,0.0365
-144.793,50.079,2015,7,30,0.39,0.161
-144.291,50.031,2015,7,30,0.21,0.439
-42.485,-42.28,2015,7,30,0.46,1.39
-144.794,50.078,2015,7,30,0.31,0.202
-144.802,50.096,2015,7,30,0.18,0.216
-144.217,50.06,2015,7,30,0.21,0.439
-70.423,39.842,2015,7,31,0.1,0.0657
-144.326,50.083,2015,7,31,0.25,1.188
-42.508,-42.312,2015,7,31,0.31,1.318
-144.817,50.082,2015,7,31,0.45,1.518
-144.815,50.08,2015,7,31,0.57,1.534
-144.753,50.164,2015,7,31,0.54,1.678
-144.229,49.991,2015,7,31,0.31,2.081
-70.448,39.832,2015,7,31,0.14,0.0949
-144.369,50.144,2015,7,31,0.56,1.656
-70.486,39.831,2015,7,31,0.13,0.117
-42.526,-42.351,2015,7,31,0.43,0.554
-144.805,50.076,2015,7,31,0.46,0.109
-144.802,50.077,2015,7,31,0.61,0.223
-144.676,50.218,2015,7,31,0.44,0.432
-144.269,49.966,2015,7,31,0.58,0.288
-144.396,50.195,2015,7,31,0.95,0.41
-70.525,39.827,2015,8,1,0.11,0.175
-42.536,-42.39,2015,8,1,0.12,1.231
-144.801,50.087,2015,8,1,0.58,1.217
-144.595,50.275,2015,8,1,0.88,1.087
-144.415,50.259,2015,8,1,0.65,1.238
-144.801,50.085,2015,8,1,0.37,1.409
-144.382,49.968,2015,8,1,0.35,1.951
-70.565,39.821,2015,8,1,0.15,0.0876
-42.537,-42.43,2015,8,1,0.1,0.67
-144.426,50.318,2015,8,1,0.28,1.476
-144.811,50.086,2015,8,1,0.44,0.893
-144.511,50.316,2015,8,1,0.25,1.058
-70.615,39.831,2015,8,1,0.18,0.0511
-144.804,50.084,2015,8,1,0.32,0.277
-144.5,49.98,2015,8,1,0.59,0.554
-144.393,50.333,2015,8,1,0.32,0.238
-42.551,-42.456,2015,8,2,0.26,0.835
-70.66,39.83,2015,8,2,0.12,0.0876
-144.409,50.328,2015,8,2,0.5,0.23
-144.804,50.076,2015,8,2,0.52,0.742
-144.388,50.318,2015,8,2,0.62,0.943
-144.81,50.082,2015,8,2,0.61,1.19
-144.62,49.995,2015,8,2,0.56,1.519
-144.365,50.285,2015,8,2,0.64,1.642
-70.711,39.833,2015,8,2,0.2,0.0657
-42.633,-42.468,2015,8,2,0.13,0.684
-144.799,50.086,2015,8,2,0.36,1.325
-70.758,39.84,2015,8,2,0.1,0.0073
-144.335,50.253,2015,8,2,0.54,1.13
-144.34,50.241,2015,8,2,0.45,1.289
-144.801,50.067,2015,8,2,0.33,0.84
-144.732,50.026,2015,8,2,0.3,0.907
-42.728,-42.473,2015,8,2,0.1,0.828
-70.791,39.845,2015,8,3,0.2,0.073
-144.804,50.082,2015,8,3,0.81,0.36
-144.312,50.198,2015,8,3,0.43,0.418
-144.29,50.193,2015,8,3,0.31,0.914
-144.792,50.085,2015,8,3,0.59,1.365
-144.798,50.084,2015,8,3,0.29,1.325
-70.825,39.849,2015,8,3,0.12,0.0657
-42.812,-42.478,2015,8,3,0.1,0.713
-144.28,50.144,2015,8,3,0.31,1.944
-144.812,50.077,2015,8,3,0.58,1.642
-89.956,-54.699,2015,8,3,2.85,0.511
-70.86,39.848,2015,8,3,0.1,0.102
-144.264,50.125,2015,8,3,0.28,1.548
-144.804,50.087,2015,8,3,0.37,1.124
-42.888,-42.5,2015,8,3,0.1,0.122
-144.809,50.086,2015,8,3,0.42,1.087
-144.25,50.102,2015,8,3,0.25,1.166
-70.897,39.85,2015,8,3,0.1,0.183
-144.79,50.072,2015,8,3,0.31,0.454
-144.235,50.051,2015,8,4,0.31,0.806
-42.875,-42.489,2015,8,4,0.1,0.734
-144.238,50.049,2015,8,4,0.77,1.109
-70.941,39.852,2015,8,4,0.12,0.518
-144.813,50.08,2015,8,4,0.52,1.19
-144.807,50.08,2015,8,4,0.37,1.534
-144.802,50.081,2015,8,4,0.29,1.829
-70.979,39.843,2015,8,4,0.11,0.416
-42.91,-42.538,2015,8,4,0.12,0.756
-144.235,49.984,2015,8,4,0.29,1.541
-144.226,49.995,2015,8,4,0.72,1.757
-144.253,49.983,2015,8,4,0.24,1.26
-144.796,50.069,2015,8,4,0.32,1.088
-89.854,-54.628,2015,8,4,0.1,0.439
-144.231,49.982,2015,8,4,0.64,1.044
-144.804,50.071,2015,8,4,0.31,0.907
-71.031,39.849,2015,8,4,0.11,0.219
-144.804,50.08,2015,8,4,0.56,0.194
-42.927,-42.571,2015,8,4,0.24,0.857
-144.819,50.082,2015,8,4,0.26,0.36
-144.376,49.991,2015,8,5,0.51,0.367
-144.326,49.991,2015,8,5,0.24,0.317
-71.071,39.843,2015,8,5,0.14,0.299
-144.802,50.088,2015,8,5,0.33,1.029
-42.934,-42.607,2015,8,5,0.28,0.77
-144.8,50.078,2015,8,5,0.39,1.742
-71.114,39.837,2015,8,5,0.12,0.431
-144.758,50.144,2015,8,5,0.5,1.958
-144.409,49.986,2015,8,5,0.52,2.016
-144.5,49.998,2015,8,5,0.29,1.606
-144.809,50.083,2015,8,5,0.3,1.518
-71.159,39.837,2015,8,5,0.1,0.175
-71.155,39.851,2015,8,5,0.13,0.146
-144.488,50.004,2015,8,5,0.28,1.058
-42.953,-42.645,2015,8,5,0.3,0.554
-144.783,50.08,2015,8,5,0.23,0.295
-144.685,50.206,2015,8,5,0.31,0.54
-144.597,50.013,2015,8,5,0.61,0.324
-89.894,-54.538,2015,8,5,0.1,0.374
-71.14,39.891,2015,8,6,0.15,0.336
-144.805,50.074,2015,8,6,0.29,0.642
-144.581,50.011,2015,8,6,0.23,0.864
-71.124,39.924,2015,8,6,0.12,0.343
-42.953,-42.673,2015,8,6,0.34,0.821
-144.809,50.08,2015,8,6,0.26,1.901
-71.12,39.945,2015,8,6,0.12,0.168
-144.717,50.047,2015,8,6,0.29,2.174
-144.615,50.268,2015,8,6,0.24,2.153
-89.891,-54.509,2015,8,6,0.14,0.374
-144.674,50.021,2015,8,6,0.29,2.153
-71.119,39.965,2015,8,6,0.1,0.0949
-144.794,50.073,2015,8,6,0.31,1.752
-71.118,39.987,2015,8,6,0.17,0.073
-42.955,-42.713,2015,8,6,0.35,0.295
-71.109,40.007,2015,8,6,0.14,0.0511
-144.81,50.077,2015,8,6,0.25,1.044
-144.754,50.047,2015,8,6,0.22,1.166
-89.888,-54.485,2015,8,6,0.26,0.223
-71.096,40.019,2015,8,6,0.1,0.0949
-144.808,50.08,2015,8,6,0.22,0.85
-144.527,50.312,2015,8,6,0.56,0.727
-71.088,40.028,2015,8,6,0.13,0.285
-71.084,40.035,2015,8,7,0.11,0.226
-144.798,50.082,2015,8,7,0.28,0.314
-71.083,40.041,2015,8,7,0.14,0.197
-42.949,-42.739,2015,8,7,0.39,0.835
-71.082,40.05,2015,8,7,0.11,0.204
-144.814,50.079,2015,8,7,0.51,1.426
-144.8,50.077,2015,8,7,0.26,1.714
-89.878,-54.46,2015,8,7,0.11,0.389
-71.079,40.057,2015,8,7,0.1,0.241
-144.807,50.083,2015,8,7,0.33,1.829
-71.075,40.063,2015,8,7,0.1,0.175
-144.425,50.331,2015,8,7,0.23,1.735
-144.807,50.08,2015,8,7,0.28,2.16
-71.072,40.07,2015,8,7,0.11,0.219
-71.07,40.074,2015,8,7,0.13,0.197
-144.805,50.081,2015,8,7,0.55,1.65
-71.073,40.077,2015,8,7,0.11,0.241
-42.925,-42.767,2015,8,7,0.35,0.706
-71.076,40.082,2015,8,7,0.1,0.212
-144.804,50.072,2015,8,7,0.76,1.678
-144.386,50.326,2015,8,7,0.18,1.282
-89.855,-54.439,2015,8,7,0.13,0.367
-71.079,40.087,2015,8,7,0.13,0.329
-144.767,50.132,2015,8,7,0.19,1.181
-71.077,40.088,2015,8,7,0.15,0.365
-144.8,50.083,2015,8,7,0.23,0.886
-71.063,40.088,2015,8,7,0.11,0.401
-71.055,40.086,2015,8,7,0.1,0.438
-71.045,40.085,2015,8,7,0.16,0.489
-71.034,40.082,2015,8,7,0.1,0.496
-144.799,50.074,2015,8,7,0.29,0.336
-144.799,50.081,2015,8,7,0.23,0.446
-71.029,40.079,2015,8,8,0.11,0.445
-42.901,-42.797,2015,8,8,0.44,0.799
-144.719,50.164,2015,8,8,0.34,0.67
-71.024,40.078,2015,8,8,0.11,0.416
-89.832,-54.424,2015,8,8,0.23,0.418
-71.011,40.073,2015,8,8,0.1,0.423
-144.329,50.258,2015,8,8,0.19,1.015
-144.812,50.079,2015,8,8,0.34,1.224
-70.999,40.068,2015,8,8,0.14,0.365
-70.976,40.062,2015,8,8,0.14,0.35
-70.952,40.06,2015,8,8,0.11,0.307
-144.662,50.211,2015,8,8,0.25,1.886
-70.931,40.065,2015,8,8,0.1,0.277
-144.806,50.08,2015,8,8,0.31,1.591
-144.737,50.148,2015,8,8,0.21,1.829
-42.858,-42.824,2015,8,8,0.22,0.778
-89.813,-54.399,2015,8,8,0.82,0.374
-70.912,40.068,2015,8,8,0.19,0.219
-70.894,40.066,2015,8,8,0.17,0.168
-70.876,40.063,2015,8,8,0.1,0.102
-144.8,50.072,2015,8,8,0.26,1.282
-144.275,50.185,2015,8,8,0.21,1.627
-70.858,40.062,2015,8,8,0.1,0.117
-70.838,40.061,2015,8,8,0.1,0.183
-144.603,50.253,2015,8,8,0.22,1.181
-70.817,40.061,2015,8,8,0.15,0.212
-89.799,-54.383,2015,8,8,0.1,0.158
-42.821,-42.849,2015,8,8,0.29,0.763
-144.661,50.206,2015,8,8,0.26,0.734
-70.812,40.055,2015,8,8,0.1,0.343
-144.799,50.082,2015,8,8,0.32,0.358
-70.808,40.061,2015,8,8,0.2,0.321
-70.797,40.066,2015,8,9,0.16,0.299
-70.787,40.069,2015,8,9,0.15,0.285
-144.801,50.08,2015,8,9,0.28,0.929
-70.776,40.07,2015,8,9,0.11,0.299
-144.235,50.116,2015,8,9,0.32,0.655
-144.537,50.285,2015,8,9,0.23,1.03
-70.766,40.072,2015,8,9,0.11,0.299
-70.754,40.073,2015,8,9,0.1,0.27
-89.791,-54.376,2015,8,9,0.1,0.403
-70.742,40.07,2015,8,9,0.11,0.241
-144.584,50.26,2015,8,9,0.47,1.872
-70.734,40.072,2015,8,9,0.14,0.255
-42.774,-42.87,2015,8,9,0.34,0.792
-144.812,50.082,2015,8,9,0.46,1.767
-70.727,40.069,2015,8,9,0.11,0.27
-70.718,40.066,2015,8,9,0.13,0.226
-144.469,50.319,2015,8,9,0.47,1.613
-70.712,40.059,2015,8,9,0.1,0.183
-70.702,40.057,2015,8,9,0.1,0.183
-144.808,50.08,2015,8,9,0.47,1.505
-70.69,40.055,2015,8,9,0.1,0.204
-89.786,-54.369,2015,8,9,0.19,0.223
-70.679,40.055,2015,8,9,0.1,0.168
-144.218,50.04,2015,8,9,0.28,1.246
-70.67,40.057,2015,8,9,0.1,0.204
-70.662,40.055,2015,8,9,0.1,0.204
-144.488,50.299,2015,8,9,0.3,1.073
-70.657,40.057,2015,8,9,0.1,0.175
-42.712,-42.901,2015,8,9,0.31,0.77
-144.794,50.075,2015,8,9,0.31,0.409
-144.399,50.338,2015,8,9,0.28,0.749
-70.648,40.058,2015,8,9,0.1,0.19
-70.637,40.059,2015,8,9,0.12,0.248
-70.628,40.058,2015,8,9,0.12,0.336
-144.387,50.323,2015,8,9,0.34,0.295
-70.617,40.057,2015,8,10,0.1,0.292
-144.8,50.079,2015,8,10,0.32,0.677
-70.606,40.055,2015,8,10,0.1,0.299
-89.774,-54.36,2015,8,10,0.14,0.36
-70.593,40.055,2015,8,10,0.11,0.285
-144.247,49.977,2015,8,10,0.24,0.72
-70.582,40.053,2015,8,10,0.1,0.263
-144.405,50.335,2015,8,10,0.23,0.878
-70.578,40.052,2015,8,10,0.13,0.212
-42.646,-42.936,2015,8,10,0.26,0.763
-70.571,40.05,2015,8,10,0.11,0.212
-144.389,50.326,2015,8,10,0.23,1.058
-70.564,40.049,2015,8,10,0.1,0.19
-144.807,50.085,2015,8,10,0.28,1.818
-70.557,40.05,2015,8,10,0.12,0.314
-144.377,50.266,2015,8,10,0.2,1.534
-70.548,40.052,2015,8,10,0.11,0.124
-144.805,50.077,2015,8,10,0.6,1.757
-89.762,-54.35,2015,8,10,0.16,0.36
-70.532,40.054,2015,8,10,0.1,0.0803
-70.512,40.055,2015,8,10,0.1,0.0365
-144.245,49.971,2015,8,10,0.31,1.03
-42.563,-42.966,2015,8,10,0.25,0.497
-144.336,50.251,2015,8,10,0.23,0.9
-70.489,40.053,2015,8,10,0.1,0.0584
-144.444,50.237,2015,8,10,0.25,0.799
-144.8,50.081,2015,8,10,0.31,0.299
-144.264,49.986,2015,8,10,0.2,0.49
-89.748,-54.345,2015,8,10,0.15,0.238
-70.458,40.065,2015,8,10,0.13,0.117
-144.799,50.082,2015,8,10,0.3,0.266
-70.426,40.07,2015,8,11,0.13,0.124
-42.477,-42.998,2015,8,11,0.1,0.864
-144.434,50.291,2015,8,11,0.22,0.54
-70.408,40.068,2015,8,11,0.11,0.234
-144.289,50.184,2015,8,11,0.33,0.958
-70.405,40.074,2015,8,11,0.11,0.19
-144.811,50.083,2015,8,11,0.31,1.65
-144.391,49.99,2015,8,11,0.56,1.332
-89.745,-54.346,2015,8,11,0.66,0.353
-144.803,50.083,2015,8,11,0.29,1.692
-70.401,40.085,2015,8,11,0.11,0.168
-144.407,50.341,2015,8,11,0.33,1.534
-70.384,40.089,2015,8,11,0.14,0.161
-42.455,-43.002,2015,8,11,0.27,0.49
-70.376,40.083,2015,8,11,0.1,0.102
-70.377,40.082,2015,8,11,0.1,0.146
-144.273,50.145,2015,8,11,0.38,1.31
-144.396,50.327,2015,8,11,0.31,1.109
-70.396,40.085,2015,8,11,0.15,0.109
-89.731,-54.339,2015,8,11,0.21,0.13
-144.798,50.076,2015,8,11,0.3,0.482
-70.412,40.085,2015,8,11,0.1,0.161
-144.517,49.996,2015,8,11,0.25,0.684
-70.419,40.088,2015,8,11,0.12,0.183
-144.799,50.08,2015,8,11,0.3,0.245
-70.424,40.09,2015,8,11,0.11,0.241
-70.431,40.09,2015,8,11,0.21,0.255
-70.441,40.088,2015,8,12,0.13,0.263
-42.436,-43.008,2015,8,12,0.28,0.986
-144.363,50.281,2015,8,12,0.69,0.259
-70.449,40.084,2015,8,12,0.1,0.263
-144.238,50.072,2015,8,12,0.68,0.497
-89.74,-54.299,2015,8,12,0.23,0.367
-70.463,40.079,2015,8,12,0.15,0.299
-144.804,50.085,2015,8,12,0.31,1.343
-70.48,40.076,2015,8,12,0.1,0.277
-70.494,40.077,2015,8,12,0.1,0.453
-144.808,50.081,2015,8,12,0.27,1.627
-144.637,50.02,2015,8,12,0.3,1.267
-70.505,40.078,2015,8,12,0.1,0.212
-144.339,50.227,2015,8,12,0.33,1.555
-70.515,40.08,2015,8,12,0.11,0.234
-42.417,-43.014,2015,8,12,0.26,0.806
-70.525,40.08,2015,8,12,0.1,0.175
-70.529,40.08,2015,8,12,0.1,0.131
-144.231,49.996,2015,8,12,0.53,1.476
-89.722,-54.275,2015,8,12,0.28,0.353
-70.534,40.078,2015,8,12,0.14,0.0949
-70.538,40.077,2015,8,12,0.12,0.109
-144.804,50.076,2015,8,12,0.36,0.533
-144.298,50.17,2015,8,12,0.27,0.67
-70.542,40.075,2015,8,12,0.11,0.0876
-144.8,50.078,2015,8,12,0.33,0.742
-144.267,49.974,2015,8,12,0.3,0.583
-144.755,50.047,2015,8,12,0.49,0.634
-70.544,40.073,2015,8,12,0.22,0.117
-42.388,-43.011,2015,8,12,0.29,0.95
-89.694,-54.26,2015,8,12,1.06,0.36
-70.569,40.082,2015,8,13,0.16,0.19
-144.259,50.12,2015,8,13,0.36,0.634
-144.807,50.073,2015,8,13,0.52,1.226
-144.816,50.08,2015,8,13,0.67,1.397
-144.394,49.973,2015,8,13,0.31,1.145
-70.595,40.062,2015,8,13,0.16,0.204
-144.825,50.079,2015,8,13,0.36,1.836
-89.668,-54.236,2015,8,13,0.15,0.367
-42.36,-43.012,2015,8,13,0.39,0.835
-144.24,50.074,2015,8,13,0.33,1.433
-70.611,40.074,2015,8,13,0.1,0.0657
-144.802,50.081,2015,8,13,0.58,0.584
-144.515,49.988,2015,8,13,0.47,1.159
-144.798,50.077,2015,8,13,0.4,0.389
-144.778,50.144,2015,8,13,0.34,0.626
-89.623,-54.209,2015,8,13,0.3,0.216
-70.646,40.076,2015,8,13,0.11,0.0803
-144.235,50.015,2015,8,13,0.46,0.302
-42.331,-43.027,2015,8,13,0.38,0.785
-70.686,40.079,2015,8,14,0.11,0.161
-144.798,50.082,2015,8,14,0.36,1.248
-144.803,50.082,2015,8,14,0.51,1.217
-144.634,50.016,2015,8,14,0.37,0.864
-144.24,49.978,2015,8,14,0.49,0.965
-89.588,-54.177,2015,8,14,0.1,0.374
-144.717,50.209,2015,8,14,0.5,1.85
-70.722,40.067,2015,8,14,0.1,0.168
-42.292,-43.029,2015,8,14,0.34,0.958
-144.328,49.988,2015,8,14,0.32,1.433
-70.775,40.083,2015,8,14,0.1,0.109
-144.752,50.047,2015,8,14,0.3,1.303
-89.547,-54.141,2015,8,14,0.18,0.295
-144.81,50.079,2015,8,14,0.34,1.248
-144.807,50.08,2015,8,14,0.53,1.318
-42.267,-43.032,2015,8,14,0.23,0.878
-144.648,50.267,2015,8,14,0.29,0.518
-70.818,40.095,2015,8,14,0.13,0.102
-144.422,49.989,2015,8,14,0.27,0.346
-89.484,-54.104,2015,8,15,0.1,0.36
-70.85,40.104,2015,8,15,0.14,0.102
-144.798,50.078,2015,8,15,0.43,1.007
-144.796,50.078,2015,8,15,0.33,0.914
-144.518,49.991,2015,8,15,0.34,1.721
-42.238,-43.024,2015,8,15,0.18,0.965
-144.555,50.312,2015,8,15,0.36,1.483
-70.888,40.09,2015,8,15,0.1,0.168
-89.437,-54.067,2015,8,15,0.11,0.367
-144.798,50.079,2015,8,15,0.39,1.329
-144.799,50.078,2015,8,15,0.34,1.339
-70.955,40.099,2015,8,15,0.11,0.0511
-144.602,50.01,2015,8,15,0.31,1.411
-42.217,-43.018,2015,8,15,0.14,0.792
-144.787,50.079,2015,8,15,0.53,0.641
-144.446,50.339,2015,8,15,0.33,0.382
-71.025,40.079,2015,8,15,0.11,0.0876
-89.391,-54.048,2015,8,15,0.21,0.223
-144.688,50.031,2015,8,15,0.79,0.274
-144.792,50.081,2015,8,16,0.39,0.266
-144.794,50.08,2015,8,16,0.44,0.387
-71.082,40.083,2015,8,16,0.1,0.161
-42.202,-43.004,2015,8,16,0.11,0.943
-144.725,50.144,2015,8,16,0.42,1.13
-89.34,-54.031,2015,8,16,0.2,0.317
-144.394,50.328,2015,8,16,0.66,1.469
-71.122,40.085,2015,8,16,0.13,0.168
-144.756,50.053,2015,8,16,0.31,1.562
-144.811,50.084,2015,8,16,0.61,1.692
-144.798,50.082,2015,8,16,0.49,1.504
-71.175,40.089,2015,8,16,0.11,0.109
-42.176,-42.993,2015,8,16,0.22,0.36
-71.166,40.078,2015,8,16,0.1,0.0511
-144.658,50.209,2015,8,16,0.96,1.202
-89.316,-54.018,2015,8,16,0.2,0.252
-144.719,50.106,2015,8,16,0.43,0.893
-71.15,40.039,2015,8,16,0.12,0.0803
-144.399,50.327,2015,8,16,0.64,0.583
-144.802,50.078,2015,8,16,0.73,0.259
-144.799,50.083,2015,8,16,0.45,0.27
-42.159,-42.978,2015,8,17,0.27,0.95
-89.298,-54.0,2015,8,17,0.11,0.338
-71.151,40.011,2015,8,17,0.1,0.0949
-144.573,50.263,2015,8,17,0.41,0.504
-144.671,50.162,2015,8,17,0.46,0.518
-144.386,50.312,2015,8,17,0.75,1.454
-71.106,39.978,2015,8,17,0.14,0.117
-144.804,50.077,2015,8,17,0.42,1.591
-42.132,-42.962,2015,8,17,0.25,0.936
-144.81,50.08,2015,8,17,0.45,1.599
-144.623,50.208,2015,8,17,0.46,1.685
-89.295,-53.978,2015,8,17,0.64,0.432
-144.482,50.31,2015,8,17,0.54,1.678
-71.099,39.964,2015,8,17,0.14,0.0511
-39.117,59.864,2015,8,17,0.11,0.372
-39.116,59.863,2015,8,17,0.51,0.277
-39.115,59.86,2015,8,17,0.1,0.336
-39.104,59.859,2015,8,17,0.1,0.489
-144.327,50.247,2015,8,17,0.49,1.102
-39.068,59.879,2015,8,17,0.11,0.803
-144.564,50.251,2015,8,17,0.77,0.396
-71.095,39.941,2015,8,17,0.1,0.0438
-144.795,50.075,2015,8,17,0.57,0.223
-42.098,-42.951,2015,8,17,0.2,1.037
-89.294,-53.972,2015,8,17,0.11,0.151
-39.095,59.886,2015,8,17,0.11,1.022
-144.806,50.076,2015,8,17,0.5,0.219
-144.389,50.312,2015,8,18,0.4,0.31
-71.106,39.921,2015,8,18,0.1,0.139
-39.111,59.889,2015,8,18,0.11,1.146
-144.515,50.299,2015,8,18,1.37,0.706
-144.268,50.178,2015,8,18,0.6,0.958
-39.116,59.9,2015,8,18,0.1,0.84
-42.067,-42.94,2015,8,18,0.11,1.087
-144.808,50.084,2015,8,18,0.58,1.728
-89.293,-53.962,2015,8,18,0.22,0.353
-71.132,39.883,2015,8,18,0.1,0.073
-144.795,50.079,2015,8,18,0.44,1.54
-39.127,59.901,2015,8,18,0.1,0.482
-144.335,50.236,2015,8,18,0.39,1.354
-144.444,50.316,2015,8,18,0.78,1.879
-71.165,39.849,2015,8,18,0.14,0.0438
-39.122,59.9,2015,8,18,0.1,0.314
-42.036,-42.923,2015,8,18,0.1,0.835
-144.234,50.099,2015,8,18,0.69,0.9
-71.156,39.831,2015,8,18,0.16,0.0438
-144.804,50.083,2015,8,18,0.65,0.31
-89.306,-53.96,2015,8,18,0.19,0.137
-39.121,59.904,2015,8,18,0.12,0.766
-71.12,39.83,2015,8,18,0.11,0.0949
-144.803,50.08,2015,8,18,0.45,0.234
-144.279,50.165,2015,8,18,0.39,0.259
-144.382,50.335,2015,8,18,0.41,0.41
-39.14,59.899,2015,8,18,0.1,1.292
-144.388,50.327,2015,8,19,0.54,0.677
-71.051,39.834,2015,8,19,0.11,0.109
-42.001,-42.898,2015,8,19,0.49,1.181
-39.135,59.903,2015,8,19,0.1,1.358
-89.376,-53.976,2015,8,19,0.23,0.331
-144.806,50.081,2015,8,19,0.46,1.512
-144.212,50.027,2015,8,19,0.46,1.044
-39.146,59.904,2015,8,19,0.12,0.978
-144.807,50.08,2015,8,19,0.45,1.657
-144.244,50.092,2015,8,19,0.51,1.606
-70.977,39.834,2015,8,19,0.1,0.0876
-144.346,50.271,2015,8,19,0.36,2.023
-39.165,59.903,2015,8,19,0.14,0.504
-41.961,-42.872,2015,8,19,0.21,0.446
-89.456,-53.991,2015,8,19,0.22,0.331
-70.903,39.835,2015,8,19,0.12,0.0292
-144.794,50.08,2015,8,19,0.8,1.123
-39.143,59.904,2015,8,19,0.1,0.621
-144.259,49.979,2015,8,19,0.32,1.03
-144.315,50.219,2015,8,19,0.58,0.914
-144.798,50.079,2015,8,19,0.36,0.329
-144.22,50.02,2015,8,19,0.8,0.706
-70.815,39.839,2015,8,19,0.1,0.0438
-41.926,-42.844,2015,8,20,0.46,1.598
-89.526,-54.016,2015,8,20,0.1,0.31
-39.151,59.878,2015,8,20,0.11,1.226
-144.295,50.168,2015,8,20,0.36,0.914
-70.725,39.84,2015,8,20,0.1,0.0803
-144.802,50.078,2015,8,20,0.54,1.253
-144.262,49.98,2015,8,20,0.51,0.994
-144.384,49.98,2015,8,20,0.35,1.109
-144.807,50.085,2015,8,20,0.38,1.694
-70.613,39.839,2015,8,20,0.1,0.073
-41.887,-42.818,2015,8,20,0.3,1.058
-89.58,-54.045,2015,8,20,0.1,0.353
-39.168,59.861,2015,8,20,0.15,0.781
-144.255,50.111,2015,8,20,0.63,1.829
-144.806,50.083,2015,8,20,0.39,1.476
-70.502,39.837,2015,8,20,0.1,0.0365
-144.382,49.986,2015,8,20,0.31,1.318
-144.507,49.989,2015,8,20,0.32,1.606
-144.804,50.08,2015,8,20,0.38,0.832
-41.859,-42.785,2015,8,20,0.34,0.986
-144.225,50.059,2015,8,20,0.61,0.684
-89.635,-54.064,2015,8,20,0.24,0.144
-70.384,39.836,2015,8,20,0.11,0.0511
-39.178,59.837,2015,8,20,0.16,1.343
-70.349,39.846,2015,8,20,0.15,0.0949
-144.8,50.081,2015,8,21,0.32,1.037
-144.509,50.0,2015,8,21,0.31,1.174
-70.342,39.867,2015,8,21,0.1,0.0949
-39.126,59.851,2015,8,21,0.55,1.829
-144.629,50.006,2015,8,21,0.3,1.325
-144.221,50.011,2015,8,21,0.55,1.382
-144.797,50.077,2015,8,21,0.56,1.767
-89.672,-54.073,2015,8,21,0.28,0.317
-41.824,-42.738,2015,8,21,0.35,1.08
-39.187,59.834,2015,8,21,0.16,1.438
-70.308,39.906,2015,8,21,0.1,0.073
-144.796,50.08,2015,8,21,0.53,1.325
-144.637,50.016,2015,8,21,0.52,1.793
-144.245,49.97,2015,8,21,0.48,1.836
-70.271,39.938,2015,8,21,0.1,0.073
-144.736,50.04,2015,8,21,0.25,1.67
-89.68,-54.08,2015,8,21,0.33,0.144
-41.792,-42.699,2015,8,21,0.29,0.619
-144.798,50.078,2015,8,21,0.45,1.029
-144.248,49.976,2015,8,21,0.5,0.95
-39.246,59.83,2015,8,21,0.1,0.234
-70.267,39.957,2015,8,21,0.15,0.073
-144.806,50.077,2015,8,22,0.21,0.835
-144.748,50.049,2015,8,22,0.3,0.634
-70.24,39.978,2015,8,22,0.1,0.0949
-144.342,49.983,2015,8,22,0.23,1.051
-89.696,-54.083,2015,8,22,0.34,0.317
-41.776,-42.65,2015,8,22,0.38,1.318
-39.33,59.846,2015,8,22,0.1,1.577
-144.8,50.078,2015,8,22,0.29,1.307
-144.799,50.085,2015,8,22,0.62,1.166
-70.231,39.987,2015,8,22,0.1,0.117
-144.809,50.073,2015,8,22,0.29,1.482
-144.789,50.085,2015,8,22,0.46,1.843
-144.806,50.078,2015,8,22,0.33,1.534
-144.427,49.983,2015,8,22,0.42,1.958
-89.713,-54.082,2015,8,22,0.26,0.317
-70.201,39.998,2015,8,22,0.1,0.0657
-41.756,-42.611,2015,8,22,0.23,0.482
-39.307,59.85,2015,8,22,0.1,0.285
-144.797,50.082,2015,8,22,0.28,1.613
-144.51,49.997,2015,8,22,0.84,0.446
-70.189,40.001,2015,8,22,0.14,0.0803
-144.717,50.15,2015,8,22,0.26,0.295
-144.786,50.084,2015,8,22,0.37,0.292
-144.8,50.078,2015,8,22,0.35,0.382
-41.748,-42.582,2015,8,23,0.12,1.181
-89.727,-54.078,2015,8,23,0.17,0.346
-70.185,39.998,2015,8,23,0.1,0.146
-39.263,59.845,2015,8,23,0.1,1.694
-89.746,-54.074,2015,8,23,0.16,0.338
-144.81,50.082,2015,8,23,0.47,1.202
-144.608,50.013,2015,8,23,0.5,1.519
-144.647,50.218,2015,8,23,0.5,1.57
-70.199,39.981,2015,8,23,0.12,0.117
-144.796,50.079,2015,8,23,0.35,1.562
-144.8,50.08,2015,8,23,0.37,1.591
-41.735,-42.532,2015,8,23,0.1,1.246
-39.248,59.849,2015,8,23,0.11,0.628
-144.783,50.069,2015,8,23,0.24,1.67
-144.698,50.025,2015,8,23,0.37,2.002
-70.18,39.948,2015,8,23,0.11,0.0876
-89.73,-54.054,2015,8,23,0.13,0.324
-144.564,50.27,2015,8,23,1.12,0.583
-41.737,-42.489,2015,8,23,0.1,1.202
-144.799,50.084,2015,8,23,0.32,0.693
-144.796,50.083,2015,8,23,0.29,0.677
-70.118,39.92,2015,8,23,0.11,0.102
-39.3,59.849,2015,8,23,0.13,1.562
-144.769,50.059,2015,8,23,0.28,0.511
-144.733,50.137,2015,8,24,0.27,0.922
-89.716,-54.049,2015,8,24,0.39,0.353
-70.051,39.894,2015,8,24,0.12,0.139
-144.476,50.306,2015,8,24,0.3,1.123
-41.752,-42.436,2015,8,24,0.1,1.188
-144.823,50.089,2015,8,24,0.31,1.701
-144.815,50.081,2015,8,24,0.29,1.613
-39.312,59.851,2015,8,24,0.22,1.183
-70.004,39.872,2015,8,24,0.11,0.117
-89.709,-54.049,2015,8,24,0.33,0.324
-144.681,50.204,2015,8,24,0.58,2.059
-144.392,50.329,2015,8,24,0.37,1.771
-41.766,-42.392,2015,8,24,0.39,0.612
-144.79,50.086,2015,8,24,0.2,1.231
-69.936,39.828,2015,8,24,0.13,0.0438
-39.328,59.862,2015,8,24,0.13,1.197
-144.796,50.072,2015,8,24,0.49,0.321
-144.799,50.073,2015,8,24,0.23,0.468
-89.7,-54.05,2015,8,24,0.1,0.137
-41.774,-42.361,2015,8,24,0.25,1.109
-144.387,50.319,2015,8,24,0.19,0.497
-144.612,50.262,2015,8,25,0.24,0.324
-69.894,39.803,2015,8,25,0.11,0.102
-41.781,-42.34,2015,8,25,0.26,1.123
-144.752,50.131,2015,8,25,0.28,0.893
-39.324,59.859,2015,8,25,0.11,1.694
-144.813,50.085,2015,8,25,0.29,1.497
-144.817,50.086,2015,8,25,0.28,1.541
-89.698,-54.059,2015,8,25,0.28,0.389
-144.344,50.246,2015,8,25,0.23,1.822
-144.698,50.172,2015,8,25,0.26,1.994
-69.87,39.779,2015,8,25,0.1,0.102
-144.53,50.306,2015,8,25,0.42,1.642
-41.791,-42.305,2015,8,25,0.37,0.526
-39.282,59.853,2015,8,25,0.12,0.321
-144.802,50.073,2015,8,25,0.3,1.037
-89.693,-54.065,2015,8,25,0.1,0.166
-144.801,50.08,2015,8,25,0.46,0.65
-69.848,39.768,2015,8,25,0.15,0.0511
-144.293,50.176,2015,8,25,0.43,0.396
-144.648,50.221,2015,8,25,0.28,0.619
-41.812,-42.27,2015,8,25,0.32,1.267
-144.432,50.331,2015,8,26,0.57,0.353
-39.279,59.861,2015,8,26,0.1,1.723
-69.828,39.759,2015,8,26,0.12,0.0803
-144.806,50.084,2015,8,26,0.32,1.274
-89.672,-54.062,2015,8,26,0.18,0.425
-144.803,50.076,2015,8,26,0.38,1.35
-144.598,50.253,2015,8,26,0.28,1.217
-144.252,50.103,2015,8,26,0.65,1.447
-41.826,-42.234,2015,8,26,0.33,0.994
-69.83,39.746,2015,8,26,0.1,0.109
-144.398,50.329,2015,8,26,0.42,2.11
-39.286,59.859,2015,8,26,0.11,0.606
-144.538,50.29,2015,8,26,0.36,1.894
-144.802,50.079,2015,8,26,0.38,2.57
-144.8,50.073,2015,8,26,0.35,1.195
-89.643,-54.067,2015,8,26,0.11,0.245
-144.227,50.029,2015,8,26,0.32,1.159
-144.393,50.319,2015,8,26,0.32,0.756
-41.844,-42.199,2015,8,26,0.29,0.814
-69.804,39.757,2015,8,26,0.12,0.0657
-144.474,50.32,2015,8,26,0.33,0.583
-39.302,59.844,2015,8,27,0.17,1.591
-144.802,50.081,2015,8,27,1.16,1.224
-89.614,-54.057,2015,8,27,0.16,0.389
-144.248,49.982,2015,8,27,0.29,1.332
-144.802,50.08,2015,8,27,0.35,1.416
-69.75,39.816,2015,8,27,0.1,0.124
-41.858,-42.159,2015,8,27,0.25,1.289
-144.27,49.981,2015,8,27,0.24,2.246
-144.349,50.247,2015,8,27,0.27,1.843
-144.403,50.331,2015,8,27,0.29,2.225
-144.391,50.328,2015,8,27,0.27,2.167
-39.292,59.828,2015,8,27,0.13,0.964
-89.602,-54.058,2015,8,27,0.11,0.374
-69.693,39.867,2015,8,27,0.1,0.073
-144.807,50.085,2015,8,27,0.29,1.49
-144.805,50.079,2015,8,27,0.33,1.292
-41.875,-42.126,2015,8,27,0.2,0.619
-144.393,49.981,2015,8,27,0.25,1.195
-69.654,39.881,2015,8,27,0.13,0.0657
-144.284,50.183,2015,8,27,0.24,1.116
-144.358,50.269,2015,8,27,0.33,1.202
-39.29,59.834,2015,8,27,0.18,1.219
-69.643,39.886,2015,8,28,0.1,0.153
-89.638,-54.026,2015,8,28,0.15,0.389
-144.797,50.081,2015,8,28,0.3,0.842
-41.889,-42.093,2015,8,28,0.24,1.174
-144.8,50.079,2015,8,28,0.24,1.321
-144.516,49.99,2015,8,28,0.28,1.138
-144.315,50.213,2015,8,28,0.21,1.771
-69.617,39.89,2015,8,28,0.1,0.0949
-144.241,50.122,2015,8,28,0.21,1.49
-39.336,59.837,2015,8,28,0.16,1.059
-69.607,39.886,2015,8,28,0.17,0.102
-89.632,-54.017,2015,8,28,0.14,0.317
-144.801,50.08,2015,8,28,1.25,1.598
-144.279,50.166,2015,8,28,0.62,1.627
-144.801,50.074,2015,8,28,0.2,1.431
-144.638,50.004,2015,8,28,0.27,1.685
-41.902,-42.05,2015,8,28,0.13,0.418
-89.619,-54.011,2015,8,28,0.15,0.238
-69.596,39.889,2015,8,28,0.12,0.0365
-144.214,50.035,2015,8,28,0.14,0.886
-39.295,59.854,2015,8,28,0.24,0.292
-144.262,50.122,2015,8,28,0.18,0.439
-144.802,50.077,2015,8,28,0.8,0.396
-69.603,39.889,2015,8,29,0.11,0.0949
-144.798,50.083,2015,8,29,0.47,0.365
-144.742,50.041,2015,8,29,0.19,0.497
-89.601,-54.0,2015,8,29,0.59,0.331
-41.92,-42.006,2015,8,29,0.1,1.058
-39.249,59.863,2015,8,29,0.24,1.292
-144.242,49.975,2015,8,29,0.52,1.404
-144.352,50.102,2015,8,29,0.24,1.714
-69.607,39.896,2015,8,29,0.13,0.0803
-144.811,50.077,2015,8,29,0.48,1.8
-144.81,50.08,2015,8,29,0.36,2.117
-144.801,50.078,2015,8,29,0.58,1.204
-89.583,-53.997,2015,8,29,0.11,0.324
-69.605,39.895,2015,8,29,0.11,0.0438
-41.934,-41.955,2015,8,29,0.1,0.425
-39.275,59.862,2015,8,29,0.17,0.453
-144.434,50.083,2015,8,29,0.25,1.346
-144.791,50.076,2015,8,29,0.42,0.648
-69.617,39.898,2015,8,29,0.1,0.073
-89.552,-53.993,2015,8,29,0.14,0.281
-144.8,50.077,2015,8,30,0.53,1.073
-144.52,50.076,2015,8,30,0.6,0.77
-39.291,59.852,2015,8,30,0.23,1.562
-69.614,39.902,2015,8,30,0.12,0.0949
-41.937,-41.906,2015,8,30,0.1,1.066
-144.804,50.081,2015,8,30,0.39,1.836
-144.612,50.059,2015,8,30,0.62,2.203
-89.543,-53.987,2015,8,30,0.1,0.338
-69.619,39.901,2015,8,30,0.1,0.511
-144.8,50.078,2015,8,30,0.28,1.263
-39.29,59.862,2015,8,30,0.16,0.394
-69.62,39.905,2015,8,30,0.1,0.0438
-41.939,-41.858,2015,8,30,0.11,0.598
-144.702,50.047,2015,8,30,0.23,1.915
-69.616,39.908,2015,8,30,0.14,0.0146
-144.803,50.079,2015,8,30,0.3,0.742
-89.535,-53.985,2015,8,30,0.17,0.137
-144.799,50.077,2015,8,30,0.27,0.715
-39.279,59.868,2015,8,31,0.15,1.621
-69.624,39.901,2015,8,31,0.16,0.0876
-144.779,50.07,2015,8,31,0.35,0.763
-69.625,39.902,2015,8,31,0.11,0.0657
-89.51,-53.98,2015,8,31,0.54,0.331
-144.808,50.08,2015,8,31,0.52,2.383
-41.941,-41.809,2015,8,31,0.1,0.979
-144.807,50.081,2015,8,31,0.14,2.722
-39.277,59.86,2015,8,31,0.17,0.774
-69.622,39.9,2015,8,31,0.11,0.0584
-144.801,50.076,2015,8,31,0.22,2.08
-69.626,39.901,2015,8,31,0.11,0.0803
-144.777,50.088,2015,8,31,0.29,2.009
-144.76,50.125,2015,8,31,0.41,2.102
-89.48,-53.971,2015,8,31,0.76,0.158
-144.807,50.075,2015,8,31,0.35,0.648
-69.622,39.906,2015,8,31,0.1,0.0657
-39.293,59.859,2015,8,31,0.21,1.059
-41.94,-41.76,2015,8,31,0.1,0.857
-144.808,50.084,2015,8,31,0.39,0.387
-69.624,39.896,2015,8,31,0.1,0.117
-144.717,50.155,2015,9,1,0.22,0.713
-144.711,50.171,2015,9,1,0.69,0.706
-89.46,-53.97,2015,9,1,0.47,0.346
-69.624,39.897,2015,9,1,0.11,0.109
-39.431,59.938,2015,9,1,0.22,1.234
-144.811,50.071,2015,9,1,0.77,1.793
-69.624,39.897,2015,9,1,0.12,0.0876
-38.995,59.854,2015,9,1,0.46,1.692
-144.806,50.078,2015,9,1,0.33,1.971
-144.661,50.203,2015,9,1,0.58,2.959
-41.932,-41.7,2015,9,1,0.14,0.684
-69.631,39.891,2015,9,1,0.11,0.0584
-144.643,50.212,2015,9,1,0.2,2.693
-89.46,-53.97,2015,9,1,0.13,0.324
-39.516,59.97,2015,9,1,0.2,0.314
-144.803,50.08,2015,9,1,0.29,1.872
-69.624,39.9,2015,9,1,0.12,0.0219
-144.613,50.251,2015,9,1,0.26,0.706
-89.447,-53.973,2015,9,1,0.23,0.23
-41.923,-41.659,2015,9,1,0.17,0.713
-144.799,50.079,2015,9,1,0.34,0.489
-69.612,39.902,2015,9,1,0.1,0.0803
-39.501,59.977,2015,9,1,0.2,1.372
-144.56,50.256,2015,9,2,0.23,0.59
-89.406,-53.983,2015,9,2,0.72,0.338
-144.561,50.287,2015,9,2,0.29,0.763
-144.799,50.08,2015,9,2,0.55,1.577
-69.624,39.892,2015,9,2,0.13,0.102
-144.801,50.08,2015,9,2,0.31,2.898
-41.92,-41.605,2015,9,2,0.34,0.835
-39.499,59.969,2015,9,2,0.15,1.321
-69.622,39.897,2015,9,2,0.12,0.109
-89.376,-53.995,2015,9,2,0.13,0.324
-144.475,50.304,2015,9,2,0.28,2.844
-144.488,50.303,2015,9,2,0.28,2.858
-144.801,50.082,2015,9,2,0.48,2.981
-89.35,-54.0,2015,9,2,0.14,0.302
-69.612,39.897,2015,9,2,0.1,0.0292
-39.499,59.958,2015,9,2,0.17,1.35
-69.607,39.907,2015,9,2,0.14,0.0292
-144.809,50.082,2015,9,2,0.36,0.591
-144.401,50.33,2015,9,2,0.5,0.842
-144.42,50.33,2015,9,2,0.3,0.677
-89.325,-53.996,2015,9,2,0.11,0.144
-41.911,-41.559,2015,9,2,0.21,0.936
-144.399,50.329,2015,9,3,0.34,0.59
-144.807,50.08,2015,9,3,0.31,0.634
-69.617,39.892,2015,9,3,0.15,0.0876
-39.497,59.971,2015,9,3,0.21,1.628
-89.3,-54.002,2015,9,3,0.1,0.396
-144.808,50.076,2015,9,3,0.39,3.278
-69.614,39.898,2015,9,3,0.14,0.109
-144.363,50.269,2015,9,3,0.32,3.564
-144.804,50.074,2015,9,3,0.42,2.88
-41.895,-41.505,2015,9,3,0.19,0.346
-39.497,59.986,2015,9,3,0.22,0.401
-69.613,39.891,2015,9,3,0.1,0.0365
-89.241,-54.006,2015,9,3,0.37,0.317
-144.796,50.076,2015,9,3,0.35,1.818
-144.331,50.22,2015,9,3,0.28,1.462
-144.805,50.074,2015,9,3,0.37,0.655
-69.607,39.897,2015,9,3,0.12,0.0584
-39.494,59.979,2015,9,3,0.21,1.365
-69.606,39.894,2015,9,4,0.12,0.161
-144.31,50.172,2015,9,4,0.48,1.152
-89.171,-54.041,2015,9,4,0.1,0.446
-41.884,-41.452,2015,9,4,0.27,0.979
-144.81,50.083,2015,9,4,0.5,2.949
-69.613,39.891,2015,9,4,0.12,0.0876
-144.807,50.094,2015,9,4,0.4,2.981
-39.502,59.972,2015,9,4,0.12,0.832
-144.271,50.119,2015,9,4,0.41,2.189
-89.074,-54.058,2015,9,4,0.29,0.432
-69.613,39.893,2015,9,4,0.15,0.073
-39.511,59.967,2015,9,4,0.15,0.818
-144.794,50.075,2015,9,4,0.28,2.416
-144.8,50.074,2015,9,4,0.47,2.239
-144.379,50.325,2015,9,4,0.39,2.095
-144.22,49.992,2015,9,4,0.66,1.066
-41.852,-41.398,2015,9,4,0.18,0.562
-69.609,39.887,2015,9,4,0.12,0.0657
-144.227,50.073,2015,9,4,0.54,0.972
-89.001,-54.077,2015,9,4,0.1,0.252
-69.606,39.878,2015,9,5,0.1,0.139
-39.52,59.979,2015,9,5,0.17,1.285
-144.805,50.085,2015,9,5,0.35,3.555
-144.801,50.084,2015,9,5,0.28,3.614
-144.334,50.258,2015,9,5,0.28,2.491
-144.35,49.992,2015,9,5,0.25,2.347
-144.235,50.032,2015,9,5,0.3,2.016
-41.825,-41.331,2015,9,5,0.26,0.886
-69.6,39.881,2015,9,5,0.1,0.139
-88.973,-54.099,2015,9,5,4.41,0.432
-39.513,59.973,2015,9,5,0.1,0.401
-144.241,49.986,2015,9,5,0.32,1.375
-144.292,50.193,2015,9,5,0.39,2.102
-144.8,50.078,2015,9,5,0.39,2.825
-144.801,50.079,2015,9,5,0.27,2.988
-144.475,49.993,2015,9,5,0.37,1.433
-144.25,49.984,2015,9,5,0.26,1.217
-69.609,39.879,2015,9,5,0.1,0.124
-39.527,59.968,2015,9,5,0.15,1.183
-88.958,-54.109,2015,9,5,0.16,0.403
-41.805,-41.285,2015,9,6,0.29,1.109
-69.609,39.876,2015,9,6,0.1,0.175
-144.253,50.126,2015,9,6,0.4,0.9
-144.347,49.997,2015,9,6,1.06,1.08
-144.806,50.08,2015,9,6,0.4,2.555
-144.806,50.079,2015,9,6,0.31,2.642
-144.601,50.005,2015,9,6,0.39,2.441
-88.955,-54.112,2015,9,6,3.7,0.482
-39.536,59.974,2015,9,6,0.1,1.35
-144.238,50.097,2015,9,6,0.3,1.548
-69.582,39.868,2015,9,6,0.1,0.131
-144.436,50.002,2015,9,6,0.61,1.692
-144.237,50.061,2015,9,6,0.24,1.534
-144.797,50.077,2015,9,6,0.28,2.898
-144.796,50.078,2015,9,6,0.31,3.11
-41.78,-41.256,2015,9,6,0.24,0.266
-39.509,59.964,2015,9,6,0.1,0.84
-144.714,50.023,2015,9,6,0.23,3.204
-88.941,-54.115,2015,9,6,0.16,0.158
-69.601,39.857,2015,9,6,0.1,0.0146
-144.52,50.009,2015,9,6,0.45,1.202
-88.931,-54.119,2015,9,6,0.2,0.158
-144.226,49.998,2015,9,7,0.26,0.619
-39.496,59.97,2015,9,7,0.1,1.321
-144.801,50.082,2015,9,7,0.62,1.49
-69.603,39.86,2015,9,7,0.12,0.0803
-144.803,50.082,2015,9,7,0.29,2.394
-39.391,59.896,2015,9,7,2.56,0.907
-144.801,50.073,2015,9,7,0.25,3.866
-144.613,50.018,2015,9,7,0.49,3.038
-144.255,49.983,2015,9,7,0.29,1.649
-41.75,-41.233,2015,9,7,0.26,1.116
-144.797,50.083,2015,9,7,0.22,3.989
-69.621,39.86,2015,9,7,0.1,0.0876
-39.509,59.966,2015,9,7,0.1,0.321
-144.809,50.08,2015,9,7,0.34,3.499
-144.808,50.079,2015,9,7,0.48,2.891
-144.708,50.029,2015,9,7,0.46,3.521
-144.375,49.992,2015,9,7,0.55,1.339
-69.636,39.873,2015,9,7,0.11,0.0146
-39.533,59.953,2015,9,7,0.11,0.854
-144.745,50.157,2015,9,7,0.4,2.578
-41.711,-41.216,2015,9,7,0.27,0.958
-144.783,50.055,2015,9,7,0.23,2.016
-144.801,50.077,2015,9,7,0.44,1.692
-144.805,50.08,2015,9,8,0.43,2.416
-69.618,39.872,2015,9,8,0.11,0.0949
-144.496,50.008,2015,9,8,0.33,1.246
-39.529,59.978,2015,9,8,0.1,1.46
-144.67,50.227,2015,9,8,2.61,4.104
-69.608,39.859,2015,9,8,0.1,0.0657
-144.794,50.078,2015,9,8,0.35,2.369
-144.793,50.07,2015,9,8,0.14,2.066
-41.666,-41.211,2015,9,8,0.24,0.432
-39.532,59.972,2015,9,8,0.1,0.292
-144.616,50.019,2015,9,8,0.11,2.657
-69.63,39.857,2015,9,8,0.1,0.0219
-144.581,50.274,2015,9,8,0.2,1.253
-144.794,50.086,2015,9,8,0.24,0.814
-144.792,50.089,2015,9,8,0.26,0.985
-39.535,59.957,2015,9,9,0.11,1.526
-144.729,50.048,2015,9,9,0.19,0.972
-88.948,-54.049,2015,9,9,0.21,0.382
-88.946,-54.047,2015,9,9,0.38,0.353
-69.64,39.875,2015,9,9,0.1,0.0511
-41.616,-41.205,2015,9,9,0.1,1.195
-88.945,-54.046,2015,9,9,0.55,0.367
-144.492,50.313,2015,9,9,0.21,2.952
-39.497,59.969,2015,9,9,0.12,1.161
-144.813,50.074,2015,9,9,0.24,3.031
-144.813,50.078,2015,9,9,0.27,3.037
-69.623,39.875,2015,9,9,0.11,0.0657
-88.997,-54.062,2015,9,9,0.21,0.31
-69.621,39.867,2015,9,9,0.12,0.0146
-39.533,59.967,2015,9,9,0.1,1.307
-41.544,-41.193,2015,9,9,0.13,0.533
-144.787,50.082,2015,9,9,0.19,1.526
-144.392,50.333,2015,9,9,0.24,1.166
-144.788,50.072,2015,9,9,0.2,1.358
-88.992,-54.06,2015,9,9,0.18,0.252
-69.626,39.875,2015,9,10,0.12,0.073
-39.548,59.966,2015,9,10,0.1,1.402
-144.399,50.333,2015,9,10,0.3,3.312
-69.617,39.866,2015,9,10,0.1,0.0438
-144.807,50.083,2015,9,10,0.15,3.276
-144.388,50.329,2015,9,10,0.14,3.334
-41.479,-41.224,2015,9,10,0.14,1.116
-144.807,50.088,2015,9,10,0.24,3.037
-88.972,-54.069,2015,9,10,0.28,0.331
-39.524,59.965,2015,9,10,0.1,0.285
-69.609,39.864,2015,9,10,0.1,0.073
-88.958,-54.064,2015,9,10,0.35,0.151
-144.806,50.077,2015,9,10,0.14,1.246
-144.804,50.084,2015,9,10,0.19,0.825
-144.332,50.259,2015,9,10,0.47,1.181
-39.535,59.966,2015,9,10,0.11,1.482
-69.609,39.861,2015,9,10,0.1,0.073
-41.384,-41.269,2015,9,10,0.13,0.979
-88.939,-54.065,2015,9,11,0.35,0.353
-144.811,50.081,2015,9,11,0.22,3.175
-69.6,39.862,2015,9,11,0.1,0.0803
-144.807,50.079,2015,9,11,0.32,3.256
-39.496,59.975,2015,9,11,0.14,1.467
-144.278,50.191,2015,9,11,0.21,2.441
-69.586,39.867,2015,9,11,0.11,0.0511
-41.263,-41.329,2015,9,11,0.1,0.331
-88.924,-54.06,2015,9,11,0.41,0.302
-39.509,59.974,2015,9,11,0.14,0.898
-144.8,50.077,2015,9,11,0.25,1.908
-144.796,50.076,2015,9,11,0.36,1.467
-144.239,50.126,2015,9,11,0.26,0.41
-69.595,39.858,2015,9,11,0.13,0.146
-39.558,59.964,2015,9,12,0.11,1.497
-144.8,50.085,2015,9,12,0.35,2.837
-88.881,-54.043,2015,9,12,0.49,0.346
-41.16,-41.394,2015,9,12,0.1,1.044
-144.806,50.087,2015,9,12,0.41,3.051
-69.593,39.865,2015,9,12,0.2,0.117
-144.214,50.062,2015,9,12,0.42,1.13
-39.546,59.959,2015,9,12,0.1,0.409
-69.593,39.865,2015,9,12,0.11,0.073
-144.818,50.074,2015,9,12,0.34,2.65
-88.873,-54.023,2015,9,12,0.46,0.137
-144.81,50.084,2015,9,12,0.41,1.037
-41.068,-41.464,2015,9,12,0.1,0.511
-144.227,49.996,2015,9,12,0.34,0.295
-69.603,39.862,2015,9,12,0.27,0.117
-39.513,59.98,2015,9,12,0.11,1.409
-88.878,-54.012,2015,9,12,0.29,0.295
-144.793,50.072,2015,9,13,0.46,1.562
-144.816,50.073,2015,9,13,0.43,2.884
-39.521,59.988,2015,9,13,0.16,1.299
-40.98,-41.536,2015,9,13,0.1,0.979
-69.46,39.835,2015,9,13,0.1,0.124
-144.802,50.086,2015,9,13,0.42,2.254
-88.735,-53.936,2015,9,13,0.14,0.223
-39.531,59.972,2015,9,13,0.16,0.234
-144.815,50.049,2015,9,13,0.43,0.876
-69.52,39.803,2015,9,13,0.13,0.175
-40.899,-41.605,2015,9,14,0.14,1.066
-144.809,50.078,2015,9,14,0.38,0.958
-39.54,59.97,2015,9,14,0.14,1.27
-88.793,-53.929,2015,9,14,0.92,0.403
-144.819,50.074,2015,9,14,0.41,2.394
-69.545,39.812,2015,9,14,0.12,0.124
-39.543,59.977,2015,9,14,0.16,1.161
-144.803,50.074,2015,9,14,0.35,2.419
-144.803,50.077,2015,9,14,0.45,2.365
-88.833,-53.921,2015,9,14,0.52,0.353
-40.826,-41.667,2015,9,14,0.15,0.403
-69.58,39.839,2015,9,14,0.1,0.0657
-39.522,59.979,2015,9,14,0.22,1.365
-144.789,50.076,2015,9,14,0.28,1.555
-144.793,50.082,2015,9,14,0.51,1.584
-69.618,39.864,2015,9,15,0.11,0.219
-88.878,-53.905,2015,9,15,0.19,0.389
-40.751,-41.736,2015,9,15,0.17,0.842
-39.528,59.97,2015,9,15,0.25,1.292
-69.656,39.882,2015,9,15,0.1,0.19
-144.81,50.086,2015,9,15,0.22,2.372
-144.806,50.083,2015,9,15,0.2,2.311
-88.911,-53.875,2015,9,15,0.13,0.238
-69.683,39.898,2015,9,15,0.1,0.073
-39.538,59.971,2015,9,15,0.23,0.431
-88.921,-53.863,2015,9,15,0.47,0.158
-69.671,39.904,2015,9,15,0.12,0.504
-88.929,-53.852,2015,9,15,0.16,0.166
-40.689,-41.812,2015,9,15,0.55,0.626
-144.807,50.081,2015,9,15,0.24,0.533
-144.814,50.08,2015,9,15,0.19,0.554
-144.852,50.073,2015,9,15,0.11,0.554
-88.929,-53.844,2015,9,15,0.19,0.317
-69.692,39.905,2015,9,15,0.1,0.153
-88.939,-53.84,2015,9,16,0.18,0.504
-39.534,59.973,2015,9,16,0.26,1.445
-69.697,39.919,2015,9,16,0.1,0.161
-69.689,39.916,2015,9,16,0.1,0.139
-88.953,-53.83,2015,9,16,0.19,0.504
-69.692,39.915,2015,9,16,0.1,0.146
-69.694,39.914,2015,9,16,0.11,0.146
-144.802,50.074,2015,9,16,0.18,2.219
-88.963,-53.812,2015,9,16,0.53,0.54
-144.823,50.069,2015,9,16,0.53,2.124
-39.516,59.978,2015,9,16,0.17,0.715
-69.705,39.908,2015,9,16,0.1,0.124
-40.66,-41.887,2015,9,16,0.1,0.72
-88.963,-53.8,2015,9,16,0.24,0.475
-69.721,39.908,2015,9,16,0.1,0.0365
-69.727,39.907,2015,9,16,0.1,0.0365
-88.973,-53.801,2015,9,16,0.29,0.259
-69.726,39.907,2015,9,16,0.1,0.073
-39.523,59.977,2015,9,16,0.17,1.234
-144.798,50.078,2015,9,16,0.19,0.664
-144.799,50.086,2015,9,16,0.45,0.626
-69.735,39.9,2015,9,16,0.11,0.168
-89.005,-53.807,2015,9,16,0.31,0.454
-69.751,39.904,2015,9,17,0.1,0.131
-40.634,-41.933,2015,9,17,0.1,1.015
-89.039,-53.799,2015,9,17,0.26,0.598
-69.761,39.905,2015,9,17,0.11,0.183
-39.53,59.971,2015,9,17,0.12,1.226
-69.766,39.903,2015,9,17,0.1,0.139
-144.814,50.088,2015,9,17,0.38,2.438
-144.816,50.084,2015,9,17,0.16,2.376
-89.074,-53.789,2015,9,17,0.28,0.576
-69.768,39.899,2015,9,17,0.12,0.153
-69.779,39.898,2015,9,17,0.11,0.161
-39.525,59.977,2015,9,17,0.11,1.095
-89.101,-53.775,2015,9,17,0.25,0.374
-40.602,-41.959,2015,9,17,0.35,0.317
-69.787,39.902,2015,9,17,0.13,0.0292
-144.804,50.075,2015,9,17,0.17,1.073
-144.804,50.073,2015,9,17,0.44,1.051
-144.276,49.972,2015,9,17,0.21,0.677
-89.13,-53.754,2015,9,17,0.23,0.252
-69.792,39.901,2015,9,17,0.11,0.0657
-39.512,59.987,2015,9,18,0.1,1.628
-89.161,-53.738,2015,9,18,0.43,0.576
-69.796,39.903,2015,9,18,0.1,0.102
-144.826,50.087,2015,9,18,0.1,1.908
-69.801,39.908,2015,9,18,0.11,0.124
-144.791,50.077,2015,9,18,0.17,2.146
-144.794,50.079,2015,9,18,0.16,2.11
-89.192,-53.712,2015,9,18,0.36,0.583
-144.396,49.972,2015,9,18,0.63,2.621
-40.569,-41.972,2015,9,18,0.13,1.073
-39.513,59.978,2015,9,18,0.1,1.226
-69.802,39.906,2015,9,18,0.14,0.124
-89.228,-53.686,2015,9,18,0.29,0.619
-144.763,50.154,2015,9,18,0.11,2.426
-69.816,39.906,2015,9,18,0.15,0.0657
-89.255,-53.663,2015,9,18,0.44,0.194
-144.797,50.079,2015,9,18,0.16,1.482
-144.796,50.081,2015,9,18,0.47,1.786
-69.825,39.906,2015,9,18,0.11,0.0511
-39.53,59.964,2015,9,18,0.11,1.321
-144.519,49.99,2015,9,18,0.1,1.332
-89.293,-53.624,2015,9,18,0.26,0.23
-69.823,39.906,2015,9,18,0.1,0.109
-40.63,-42.016,2015,9,18,0.17,1.087
-89.3,-53.616,2015,9,18,0.23,0.446
-144.8,50.092,2015,9,18,0.15,0.598
-144.679,50.206,2015,9,19,0.43,0.677
-89.308,-53.609,2015,9,19,0.31,0.655
-39.537,59.971,2015,9,19,0.12,1.35
-69.834,39.903,2015,9,19,0.1,0.139
-89.315,-53.598,2015,9,19,0.27,0.605
-144.81,50.085,2015,9,19,0.44,2.081
-144.809,50.085,2015,9,19,0.44,2.066
-39.509,59.974,2015,9,19,0.1,1.234
-69.846,39.907,2015,9,19,0.16,0.131
-144.65,50.008,2015,9,19,0.16,2.059
-144.754,50.13,2015,9,19,0.22,2.671
-89.337,-53.568,2015,9,19,0.27,0.598
-144.603,50.258,2015,9,19,0.17,1.951
-69.851,39.908,2015,9,19,0.19,0.073
-89.346,-53.541,2015,9,19,0.43,0.634
-40.723,-42.045,2015,9,19,0.2,0.583
-144.805,50.076,2015,9,19,0.28,1.404
-69.851,39.908,2015,9,19,0.11,0.0438
-39.541,59.956,2015,9,19,0.1,0.475
-144.802,50.081,2015,9,19,0.34,1.307
-144.703,50.172,2015,9,19,0.24,2.153
-89.353,-53.519,2015,9,19,0.5,0.187
-89.353,-53.507,2015,9,19,0.28,0.166
-144.763,50.037,2015,9,19,0.17,0.475
-69.848,39.904,2015,9,19,0.16,0.0803
-39.497,59.971,2015,9,19,0.1,1.402
-144.515,50.308,2015,9,19,0.26,0.922
-89.335,-53.488,2015,9,19,0.26,0.518
-144.651,50.213,2015,9,20,0.31,1.138
-69.851,39.904,2015,9,20,0.14,0.117
-144.801,50.076,2015,9,20,0.58,1.181
-39.539,59.791,2015,9,20,0.27,1.577
-39.531,59.971,2015,9,20,0.13,1.504
-144.8,50.075,2015,9,20,0.38,1.372
-40.819,-42.068,2015,9,20,0.16,0.806
-89.315,-53.476,2015,9,20,0.36,0.634
-69.85,39.907,2015,9,20,0.15,0.168
-144.783,50.076,2015,9,20,0.22,2.16
-144.419,50.334,2015,9,20,0.46,3.06
-144.6,50.251,2015,9,20,0.42,2.052
-89.295,-53.468,2015,9,20,0.56,0.634
-69.851,39.905,2015,9,20,0.12,0.109
-39.514,59.971,2015,9,20,0.1,0.343
-144.796,50.081,2015,9,20,0.31,1.49
-144.8,50.077,2015,9,20,0.29,1.453
-144.384,50.314,2015,9,20,0.2,2.462
-89.271,-53.461,2015,9,20,0.3,0.302
-69.853,39.905,2015,9,20,0.15,0.0876
-40.91,-42.081,2015,9,20,0.14,0.482
-144.541,50.287,2015,9,20,0.25,0.958
-144.732,50.137,2015,9,20,0.23,1.174
-89.252,-53.451,2015,9,20,0.32,0.166
-69.852,39.9,2015,9,20,0.1,0.0876
-39.527,59.973,2015,9,20,0.11,1.402
-144.812,50.078,2015,9,21,0.49,0.432
-89.212,-53.447,2015,9,21,0.49,0.677
-144.334,50.242,2015,9,21,0.28,0.778
-69.858,39.896,2015,9,21,0.1,0.131
-144.805,50.081,2015,9,21,0.43,0.723
-144.479,50.315,2015,9,21,0.59,1.512
-89.185,-53.46,2015,9,21,0.29,0.648
-39.529,59.967,2015,9,21,0.11,1.256
-144.686,50.202,2015,9,21,0.48,2.614
-69.867,39.9,2015,9,21,0.1,0.117
-40.981,-42.085,2015,9,21,0.29,0.936
-144.798,50.074,2015,9,21,0.25,1.656
-89.193,-53.477,2015,9,21,0.28,0.612
-144.282,50.169,2015,9,21,0.46,1.505
-144.402,50.335,2015,9,21,0.21,2.664
-144.797,50.07,2015,9,21,0.26,1.431
-69.882,39.898,2015,9,21,0.11,0.0657
-144.385,50.326,2015,9,21,0.2,2.664
-89.214,-53.481,2015,9,21,0.28,0.281
-39.506,59.966,2015,9,21,0.13,1.153
-144.611,50.251,2015,9,21,0.2,0.814
-69.898,39.901,2015,9,21,0.1,0.139
-89.227,-53.464,2015,9,21,0.37,0.23
-144.802,50.079,2015,9,21,1.57,0.41
-144.244,50.1,2015,9,21,0.47,0.41
-41.03,-42.088,2015,9,22,0.63,1.001
-144.34,50.27,2015,9,22,0.17,1.116
-69.896,39.898,2015,9,22,0.1,0.124
-144.8,50.081,2015,9,22,0.45,0.591
-39.509,59.973,2015,9,22,0.1,1.263
-89.238,-53.441,2015,9,22,0.59,0.77
-69.917,39.9,2015,9,22,0.1,0.153
-144.532,50.297,2015,9,22,0.45,2.736
-89.225,-53.42,2015,9,22,0.25,0.713
-144.806,50.08,2015,9,22,0.38,2.714
-144.321,50.222,2015,9,22,0.72,3.017
-144.237,50.023,2015,9,22,0.19,1.728
-39.521,59.964,2015,9,22,0.1,0.759
-69.944,39.901,2015,9,22,0.1,0.0438
-144.801,50.076,2015,9,22,0.24,1.781
-89.142,-53.409,2015,9,22,0.19,0.418
-41.05,-42.095,2015,9,22,0.41,0.31
-69.962,39.899,2015,9,22,0.1,0.0584
-144.428,50.33,2015,9,22,0.15,1.548
-144.288,50.17,2015,9,22,0.12,1.044
-89.118,-53.421,2015,9,22,0.14,0.173
-144.796,50.077,2015,9,22,0.16,0.468
-144.243,49.972,2015,9,22,0.13,0.619
-69.965,39.902,2015,9,22,0.1,0.204
-39.54,59.963,2015,9,22,0.1,1.431
-144.386,50.326,2015,9,22,0.12,0.742
-144.806,50.081,2015,9,23,0.25,0.555
-69.97,39.898,2015,9,23,0.11,0.183
-89.074,-53.434,2015,9,23,0.32,0.727
-144.265,50.119,2015,9,23,0.36,0.626
-69.984,39.894,2015,9,23,0.12,0.146
-39.519,59.967,2015,9,23,0.1,1.497
-89.076,-53.446,2015,9,23,0.11,0.842
-144.807,50.082,2015,9,23,0.22,1.865
-144.366,49.979,2015,9,23,0.29,1.678
-41.058,-42.099,2015,9,23,0.21,0.821
-69.99,39.897,2015,9,23,0.1,0.124
-89.077,-53.459,2015,9,23,0.13,0.835
-144.803,50.076,2015,9,23,0.15,2.132
-144.325,50.258,2015,9,23,0.1,2.815
-144.237,50.062,2015,9,23,0.11,1.44
-70.003,39.9,2015,9,23,0.1,0.0657
-39.52,59.964,2015,9,23,0.1,0.321
-89.075,-53.472,2015,9,23,0.1,0.382
-144.494,49.993,2015,9,23,0.36,0.684
-70.01,39.9,2015,9,23,0.1,0.0803
-144.797,50.077,2015,9,23,0.14,0.547
-144.233,50.015,2015,9,23,0.11,0.446
-89.075,-53.487,2015,9,23,0.34,0.202
-144.795,50.085,2015,9,23,0.15,0.431
-41.106,-42.112,2015,9,23,0.24,0.958
-144.278,50.189,2015,9,23,0.65,0.367
-70.038,39.905,2015,9,24,0.1,0.19
-39.513,59.961,2015,9,24,0.11,1.905
-89.064,-53.503,2015,9,24,0.11,0.72
-70.053,39.911,2015,9,24,0.1,0.161
-144.616,50.015,2015,9,24,0.17,0.972
-144.257,49.968,2015,9,24,0.82,2.174
-144.812,50.086,2015,9,24,0.65,2.052
-70.066,39.915,2015,9,24,0.14,0.153
-144.25,49.971,2015,9,24,0.56,2.506
-39.565,59.961,2015,9,24,0.1,0.891
-144.809,50.08,2015,9,24,0.36,1.606
-144.238,50.119,2015,9,24,0.18,2.131
-70.076,39.921,2015,9,24,0.11,0.197
-89.048,-53.544,2015,9,24,0.2,0.612
-144.725,50.041,2015,9,24,0.15,1.584
-41.16,-42.124,2015,9,24,0.28,0.216
-144.796,50.077,2015,9,24,0.2,1.109
-144.342,49.973,2015,9,24,0.17,1.469
-89.037,-53.563,2015,9,24,0.12,0.173
-70.094,39.929,2015,9,24,0.1,0.073
-39.539,59.959,2015,9,24,0.1,1.445
-144.786,50.072,2015,9,24,0.22,0.475
-70.04,39.935,2015,9,24,0.1,0.19
-144.215,50.044,2015,9,24,0.22,0.511
-89.024,-53.576,2015,9,25,0.42,0.713
-69.991,39.939,2015,9,25,0.1,0.139
-144.809,50.086,2015,9,25,0.24,1.764
-144.431,49.984,2015,9,25,0.46,1.21
-144.805,50.082,2015,9,25,0.31,1.757
-69.954,39.932,2015,9,25,0.1,0.153
-41.202,-42.122,2015,9,25,0.22,0.871
-39.533,59.973,2015,9,25,0.1,1.635
-89.02,-53.585,2015,9,25,0.1,0.677
-69.922,39.938,2015,9,25,0.1,0.131
-144.804,50.081,2015,9,25,0.27,1.927
-144.233,49.979,2015,9,25,0.36,2.189
-144.523,50.002,2015,9,25,0.27,1.634
-69.892,39.949,2015,9,25,0.1,0.0876
-144.753,50.151,2015,9,25,0.32,1.879
-89.006,-53.608,2015,9,25,0.11,0.59
-69.869,39.948,2015,9,25,0.12,0.0657
-144.266,49.968,2015,9,25,0.22,1.843
-39.506,59.968,2015,9,25,0.11,0.401
-144.807,50.081,2015,9,25,0.32,2.088
-69.854,39.936,2015,9,25,0.1,0.0657
-89.005,-53.618,2015,9,25,0.14,0.18
-69.882,39.934,2015,9,25,0.1,0.0803
-144.797,50.08,2015,9,25,0.5,0.445
-144.611,50.022,2015,9,25,0.3,0.446
-69.911,39.941,2015,9,25,0.1,0.161
-41.23,-42.104,2015,9,25,0.19,0.857
-89.015,-53.628,2015,9,25,0.15,0.425
-69.932,39.947,2015,9,26,0.1,0.204
-39.498,59.971,2015,9,26,0.1,1.577
-144.67,50.208,2015,9,26,0.85,0.468
-144.389,49.964,2015,9,26,0.29,0.389
-69.951,39.946,2015,9,26,0.1,0.161
-144.805,50.074,2015,9,26,0.35,1.534
-144.71,50.033,2015,9,26,1.24,1.253
-69.97,39.938,2015,9,26,0.1,0.131
-144.807,50.083,2015,9,26,0.38,1.679
-70.0,39.941,2015,9,26,0.11,0.131
-39.544,59.978,2015,9,26,0.11,1.007
-144.589,50.262,2015,9,26,0.31,2.527
-70.023,39.952,2015,9,26,0.1,0.117
-41.228,-42.084,2015,9,26,0.23,0.295
-89.061,-53.682,2015,9,26,0.1,0.72
-144.517,49.978,2015,9,26,0.36,1.404
-144.782,50.058,2015,9,26,0.32,1.634
-70.036,39.957,2015,9,26,0.1,0.0803
-144.8,50.079,2015,9,26,0.47,1.49
-89.06,-53.682,2015,9,26,0.11,0.252
-70.05,39.956,2015,9,26,0.1,0.0876
-89.07,-53.688,2015,9,26,0.1,0.144
-70.066,39.951,2015,9,26,0.1,0.102
-39.562,59.967,2015,9,26,0.11,1.497
-144.804,50.079,2015,9,26,0.39,0.445
-144.809,50.095,2015,9,26,0.31,0.583
-144.491,50.306,2015,9,26,0.36,0.54
-70.081,39.952,2015,9,26,0.1,0.19
-89.081,-53.691,2015,9,26,0.1,0.425
-70.092,39.959,2015,9,27,0.1,0.19
-144.793,50.08,2015,9,27,0.68,1.31
-144.639,50.007,2015,9,27,0.32,1.505
-89.092,-53.692,2015,9,27,0.12,0.835
-70.105,39.964,2015,9,27,0.1,0.27
-41.217,-42.068,2015,9,27,0.28,1.022
-39.521,59.953,2015,9,27,0.11,1.153
-144.765,50.135,2015,9,27,0.44,1.188
-144.802,50.081,2015,9,27,0.39,1.759
-70.123,39.965,2015,9,27,0.1,0.226
-144.398,50.329,2015,9,27,0.33,2.894
-70.139,39.969,2015,9,27,0.1,0.292
-70.151,39.976,2015,9,27,0.1,0.131
-144.807,50.082,2015,9,27,0.34,1.699
-144.75,50.035,2015,9,27,0.49,1.267
-39.528,59.952,2015,9,27,0.1,0.365
-144.713,50.183,2015,9,27,0.4,1.85
-70.162,39.982,2015,9,27,0.1,0.0657
-89.167,-53.708,2015,9,27,0.1,0.216
-144.8,50.081,2015,9,27,0.37,0.496
-70.178,39.986,2015,9,27,0.1,0.117
-41.208,-42.053,2015,9,27,0.27,0.641
-89.183,-53.714,2015,9,27,0.11,0.173
-70.21,40.0,2015,9,27,0.1,0.234
-144.655,50.224,2015,9,27,0.3,0.648
-39.532,59.956,2015,9,28,0.12,1.562
-144.797,50.077,2015,9,28,0.52,0.907
-89.206,-53.719,2015,9,28,0.13,0.734
-144.797,50.081,2015,9,28,0.29,0.792
-70.223,40.006,2015,9,28,0.11,0.197
-70.229,40.008,2015,9,28,0.1,0.234
-144.807,50.081,2015,9,28,0.37,3.322
-144.587,50.258,2015,9,28,0.65,3.002
-70.245,40.01,2015,9,28,0.1,0.226
-39.542,59.958,2015,9,28,0.14,1.423
-70.262,40.02,2015,9,28,0.1,0.212
-41.21,-42.041,2015,9,28,0.16,0.54
-144.802,50.081,2015,9,28,0.86,1.872
-70.275,40.031,2015,9,28,0.1,0.0949
-144.8,50.081,2015,9,28,0.47,1.814
-89.238,-53.76,2015,9,28,0.1,0.626
-70.285,40.037,2015,9,28,0.1,0.0657
-144.529,50.292,2015,9,28,0.24,2.34
-144.81,50.073,2015,9,28,0.35,1.358
-70.296,40.039,2015,9,28,0.1,0.073
-144.386,50.317,2015,9,28,0.53,2.462
-39.57,59.967,2015,9,28,0.1,0.613
-89.241,-53.752,2015,9,28,0.1,0.31
-70.312,40.042,2015,9,28,0.1,0.102
-144.808,50.091,2015,9,28,0.42,1.13
-70.327,40.05,2015,9,28,0.17,0.139
-144.795,50.085,2015,9,28,0.55,0.799
-70.338,40.062,2015,9,28,0.19,0.146
-89.247,-53.746,2015,9,28,0.43,0.468
-70.346,40.068,2015,9,29,0.1,0.139
-144.456,50.326,2015,9,29,0.4,1.843
-41.203,-42.042,2015,9,29,0.1,1.094
-70.354,40.072,2015,9,29,0.1,0.117
-39.568,59.952,2015,9,29,0.1,1.686
-144.794,50.078,2015,9,29,0.25,1.591
-144.345,50.251,2015,9,29,0.17,2.326
-89.258,-53.745,2015,9,29,0.33,0.742
-70.363,40.076,2015,9,29,0.1,0.109
-70.373,40.078,2015,9,29,0.1,0.117
-70.385,40.084,2015,9,29,0.13,0.117
-144.76,50.161,2015,9,29,0.16,1.483
-89.281,-53.745,2015,9,29,0.22,0.691
-39.567,59.878,2015,9,29,0.14,1.786
-144.802,50.08,2015,9,29,0.46,1.656
-144.39,50.331,2015,9,29,0.43,3.218
-70.407,40.087,2015,9,29,0.1,0.139
-70.425,40.089,2015,9,29,0.1,0.153
-70.437,40.09,2015,9,29,0.1,0.139
-39.581,59.935,2015,9,29,0.1,0.555
-89.31,-53.734,2015,9,29,0.46,0.425
-144.707,50.204,2015,9,29,0.27,2.131
-70.447,40.088,2015,9,29,0.13,0.0657
-144.791,50.082,2015,9,29,0.27,1.511
-144.295,50.182,2015,9,29,0.14,2.138
-70.453,40.084,2015,9,29,0.11,0.0292
-70.462,40.079,2015,9,29,0.11,0.0584
-41.189,-42.037,2015,9,29,0.1,0.396
-89.339,-53.713,2015,9,29,0.12,0.18
-70.477,40.074,2015,9,29,0.1,0.0511
-144.666,50.23,2015,9,29,0.12,0.821
-144.802,50.077,2015,9,29,0.16,0.418
-70.494,40.073,2015,9,29,0.1,0.0949
-39.579,59.931,2015,9,29,0.15,1.927
-70.508,40.076,2015,9,29,0.1,0.124
-89.365,-53.68,2015,9,29,0.56,0.367
-70.518,40.076,2015,9,30,0.15,0.153
-144.259,50.109,2015,9,30,0.53,0.756
-70.523,40.075,2015,9,30,0.1,0.102
-144.811,50.084,2015,9,30,0.3,1.715
-70.526,40.071,2015,9,30,0.1,0.109
-89.385,-53.633,2015,9,30,0.17,0.734
-70.529,40.068,2015,9,30,0.1,0.102
-70.533,40.064,2015,9,30,0.11,0.102
-39.587,59.934,2015,9,30,0.13,1.898
-144.804,50.084,2015,9,30,0.53,1.613
-144.584,50.29,2015,9,30,0.55,3.096
-70.541,40.062,2015,9,30,0.1,0.109
-41.174,-42.036,2015,9,30,0.1,0.828
-89.389,-53.59,2015,9,30,0.35,0.72
-70.549,40.064,2015,9,30,0.21,0.0803
-70.554,40.068,2015,9,30,0.12,0.124
-144.229,50.035,2015,9,30,0.23,1.426
-70.555,40.07,2015,9,30,0.13,0.131
-70.555,40.07,2015,9,30,0.11,0.102
-144.808,50.074,2015,9,30,0.28,1.511
-144.401,50.316,2015,9,30,0.17,2.714
-89.387,-53.56,2015,9,30,0.46,0.194
-70.551,40.07,2015,9,30,0.11,0.146
-70.55,40.068,2015,9,30,0.11,0.131
-39.596,59.914,2015,9,30,0.14,1.745
-70.546,40.066,2015,9,30,0.16,0.183
-144.82,50.084,2015,9,30,0.24,0.518
-89.384,-53.546,2015,9,30,0.18,0.158
-70.545,40.063,2015,9,30,0.11,0.219
-144.491,50.333,2015,9,30,0.41,0.814
-70.548,40.062,2015,9,30,0.11,0.175
-144.248,49.981,2015,9,30,0.24,0.677
-144.375,50.266,2015,9,30,0.22,1.008
-70.554,40.061,2015,9,30,0.12,0.27
-70.558,40.061,2015,10,1,0.1,0.248
-89.396,-53.534,2015,10,1,0.32,0.583
-41.16,-42.031,2015,10,1,0.1,0.936
-144.796,50.079,2015,10,1,0.31,0.869
-144.26,49.98,2015,10,1,0.29,0.77
-70.561,40.058,2015,10,1,0.1,0.292
-39.593,59.888,2015,10,1,0.17,1.723
-70.565,40.052,2015,10,1,0.1,0.423
-70.571,40.047,2015,10,1,0.11,0.234
-89.42,-53.511,2015,10,1,0.43,0.763
-144.814,50.069,2015,10,1,0.81,2.146
-70.579,40.04,2015,10,1,0.13,0.241
-144.348,50.21,2015,10,1,0.64,3.218
-144.401,50.333,2015,10,1,0.57,2.65
-70.592,40.035,2015,10,1,0.11,0.241
-39.582,59.879,2015,10,1,0.19,1.285
-89.447,-53.487,2015,10,1,0.59,0.734
-70.609,40.033,2015,10,1,0.12,0.234
-144.403,49.983,2015,10,1,0.62,1.375
-144.798,50.085,2015,10,1,0.44,1.0
-70.625,40.033,2015,10,1,0.11,0.19
-39.579,59.864,2015,10,1,0.39,0.358
-70.637,40.032,2015,10,1,0.1,0.226
-89.472,-53.451,2015,10,1,0.1,0.54
-41.13,-42.037,2015,10,1,0.18,0.216
-144.79,50.089,2015,10,1,0.35,1.152
-144.307,50.169,2015,10,1,0.86,1.706
-70.645,40.028,2015,10,1,0.1,0.183
-70.653,40.022,2015,10,1,0.1,0.336
-70.665,40.014,2015,10,1,0.11,0.292
-144.545,50.002,2015,10,1,0.48,0.425
-89.487,-53.433,2015,10,1,0.11,0.526
-70.683,40.011,2015,10,1,0.13,0.365
-39.555,59.87,2015,10,1,0.21,1.299
-144.815,50.077,2015,10,1,0.41,0.343
-144.404,50.338,2015,10,2,0.47,0.979
-144.297,50.12,2015,10,2,0.34,0.583
-89.494,-53.42,2015,10,2,0.46,0.641
-70.702,40.009,2015,10,2,0.1,0.365
-144.809,50.083,2015,10,2,0.54,1.404
-70.715,40.008,2015,10,2,0.11,0.321
-70.72,40.003,2015,10,2,0.11,0.307
-41.097,-42.056,2015,10,2,0.23,1.03
-39.606,59.903,2015,10,2,0.2,1.204
-144.672,50.033,2015,10,2,0.78,1.642
-70.726,39.995,2015,10,2,0.12,0.292
-144.258,50.063,2015,10,2,0.7,1.793
-144.801,50.072,2015,10,2,0.8,1.672
-70.731,39.992,2015,10,2,0.14,0.277
-144.344,50.268,2015,10,2,0.63,2.556
-89.475,-53.306,2015,10,2,0.1,0.281
-144.81,50.078,2015,10,2,0.64,1.39
-70.728,39.986,2015,10,2,0.1,0.292
-39.661,59.916,2015,10,2,0.26,0.423
-144.245,50.018,2015,10,2,0.58,0.936
-70.716,39.98,2015,10,2,0.1,0.387
-144.793,50.075,2015,10,2,0.66,0.792
-89.51,-53.269,2015,10,2,0.11,0.166
-144.791,50.092,2015,10,2,0.44,0.548
-70.706,39.968,2015,10,2,0.1,0.372
-41.068,-42.075,2015,10,2,0.15,1.296
-144.799,50.098,2015,10,3,0.42,0.482
-144.286,50.206,2015,10,3,0.41,0.461
-89.533,-53.239,2015,10,3,0.1,0.72
-144.807,50.078,2015,10,3,0.41,0.958
-70.696,39.959,2015,10,3,0.1,0.38
-39.694,59.931,2015,10,3,0.1,1.394
-144.262,49.979,2015,10,3,0.68,1.361
-89.543,-53.203,2015,10,3,0.4,0.77
-70.673,39.952,2015,10,3,0.12,0.372
-144.805,50.093,2015,10,3,0.4,2.095
-70.643,39.939,2015,10,3,0.1,0.277
-144.738,50.174,2015,10,3,0.32,2.081
-89.534,-53.171,2015,10,3,0.16,0.785
-144.244,50.153,2015,10,3,0.77,1.735
-144.353,49.997,2015,10,3,0.48,2.441
-39.711,59.948,2015,10,3,0.12,0.423
-144.791,50.08,2015,10,3,0.64,1.699
-70.617,39.926,2015,10,3,0.1,0.212
-41.045,-42.109,2015,10,3,0.13,0.454
-89.514,-53.142,2015,10,3,0.13,0.18
-70.584,39.907,2015,10,3,0.1,0.358
-144.457,50.004,2015,10,3,0.33,0.864
-144.813,50.083,2015,10,3,0.45,0.978
-89.473,-53.127,2015,10,3,0.1,0.18
-39.679,59.969,2015,10,3,0.12,1.679
-144.655,50.237,2015,10,3,0.34,0.54
-144.222,50.094,2015,10,3,0.33,0.641
-144.81,50.091,2015,10,4,0.33,1.159
-70.564,39.881,2015,10,4,0.13,0.343
-89.421,-53.125,2015,10,4,0.1,0.77
-144.546,50.024,2015,10,4,0.31,1.973
-41.025,-42.148,2015,10,4,0.22,0.972
-39.619,59.99,2015,10,4,0.1,1.504
-89.397,-53.136,2015,10,4,0.39,0.763
-70.54,39.854,2015,10,4,0.11,0.35
-144.803,50.074,2015,10,4,0.41,1.876
-144.56,50.281,2015,10,4,0.65,1.541
-144.81,50.076,2015,10,4,0.31,1.742
-144.224,50.024,2015,10,4,0.49,1.562
-89.391,-53.155,2015,10,4,0.13,0.677
-144.652,50.039,2015,10,4,0.43,1.282
-39.531,59.992,2015,10,4,0.11,0.518
-89.408,-53.16,2015,10,4,0.11,0.194
-70.537,39.829,2015,10,4,0.13,0.226
-144.466,50.322,2015,10,4,0.28,1.246
-144.792,50.085,2015,10,4,0.34,0.372
-144.794,50.079,2015,10,4,0.3,0.475
-89.447,-53.16,2015,10,4,0.1,0.346
-41.011,-42.183,2015,10,4,0.31,1.094
-144.744,50.053,2015,10,4,0.25,0.425
-144.239,49.978,2015,10,5,0.27,0.662
-39.468,59.995,2015,10,5,0.11,1.803
-70.53,39.81,2015,10,5,0.11,0.46
-89.48,-53.148,2015,10,5,0.24,0.799
-144.402,50.321,2015,10,5,0.23,2.189
-144.259,49.986,2015,10,5,0.22,1.627
-144.816,50.083,2015,10,5,0.27,2.045
-144.812,50.08,2015,10,5,0.28,1.694
-89.513,-53.116,2015,10,5,0.35,0.763
-144.801,50.085,2015,10,5,0.28,1.433
2.1734,39.5113,2015,10,5,0.5,0.109
2.1687,39.5138,2015,10,5,0.4,0.109
-39.51,59.978,2015,10,5,0.1,1.059
2.1671,39.5145,2015,10,5,0.7,0.133
-144.806,50.099,2015,10,5,0.19,1.973
-70.495,39.835,2015,10,5,0.1,0.299
-89.526,-53.083,2015,10,5,0.12,0.389
-41.006,-42.222,2015,10,5,0.26,0.259
2.1406,39.4963,2015,10,5,0.4,0.182
-144.34,50.252,2015,10,5,0.17,1.26
-70.488,39.843,2015,10,5,0.35,0.285
-144.81,50.078,2015,10,5,0.22,0.401
-144.386,49.978,2015,10,5,0.28,0.439
-89.508,-53.055,2015,10,5,0.1,0.158
2.1074,39.4783,2015,10,5,0.1,0.206
-39.498,59.974,2015,10,5,0.1,1.891
-144.813,50.086,2015,10,5,0.2,0.533
-144.77,50.153,2015,10,5,0.61,0.677
-89.471,-53.039,2015,10,6,0.43,0.662
-70.469,39.891,2015,10,6,0.1,0.584
-144.29,50.192,2015,10,6,0.36,0.9
2.0386,39.4377,2015,10,6,0.3,0.182
-89.43,-53.042,2015,10,6,0.11,0.749
-41.022,-42.26,2015,10,6,0.31,1.015
-39.497,59.989,2015,10,6,0.11,1.569
-144.801,50.077,2015,10,6,0.23,1.621
-144.701,50.193,2015,10,6,0.1,2.354
-144.512,49.986,2015,10,6,0.63,1.274
-70.463,39.925,2015,10,6,0.11,0.562
-144.81,50.072,2015,10,6,0.19,1.346
1.9891,39.3996,2015,10,6,0.3,0.0968
-89.397,-53.062,2015,10,6,0.61,0.77
-70.453,39.958,2015,10,6,0.1,0.533
-144.262,50.123,2015,10,6,0.26,1.721
-144.647,50.238,2015,10,6,0.36,2.16
-39.513,59.982,2015,10,6,0.1,1.402
-89.397,-53.087,2015,10,6,0.1,0.23
1.9277,39.3653,2015,10,6,0.1,0.182
-70.438,39.986,2015,10,6,0.1,0.496
-144.798,50.082,2015,10,6,0.18,0.745
-144.625,50.0,2015,10,6,0.14,1.037
-144.789,50.081,2015,10,6,0.1,0.95
-70.424,40.006,2015,10,6,0.1,0.759
-89.424,-53.105,2015,10,6,0.15,0.158
1.8914,39.3406,2015,10,6,0.0,0.23
-70.413,40.02,2015,10,6,0.1,1.007
-41.04,-42.304,2015,10,6,0.32,1.051
-144.581,50.269,2015,10,6,0.14,0.878
-70.412,40.031,2015,10,7,0.15,1.059
-144.236,50.048,2015,10,7,0.1,0.864
-39.515,59.973,2015,10,7,0.1,1.745
-70.415,40.044,2015,10,7,0.15,1.088
1.8164,39.3106,2015,10,7,0.3,0.242
-70.416,40.057,2015,10,7,0.1,1.088
-144.812,50.087,2015,10,7,0.1,1.372
-144.807,50.083,2015,10,7,0.12,1.678
-144.737,50.034,2015,10,7,0.1,1.282
-70.415,40.069,2015,10,7,0.11,1.073
-144.513,50.307,2015,10,7,0.1,1.591
-70.408,40.076,2015,10,7,0.19,0.92
-70.4,40.079,2015,10,7,0.13,0.73
-39.515,59.967,2015,10,7,0.11,0.686
-144.243,49.983,2015,10,7,0.1,1.404
1.7623,39.2873,2015,10,7,0.6,0.121
-70.393,40.081,2015,10,7,0.1,0.511
-70.388,40.085,2015,10,7,0.13,0.416
-41.068,-42.355,2015,10,7,0.25,0.468
1.7132,39.2634,2015,10,7,0.4,0.169
-70.384,40.084,2015,10,7,0.1,0.307
-144.804,50.079,2015,10,7,0.13,0.847
-144.431,50.324,2015,10,7,0.12,1.238
-70.38,40.085,2015,10,7,0.11,0.416
-144.809,50.082,2015,10,7,0.1,1.116
-144.799,50.099,2015,10,7,0.12,0.936
-70.376,40.083,2015,10,7,0.1,0.416
-144.255,49.982,2015,10,7,0.14,1.202
1.6876,39.2442,2015,10,7,0.2,0.194
-70.38,40.078,2015,10,7,0.13,0.599
-39.506,59.968,2015,10,7,0.12,1.949
-70.407,40.071,2015,10,7,0.1,1.168
-144.39,50.331,2015,10,7,0.13,0.403
1.6572,39.2323,2015,10,8,0.1,0.242
-89.442,-53.062,2015,10,8,0.32,0.756
-70.439,40.059,2015,10,8,0.14,1.168
1.6166,39.239,2015,10,8,0.0,0.194
-144.803,50.077,2015,10,8,0.14,1.569
-89.466,-53.065,2015,10,8,0.21,0.749
-70.495,40.053,2015,10,8,0.1,1.299
-39.493,59.976,2015,10,8,0.1,2.073
-144.808,50.077,2015,10,8,0.1,1.814
-41.106,-42.399,2015,10,8,0.17,1.541
-144.378,49.983,2015,10,8,0.12,2.052
-144.358,50.275,2015,10,8,0.1,1.829
-144.747,50.175,2015,10,8,0.1,1.361
-70.541,40.056,2015,10,8,0.1,1.11
-89.485,-53.049,2015,10,8,0.24,0.778
-70.569,40.059,2015,10,8,0.1,0.679
1.5696,39.2454,2015,10,8,0.1,0.121
-70.592,40.056,2015,10,8,0.1,0.562
-70.613,40.052,2015,10,8,0.11,0.204
-39.517,59.969,2015,10,8,0.1,0.482
-89.48,-53.031,2015,10,8,0.29,0.454
-70.639,40.051,2015,10,8,0.18,0.139
-144.796,50.079,2015,10,8,0.24,1.307
-144.326,50.222,2015,10,8,0.15,1.613
1.5241,39.2411,2015,10,8,0.2,0.242
-144.8,50.082,2015,10,8,0.12,1.346
-144.5,49.995,2015,10,8,0.11,1.116
-70.665,40.053,2015,10,8,0.11,0.124
-144.669,50.233,2015,10,8,0.17,0.943
-70.69,40.057,2015,10,8,0.1,0.183
-89.466,-53.031,2015,10,8,0.31,0.23
1.488,39.2386,2015,10,8,0.3,0.242
-70.712,40.061,2015,10,8,0.16,0.27
-41.161,-42.441,2015,10,8,0.18,1.224
-70.726,40.058,2015,10,8,0.15,0.329
-39.521,59.966,2015,10,9,0.12,2.029
-144.293,50.168,2015,10,9,0.23,1.102
-89.474,-53.034,2015,10,9,0.39,0.742
-70.744,40.053,2015,10,9,0.1,0.314
1.4352,39.2298,2015,10,9,0.1,0.23
-144.808,50.081,2015,10,9,0.11,1.431
-144.804,50.08,2015,10,9,0.14,1.346
-144.623,50.016,2015,10,9,0.1,0.907
1.4192,39.2193,2015,10,9,0.2,0.242
-70.769,40.049,2015,10,9,0.1,0.226
-89.491,-53.025,2015,10,9,0.48,0.72
-70.802,40.052,2015,10,9,0.12,0.467
-144.572,50.285,2015,10,9,0.1,2.066
-70.836,40.057,2015,10,9,0.13,0.679
-39.516,59.974,2015,10,9,0.1,1.913
-144.263,50.117,2015,10,9,0.22,2.074
1.3748,39.196,2015,10,9,0.1,0.157
-89.485,-53.01,2015,10,9,0.45,0.785
-70.864,40.057,2015,10,9,0.1,0.526
-70.884,40.057,2015,10,9,0.1,0.168
-41.223,-42.469,2015,10,9,0.31,0.259
-144.799,50.074,2015,10,9,0.12,1.526
-144.801,50.075,2015,10,9,0.22,1.469
-144.737,50.042,2015,10,9,0.14,1.325
-89.464,-53.007,2015,10,9,0.26,0.31
1.3317,39.174,2015,10,9,0.3,0.23
-70.906,40.057,2015,10,9,0.1,0.263
-144.253,50.061,2015,10,9,0.1,1.714
-144.468,50.32,2015,10,9,0.12,0.95
-39.516,59.977,2015,10,9,0.12,1.891
1.3041,39.1586,2015,10,9,0.2,0.303
-70.93,40.059,2015,10,9,0.11,0.394
-89.469,-53.015,2015,10,9,0.39,0.238
-70.949,40.063,2015,10,9,0.14,0.445
-144.799,50.08,2015,10,9,0.1,0.85
-144.797,50.08,2015,10,10,0.21,0.468
-70.962,40.058,2015,10,10,0.1,0.394
-144.801,50.077,2015,10,10,0.1,0.971
-144.789,50.086,2015,10,10,0.13,0.54
-144.231,50.006,2015,10,10,0.11,0.785
-89.492,-53.007,2015,10,10,0.64,0.756
1.2393,39.1272,2015,10,10,0.3,0.387
-39.509,59.965,2015,10,10,0.1,2.0
-70.987,40.05,2015,10,10,0.1,0.387
-144.383,50.32,2015,10,10,0.15,1.49
-41.293,-42.494,2015,10,10,0.34,1.418
-89.49,-52.99,2015,10,10,0.16,0.785
-71.022,40.048,2015,10,10,0.1,0.299
1.1936,39.103,2015,10,10,0.2,0.109
-71.058,40.052,2015,10,10,0.1,0.27
-144.802,50.08,2015,10,10,0.15,1.476
-144.256,49.97,2015,10,10,0.1,2.102
-89.469,-52.984,2015,10,10,0.52,0.727
-144.798,50.083,2015,10,10,0.12,1.073
-144.716,50.15,2015,10,10,0.19,1.361
-39.531,59.961,2015,10,10,0.13,0.927
-71.089,40.053,2015,10,10,0.1,0.175
1.1516,39.0839,2015,10,10,0.4,0.182
-144.32,50.256,2015,10,10,0.17,1.462
-89.458,-52.995,2015,10,10,0.11,0.331
-71.122,40.058,2015,10,10,0.12,0.343
-41.347,-42.523,2015,10,10,0.36,0.274
1.124,39.0709,2015,10,10,0.2,0.254
-71.116,40.065,2015,10,10,0.1,0.489
-144.338,49.975,2015,10,10,0.27,0.504
-71.108,40.07,2015,10,10,0.11,0.555
-89.48,-52.994,2015,10,10,0.48,0.655
-39.54,59.959,2015,10,10,0.11,2.051
-71.098,40.074,2015,10,11,0.14,0.635
-144.799,50.081,2015,10,11,0.12,1.08
-144.8,50.08,2015,10,11,0.22,1.289
-144.639,50.208,2015,10,11,0.26,0.547
-71.089,40.076,2015,10,11,0.12,0.621
-71.082,40.078,2015,10,11,0.16,0.548
-89.493,-52.98,2015,10,11,0.1,0.878
1.0663,39.0382,2015,10,11,0.1,0.218
-144.274,50.191,2015,10,11,0.27,1.57
-71.075,40.082,2015,10,11,0.12,0.431
-71.068,40.083,2015,10,11,0.15,0.401
1.0583,39.0266,2015,10,11,0.4,0.23
-71.068,40.086,2015,10,11,0.14,0.358
-41.412,-42.552,2015,10,11,0.39,1.21
-144.434,49.982,2015,10,11,1.04,2.628
-71.069,40.09,2015,10,11,0.18,0.35
-39.498,59.969,2015,10,11,0.1,1.847
-89.481,-52.966,2015,10,11,0.11,0.828
1.0782,39.0125,2015,10,11,0.6,0.109
-71.07,40.1,2015,10,11,0.11,0.358
-71.068,40.108,2015,10,11,0.19,0.358
-144.548,50.265,2015,10,11,0.4,2.297
1.0951,38.9963,2015,10,11,0.0,0.121
-71.066,40.115,2015,10,11,0.13,0.204
-144.787,50.074,2015,10,11,0.1,1.073
-71.065,40.113,2015,10,11,0.1,0.248
-144.788,50.071,2015,10,11,0.1,1.246
-89.47,-52.965,2015,10,11,0.12,0.598
-71.064,40.107,2015,10,11,0.12,0.168
-71.064,40.096,2015,10,11,0.1,0.117
1.0643,38.9996,2015,10,11,0.3,0.194
-144.219,50.105,2015,10,11,0.61,1.274
-144.518,49.976,2015,10,11,0.11,1.447
-71.066,40.085,2015,10,11,0.1,0.109
-39.511,59.975,2015,10,11,0.12,1.599
-89.48,-52.966,2015,10,11,0.1,0.281
-71.067,40.083,2015,10,11,0.14,0.175
-41.468,-42.578,2015,10,11,0.37,0.302
1.0258,38.9973,2015,10,11,0.1,0.254
-71.065,40.089,2015,10,11,0.1,0.183
-144.469,50.309,2015,10,11,0.1,0.403
-71.064,40.098,2015,10,11,0.13,0.394
-71.066,40.108,2015,10,11,0.19,0.336
-144.799,50.089,2015,10,11,0.54,0.329
-71.067,40.116,2015,10,12,0.17,0.475
-89.493,-52.95,2015,10,12,0.31,0.936
-71.067,40.117,2015,10,12,0.1,0.445
-144.76,50.065,2015,10,12,0.13,0.49
-144.593,50.001,2015,10,12,0.14,0.576
-71.062,40.111,2015,10,12,0.11,0.65
-39.501,59.956,2015,10,12,0.1,1.599
-144.191,50.036,2015,10,12,0.1,1.562
0.942,38.9897,2015,10,12,0.2,0.206
-71.061,40.102,2015,10,12,0.14,0.343
-71.062,40.091,2015,10,12,0.1,0.504
-89.481,-52.936,2015,10,12,0.12,0.958
-71.066,40.085,2015,10,12,0.11,0.533
-41.534,-42.611,2015,10,12,0.37,0.986
-71.067,40.093,2015,10,12,0.11,0.401
-144.376,50.31,2015,10,12,0.1,1.447
0.8768,38.9907,2015,10,12,0.5,0.0968
-71.067,40.101,2015,10,12,0.18,0.372
-144.671,50.017,2015,10,12,0.15,1.656
-89.461,-52.934,2015,10,12,0.3,0.778
-71.066,40.109,2015,10,12,0.1,0.431
-144.804,50.079,2015,10,12,0.27,1.146
-39.48,59.967,2015,10,12,0.1,0.584
-71.064,40.114,2015,10,12,0.1,0.234
-71.062,40.102,2015,10,12,0.12,0.175
-144.799,50.081,2015,10,12,0.26,1.361
-144.244,49.983,2015,10,12,0.12,1.246
-89.459,-52.939,2015,10,12,0.2,0.202
0.8172,38.9909,2015,10,12,0.2,0.157
-71.064,40.091,2015,10,12,0.1,0.168
-39.543,59.808,2015,10,12,1.57,0.612
-39.673,59.758,2015,10,12,0.27,0.605
-71.069,40.083,2015,10,12,0.1,0.161
-71.074,40.089,2015,10,12,0.12,0.19
-144.253,49.985,2015,10,12,0.11,1.404
-41.613,-42.639,2015,10,12,0.39,0.612
-144.314,50.241,2015,10,12,0.12,0.403
-144.747,50.045,2015,10,12,0.34,0.418
-71.075,40.094,2015,10,12,0.1,0.292
-89.475,-52.935,2015,10,12,0.39,0.202
0.7713,38.9932,2015,10,12,0.3,0.182
-71.076,40.102,2015,10,12,0.16,0.307
-39.498,59.967,2015,10,12,0.1,1.263
-144.8,50.077,2015,10,12,0.2,0.365
-71.074,40.108,2015,10,12,0.14,0.387
-71.071,40.113,2015,10,13,0.13,0.511
-70.771,39.892,2015,10,13,0.18,0.461
-70.771,39.892,2015,10,13,1.54,0.439
-144.814,50.085,2015,10,13,0.55,0.979
-89.475,-52.918,2015,10,13,0.25,0.778
-71.07,40.115,2015,10,13,0.13,0.336
-70.776,39.891,2015,10,13,0.16,0.533
-71.07,40.104,2015,10,13,0.18,0.431
-71.068,40.093,2015,10,13,0.1,0.438
-70.795,39.889,2015,10,13,0.14,0.468
-144.807,50.076,2015,10,13,0.25,2.038
0.6802,38.9923,2015,10,13,0.0,0.169
-70.79,39.892,2015,10,13,0.13,0.454
-144.38,49.978,2015,10,13,1.4,1.958
-71.07,40.08,2015,10,13,0.11,0.277
-144.282,50.169,2015,10,13,0.14,1.447
-71.074,40.084,2015,10,13,0.1,0.38
-70.787,39.882,2015,10,13,0.11,0.324
-39.532,59.982,2015,10,13,0.1,1.219
-89.449,-52.914,2015,10,13,0.25,0.785
-71.087,40.096,2015,10,13,0.13,0.365
-41.69,-42.665,2015,10,13,0.17,1.073
-71.084,40.097,2015,10,13,0.1,0.343
-70.787,39.883,2015,10,13,0.12,0.295
0.6137,38.9937,2015,10,13,0.3,0.182
-71.085,40.101,2015,10,13,0.12,0.343
-70.788,39.882,2015,10,13,0.1,0.346
-144.792,50.082,2015,10,13,0.22,1.788
-71.078,40.099,2015,10,13,0.1,0.234
-70.785,39.884,2015,10,13,0.11,0.302
-89.434,-52.924,2015,10,13,0.52,0.634
-71.075,40.103,2015,10,13,0.17,0.153
-70.786,39.881,2015,10,13,0.12,0.281
-144.795,50.078,2015,10,13,0.24,1.368
-144.749,50.122,2015,10,13,0.36,1.951
-71.073,40.106,2015,10,13,0.23,0.124
-70.793,39.883,2015,10,13,0.11,0.187
-71.073,40.108,2015,10,13,0.11,0.117
-39.544,59.952,2015,10,13,0.1,0.511
0.5452,38.9841,2015,10,13,0.1,0.278
-71.07,40.11,2015,10,13,0.12,0.117
-70.793,39.881,2015,10,13,0.1,0.187
-144.25,50.091,2015,10,13,0.19,1.224
-144.508,49.975,2015,10,13,0.21,1.786
-89.446,-52.93,2015,10,13,0.12,0.137
-70.794,39.885,2015,10,13,0.11,0.187
-71.066,40.11,2015,10,13,0.1,0.161
-71.062,40.112,2015,10,13,0.13,0.358
-70.794,39.884,2015,10,13,0.11,0.194
-41.767,-42.689,2015,10,13,0.16,0.583
0.5094,38.9832,2015,10,13,0.6,0.29
-144.808,50.088,2015,10,13,0.26,0.263
-71.058,40.113,2015,10,13,0.1,0.343
-70.787,39.883,2015,10,13,0.12,0.482
-144.707,50.177,2015,10,13,0.42,0.331
-89.459,-52.917,2015,10,13,0.1,0.259
-71.052,40.115,2015,10,13,0.11,0.504
-71.042,40.117,2015,10,14,0.1,0.431
-70.781,39.884,2015,10,14,0.11,0.598
-70.414,40.07,2015,10,14,0.17,0.401
-70.414,40.07,2015,10,14,1.24,0.365
-70.415,40.071,2015,10,14,0.32,0.394
-70.787,39.881,2015,10,14,0.12,0.511
-39.65,59.955,2015,10,14,0.16,1.526
-144.804,50.081,2015,10,14,0.77,0.518
-71.035,40.119,2015,10,14,0.18,0.401
-70.409,40.073,2015,10,14,0.1,0.409
-70.408,40.074,2015,10,14,0.3,0.372
-70.408,40.074,2015,10,14,2.67,0.358
-71.029,40.12,2015,10,14,0.1,0.423
-70.407,40.075,2015,10,14,0.1,0.482
-70.399,40.077,2015,10,14,0.31,0.38
-144.219,50.019,2015,10,14,0.2,1.217
-89.447,-52.9,2015,10,14,0.1,0.734
0.4348,38.9842,2015,10,14,0.2,0.303
-71.025,40.121,2015,10,14,0.1,0.46
-70.402,40.076,2015,10,14,0.1,0.445
-70.396,40.077,2015,10,14,1.85,0.343
-70.392,40.078,2015,10,14,0.34,0.438
-70.39,40.078,2015,10,14,2.78,0.321
-70.793,39.878,2015,10,14,0.1,0.475
-70.398,40.075,2015,10,14,0.1,0.38
-70.394,40.075,2015,10,14,0.11,0.613
-70.386,40.079,2015,10,14,0.41,0.387
-70.384,40.08,2015,10,14,1.69,0.285
-70.38,40.08,2015,10,14,0.3,0.336
-70.379,40.081,2015,10,14,1.92,0.307
-144.631,49.99,2015,10,14,0.22,1.786
-71.021,40.122,2015,10,14,0.1,0.394
-70.391,40.076,2015,10,14,0.1,0.453
-70.388,40.075,2015,10,14,0.1,0.416
-70.376,40.081,2015,10,14,0.35,0.35
-70.374,40.082,2015,10,14,1.95,0.299
-70.371,40.081,2015,10,14,0.33,0.343
-70.369,40.082,2015,10,14,1.82,0.307
-70.764,39.875,2015,10,14,0.11,0.562
-71.018,40.124,2015,10,14,0.1,0.46
-70.385,40.075,2015,10,14,0.1,0.423
-70.384,40.074,2015,10,14,0.1,0.401
-70.366,40.081,2015,10,14,0.37,0.336
-70.364,40.082,2015,10,14,2.46,0.372
-70.362,40.081,2015,10,14,0.53,0.401
-70.36,40.081,2015,10,14,1.97,0.511
-144.653,50.215,2015,10,14,0.21,2.023
-71.015,40.126,2015,10,14,0.11,0.664
-70.382,40.072,2015,10,14,0.1,0.54
-70.382,40.072,2015,10,14,0.1,0.38
-70.359,40.081,2015,10,14,0.44,0.423
-70.357,40.081,2015,10,14,2.11,0.38
-70.356,40.081,2015,10,14,0.44,0.387
-70.355,40.082,2015,10,14,2.07,0.431
-41.841,-42.709,2015,10,14,0.22,1.289
-144.811,50.082,2015,10,14,0.25,1.511
-70.383,40.071,2015,10,14,0.1,0.343
-70.384,40.07,2015,10,14,0.1,0.365
-70.354,40.081,2015,10,14,0.43,0.423
-70.353,40.082,2015,10,14,2.33,0.387
-70.352,40.081,2015,10,14,0.32,0.35
-70.351,40.081,2015,10,14,2.07,0.387
-70.737,39.871,2015,10,14,0.1,0.418
-89.427,-52.902,2015,10,14,0.1,0.806
0.3884,38.9714,2015,10,14,0.3,0.145
-71.013,40.129,2015,10,14,0.16,0.621
-70.386,40.071,2015,10,14,0.1,0.394
-70.351,40.082,2015,10,14,0.32,0.401
-70.35,40.082,2015,10,14,1.96,0.438
-70.35,40.083,2015,10,14,0.42,0.438
-71.01,40.133,2015,10,14,0.11,0.54
-70.387,40.071,2015,10,14,0.1,0.365
-70.388,40.073,2015,10,14,0.1,0.38
-70.349,40.084,2015,10,14,1.64,0.394
-70.349,40.084,2015,10,14,0.5,0.394
-70.347,40.085,2015,10,14,1.97,0.343
-70.347,40.086,2015,10,14,0.33,0.329
-39.64,59.947,2015,10,14,0.15,1.256
-71.006,40.136,2015,10,14,0.12,0.365
-70.389,40.074,2015,10,14,0.1,0.329
-70.389,40.077,2015,10,14,0.1,0.292
-70.346,40.087,2015,10,14,2.23,0.299
-70.345,40.087,2015,10,14,0.33,0.234
-70.343,40.088,2015,10,14,1.96,0.241
-70.706,39.865,2015,10,14,0.14,0.31
-70.999,40.14,2015,10,14,0.1,0.299
-70.389,40.08,2015,10,14,0.1,0.241
-70.342,40.09,2015,10,14,0.34,0.175
-70.34,40.091,2015,10,14,2.27,0.117
-70.338,40.092,2015,10,14,0.34,0.153
-144.8,50.085,2015,10,14,0.16,1.332
-70.39,40.084,2015,10,14,0.1,0.292
-70.336,40.092,2015,10,14,2.45,0.19
-70.333,40.094,2015,10,14,0.5,0.102
-144.247,49.983,2015,10,14,0.39,1.325
-89.425,-52.911,2015,10,14,0.22,0.18
-70.99,40.144,2015,10,14,0.12,0.299
-70.392,40.083,2015,10,14,0.1,0.27
-70.395,40.084,2015,10,14,0.1,0.219
-70.318,40.095,2015,10,14,1.85,0.0876
-70.314,40.095,2015,10,14,0.34,0.102
-70.671,39.859,2015,10,14,0.16,0.288
-144.6,50.255,2015,10,14,0.68,1.368
0.3475,38.9657,2015,10,14,0.0,0.315
-70.98,40.146,2015,10,14,0.11,0.27
-70.397,40.083,2015,10,14,0.1,0.168
-70.299,40.097,2015,10,14,2.34,0.153
-70.971,40.149,2015,10,14,0.11,0.27
-70.399,40.082,2015,10,14,0.1,0.153
-70.295,40.097,2015,10,14,0.49,0.19
-144.264,49.979,2015,10,14,0.33,1.368
-144.74,50.031,2015,10,14,0.12,1.649
-70.401,40.082,2015,10,14,0.1,0.175
-70.282,40.099,2015,10,14,2.33,0.241
-70.278,40.098,2015,10,14,0.36,0.212
-70.637,39.851,2015,10,14,0.14,0.252
-70.964,40.152,2015,10,14,0.1,0.299
-70.4,40.08,2015,10,14,0.1,0.263
-70.269,40.1,2015,10,14,2.17,0.329
-70.266,40.099,2015,10,14,0.35,0.299
-144.804,50.084,2015,10,14,0.32,0.781
-89.435,-52.908,2015,10,14,0.36,0.144
0.3223,38.9664,2015,10,14,0.3,0.339
-70.957,40.154,2015,10,14,0.1,0.394
-70.404,40.079,2015,10,14,0.1,0.27
-70.407,40.077,2015,10,14,0.1,0.438
-70.259,40.101,2015,10,14,1.92,0.445
-39.657,59.958,2015,10,14,0.15,1.431
-70.953,40.156,2015,10,14,0.18,0.569
-70.413,40.075,2015,10,14,0.1,0.475
-70.256,40.1,2015,10,14,0.32,0.401
-41.905,-42.729,2015,10,14,0.23,0.518
-70.949,40.158,2015,10,14,0.11,0.642
-70.25,40.102,2015,10,14,2.04,0.343
-70.249,40.102,2015,10,14,0.35,0.401
-70.249,40.103,2015,10,14,2.38,0.336
-70.6,39.839,2015,10,14,0.14,0.41
-70.948,40.158,2015,10,14,0.11,0.621
-70.436,40.076,2015,10,14,0.1,0.548
-70.247,40.103,2015,10,14,0.38,0.518
-70.241,40.113,2015,10,15,2.02,0.38
-144.542,50.291,2015,10,15,0.11,1.483
-89.433,-52.893,2015,10,15,0.25,0.72
-70.458,40.077,2015,10,15,0.1,0.628
-70.239,40.114,2015,10,15,0.4,0.387
-70.566,39.825,2015,10,15,0.16,0.569
-144.814,50.086,2015,10,15,0.13,1.188
-70.228,40.125,2015,10,15,1.77,0.394
-70.226,40.127,2015,10,15,0.68,0.416
-70.478,40.076,2015,10,15,0.1,0.715
0.2787,38.967,2015,10,15,0.8,0.774
-70.212,40.139,2015,10,15,2.66,0.358
-70.209,40.141,2015,10,15,0.37,0.409
-70.538,39.804,2015,10,15,0.16,0.54
-70.496,40.074,2015,10,15,0.1,0.73
-70.196,40.153,2015,10,15,1.68,0.27
-39.687,59.956,2015,10,15,0.38,1.175
-144.396,49.988,2015,10,15,0.24,1.606
-144.807,50.087,2015,10,15,0.11,1.908
-89.413,-52.883,2015,10,15,0.29,0.763
-70.195,40.154,2015,10,15,0.48,0.321
-70.512,40.072,2015,10,15,0.1,0.693
-70.187,40.165,2015,10,15,2.34,0.321
-70.187,40.166,2015,10,15,0.4,0.387
-70.517,39.784,2015,10,15,0.15,0.547
-144.806,50.079,2015,10,15,0.37,1.073
-70.529,40.071,2015,10,15,0.1,0.635
-70.181,40.176,2015,10,15,1.85,0.299
-70.181,40.177,2015,10,15,0.37,0.307
-41.973,-42.759,2015,10,15,0.23,0.922
-144.462,50.318,2015,10,15,0.17,1.836
0.2455,38.963,2015,10,15,0.0,0.436
-70.545,40.071,2015,10,15,0.1,0.672
-70.177,40.186,2015,10,15,2.29,0.321
-70.177,40.188,2015,10,15,0.38,0.372
-70.495,39.766,2015,10,15,0.2,0.439
-89.399,-52.89,2015,10,15,0.47,0.792
-70.56,40.072,2015,10,15,0.1,0.584
-70.172,40.197,2015,10,15,2.09,0.401
-70.574,40.074,2015,10,15,0.12,0.307
-70.171,40.2,2015,10,15,0.39,0.496
-70.162,40.212,2015,10,15,2.34,0.555
-70.16,40.215,2015,10,15,0.45,0.438
-70.473,39.745,2015,10,15,0.2,0.281
-144.807,50.072,2015,10,15,0.1,1.591
-70.583,40.073,2015,10,15,0.11,0.255
-70.148,40.227,2015,10,15,2.41,1.183
-70.592,40.074,2015,10,15,0.14,0.212
-70.145,40.231,2015,10,15,0.45,1.007
-39.746,59.952,2015,10,15,0.1,0.613
-144.524,49.996,2015,10,15,0.11,1.462
-89.41,-52.897,2015,10,15,0.42,0.173
0.2135,38.9702,2015,10,15,0.3,0.315
-70.131,40.243,2015,10,15,2.31,2.161
-70.127,40.247,2015,10,15,0.43,0.956
-70.452,39.726,2015,10,15,0.22,0.238
-144.8,50.084,2015,10,15,0.28,1.714
-70.596,40.066,2015,10,15,0.12,0.204
-70.114,40.259,2015,10,15,2.01,1.643
-70.109,40.262,2015,10,15,0.4,1.956
-70.609,40.065,2015,10,15,0.12,0.307
-70.102,40.273,2015,10,15,2.69,2.562
-144.811,50.085,2015,10,15,0.1,0.621
-144.394,50.335,2015,10,15,0.1,1.562
-70.098,40.276,2015,10,15,0.41,1.862
-70.098,40.27,2015,10,15,2.54,2.46
0.1949,38.9741,2015,10,15,0.1,0.327
-70.626,40.065,2015,10,15,0.11,0.372
-70.096,40.269,2015,10,15,0.39,2.132
-70.433,39.707,2015,10,15,0.23,0.302
-70.646,40.068,2015,10,15,0.12,0.664
-70.096,40.264,2015,10,15,2.83,2.628
-70.096,40.263,2015,10,15,0.41,1.869
-42.051,-42.789,2015,10,15,0.16,0.785
-144.823,50.107,2015,10,15,0.12,1.181
-89.417,-52.887,2015,10,15,0.41,0.137
-70.096,40.259,2015,10,15,2.41,2.292
-70.096,40.258,2015,10,15,0.57,2.424
-70.666,40.073,2015,10,15,0.14,0.788
-70.097,40.254,2015,10,15,2.12,2.117
-70.098,40.255,2015,10,15,0.63,2.584
-70.416,39.687,2015,10,15,0.23,0.475
-70.683,40.078,2015,10,16,0.14,0.781
-70.097,40.253,2015,10,16,1.9,1.993
-70.097,40.255,2015,10,16,0.42,2.789
-39.792,59.957,2015,10,16,0.1,1.635
-70.096,40.254,2015,10,16,1.63,1.927
-70.096,40.255,2015,10,16,0.41,2.227
-144.802,50.082,2015,10,16,0.11,0.468
-70.701,40.084,2015,10,16,0.13,0.686
-70.094,40.254,2015,10,16,2.16,1.657
-70.092,40.256,2015,10,16,0.78,2.256
-70.4,39.671,2015,10,16,0.24,0.54
-144.642,50.018,2015,10,16,0.11,0.778
-144.368,50.288,2015,10,16,0.2,1.375
-89.395,-52.871,2015,10,16,0.35,0.677
-70.714,40.083,2015,10,16,0.12,0.526
-70.089,40.255,2015,10,16,1.56,1.577
-70.087,40.256,2015,10,16,0.4,1.891
0.1733,38.9622,2015,10,16,0.5,0.363
-70.727,40.083,2015,10,16,0.11,0.409
-70.083,40.255,2015,10,16,1.6,1.577
-70.081,40.256,2015,10,16,0.39,1.781
-70.078,40.253,2015,10,16,2.07,1.562
-70.383,39.659,2015,10,16,0.24,0.518
-144.81,50.08,2015,10,16,0.1,1.445
-70.734,40.083,2015,10,16,0.15,0.394
-70.739,40.082,2015,10,16,0.12,0.431
-70.076,40.254,2015,10,16,0.48,1.862
-70.073,40.263,2015,10,16,0.8,1.577
-70.071,40.266,2015,10,16,0.44,1.46
-70.068,40.273,2015,10,16,2.38,1.445
-89.367,-52.876,2015,10,16,0.25,0.77
-70.752,40.083,2015,10,16,0.11,0.584
-70.065,40.275,2015,10,16,0.39,1.54
-70.062,40.281,2015,10,16,2.02,1.883
-70.363,39.65,2015,10,16,0.22,0.562
-70.755,40.082,2015,10,16,0.1,0.569
-70.061,40.283,2015,10,16,0.4,1.679
-42.119,-42.818,2015,10,16,0.1,0.965
-39.815,59.953,2015,10,16,0.12,1.628
-144.775,50.18,2015,10,16,0.1,1.498
-70.746,40.083,2015,10,16,0.13,0.467
-70.058,40.289,2015,10,16,2.48,1.65
-70.056,40.291,2015,10,16,0.37,1.489
-70.735,40.084,2015,10,16,0.13,0.35
-70.054,40.297,2015,10,16,2.05,1.482
-70.052,40.3,2015,10,16,0.38,2.037
-70.344,39.635,2015,10,16,0.23,0.504
-144.339,50.238,2015,10,16,0.1,1.75
-70.736,40.084,2015,10,16,0.1,0.336
-70.049,40.307,2015,10,16,1.74,1.497
-70.047,40.31,2015,10,16,0.38,1.088
-70.042,40.318,2015,10,16,1.91,1.526
-144.793,50.083,2015,10,16,0.1,1.21
-89.371,-52.89,2015,10,16,0.18,0.59
-70.744,40.086,2015,10,16,0.12,0.226
-70.04,40.321,2015,10,16,0.39,0.92
-70.034,40.33,2015,10,16,2.29,1.329
-144.756,50.053,2015,10,16,0.1,1.462
-70.031,40.334,2015,10,16,0.45,1.117
-70.025,40.344,2015,10,16,2.21,1.387
-70.329,39.62,2015,10,16,0.22,0.288
-70.753,40.082,2015,10,16,0.1,0.263
-70.021,40.348,2015,10,16,0.7,1.044
-70.017,40.356,2015,10,16,2.2,0.971
-70.753,40.083,2015,10,16,0.1,0.263
-70.012,40.358,2015,10,16,0.36,1.095
-70.01,40.364,2015,10,16,1.98,1.168
-70.744,40.081,2015,10,16,0.11,0.226
-70.005,40.365,2015,10,16,0.37,1.263
-70.002,40.37,2015,10,16,2.79,1.044
-144.795,50.081,2015,10,16,0.11,1.124
-89.387,-52.892,2015,10,16,0.61,0.281
-70.733,40.082,2015,10,16,0.11,0.628
-69.998,40.37,2015,10,16,0.46,1.343
-69.997,40.374,2015,10,16,1.72,2.124
-70.308,39.61,2015,10,16,0.22,0.331
-69.995,40.373,2015,10,16,0.35,1.715
-69.995,40.375,2015,10,16,2.0,1.774
-39.839,59.947,2015,10,16,0.12,1.613
-70.747,40.08,2015,10,16,0.11,0.898
-69.994,40.373,2015,10,16,0.37,2.029
-69.995,40.376,2015,10,16,2.75,2.212
-144.691,50.238,2015,10,16,0.1,0.526
-144.31,50.187,2015,10,16,0.1,0.41
-70.763,40.081,2015,10,16,0.12,1.088
-69.995,40.373,2015,10,16,0.39,1.788
-69.997,40.376,2015,10,16,2.78,2.299
-69.998,40.373,2015,10,16,0.43,1.84
-70.288,39.597,2015,10,16,0.22,0.612
-42.182,-42.841,2015,10,16,0.12,0.871
-70.759,40.083,2015,10,16,0.12,1.248
-70.0,40.377,2015,10,16,2.66,2.146
-70.0,40.375,2015,10,16,0.53,2.475
-70.759,40.083,2015,10,16,0.1,1.241
-70.002,40.379,2015,10,16,2.03,2.022
-70.004,40.379,2015,10,16,0.4,2.27
-144.807,50.083,2015,10,16,0.11,0.338
-89.38,-52.885,2015,10,16,0.68,0.497
-70.003,40.384,2015,10,17,1.92,1.788
-70.004,40.385,2015,10,17,0.4,1.891
-70.275,39.585,2015,10,17,0.22,0.67
-70.751,40.084,2015,10,17,0.11,1.153
-70.002,40.392,2015,10,17,2.32,1.847
-70.003,40.394,2015,10,17,0.44,2.409
-70.742,40.084,2015,10,17,0.11,1.146
-69.999,40.4,2015,10,17,2.43,2.409
-70.0,40.402,2015,10,17,0.4,2.044
-69.998,40.401,2015,10,17,2.16,1.745
-69.997,40.402,2015,10,17,0.42,1.92
-70.259,39.576,2015,10,17,0.22,0.641
-70.737,40.083,2015,10,17,0.12,1.248
-69.995,40.401,2015,10,17,2.76,2.037
-69.994,40.402,2015,10,17,0.48,1.913
-69.991,40.401,2015,10,17,2.23,1.818
-39.862,59.95,2015,10,17,0.1,1.489
-144.795,50.08,2015,10,17,0.41,1.168
-89.357,-52.883,2015,10,17,0.14,0.706
-70.753,40.084,2015,10,17,0.11,1.153
-69.988,40.402,2015,10,17,0.4,1.825
-69.986,40.4,2015,10,17,2.32,1.949
-144.276,50.14,2015,10,17,0.21,1.418
-70.756,40.084,2015,10,17,0.11,1.117
-69.984,40.401,2015,10,17,0.39,1.883
-69.981,40.398,2015,10,17,2.18,1.767
-70.241,39.569,2015,10,17,0.23,0.641
-70.748,40.083,2015,10,17,0.12,1.044
-69.979,40.397,2015,10,17,0.43,2.212
-69.978,40.394,2015,10,17,2.82,1.73
-69.976,40.393,2015,10,17,0.44,1.774
-69.976,40.388,2015,10,17,2.73,1.562
-144.597,50.29,2015,10,17,0.37,1.613
-70.737,40.083,2015,10,17,0.13,0.956
-69.975,40.387,2015,10,17,0.38,2.65
-69.976,40.381,2015,10,17,2.84,1.752
-69.975,40.38,2015,10,17,0.63,1.445
-70.224,39.558,2015,10,17,0.25,0.446
-89.353,-52.896,2015,10,17,0.34,0.734
-70.736,40.082,2015,10,17,0.13,0.92
-70.742,40.082,2015,10,17,0.13,1.037
-69.976,40.374,2015,10,17,2.55,1.445
-69.976,40.372,2015,10,17,0.44,1.752
-42.245,-42.847,2015,10,17,0.1,1.087
-144.804,50.073,2015,10,17,0.38,1.289
-69.977,40.366,2015,10,17,2.98,1.372
-69.976,40.365,2015,10,17,0.51,1.475
-70.757,40.084,2015,10,17,0.12,0.642
-69.978,40.36,2015,10,17,2.7,1.883
-69.977,40.359,2015,10,17,0.64,1.314
-70.211,39.544,2015,10,17,0.23,0.331
-70.754,40.083,2015,10,17,0.15,0.606
-69.976,40.355,2015,10,17,2.35,0.854
-69.973,40.354,2015,10,17,0.46,0.847
-39.866,59.944,2015,10,17,0.1,0.489
-70.74,40.083,2015,10,17,0.13,0.606
-69.972,40.351,2015,10,17,2.15,0.818
-69.968,40.351,2015,10,17,0.41,1.124
-144.254,50.09,2015,10,17,0.1,1.584
-89.366,-52.899,2015,10,17,0.45,0.216
-70.733,40.082,2015,10,17,0.12,0.774
-69.966,40.348,2015,10,17,2.61,0.891
-69.962,40.348,2015,10,17,0.39,0.788
-144.799,50.084,2015,10,17,0.14,1.059
-70.736,40.08,2015,10,17,0.13,0.548
-69.959,40.344,2015,10,17,2.33,1.175
-69.955,40.343,2015,10,17,0.42,0.832
-70.193,39.53,2015,10,17,0.24,0.259
-144.839,50.076,2015,10,17,0.1,1.375
-69.953,40.34,2015,10,17,2.33,1.248
-69.949,40.339,2015,10,17,0.45,0.745
-70.745,40.079,2015,10,17,0.16,1.073
-69.947,40.335,2015,10,17,2.47,1.555
-69.943,40.333,2015,10,17,0.42,1.0
-144.835,50.089,2015,10,17,0.17,1.116
-70.755,40.078,2015,10,17,0.13,0.796
-69.943,40.327,2015,10,17,1.99,1.321
-69.94,40.324,2015,10,17,0.41,1.35
-70.172,39.518,2015,10,17,0.23,0.266
-89.379,-52.894,2015,10,17,0.39,0.18
-70.757,40.081,2015,10,17,0.15,1.204
-69.942,40.317,2015,10,17,2.07,2.0
-69.941,40.314,2015,10,17,0.46,1.467
-144.495,50.331,2015,10,17,0.58,1.044
-70.79,39.883,2015,10,17,0.62,0.621
-69.946,40.307,2015,10,17,2.52,1.737
-69.946,40.304,2015,10,17,0.69,1.708
-144.792,50.086,2015,10,17,0.19,1.094
-69.953,40.296,2015,10,17,2.2,1.635
-69.954,40.292,2015,10,17,0.45,1.606
-70.153,39.507,2015,10,17,0.24,0.317
-42.296,-42.845,2015,10,17,0.11,1.267
-144.231,50.037,2015,10,17,0.1,1.015
-69.961,40.284,2015,10,17,2.0,1.161
-69.962,40.28,2015,10,17,0.65,1.599
-39.842,59.948,2015,10,17,0.12,1.015
-70.749,40.075,2015,10,18,0.15,1.168
-70.745,40.074,2015,10,18,0.15,1.314
-69.967,40.269,2015,10,18,0.74,1.489
-70.741,40.071,2015,10,18,0.16,1.226
-69.971,40.263,2015,10,18,2.33,1.372
-69.972,40.261,2015,10,18,0.46,1.482
-70.133,39.49,2015,10,18,0.23,0.317
-89.36,-52.888,2015,10,18,0.1,0.684
-70.736,40.069,2015,10,18,0.16,1.226
-69.973,40.256,2015,10,18,1.88,1.153
-69.973,40.256,2015,10,18,0.42,1.416
-70.732,40.066,2015,10,18,0.16,1.241
-70.729,40.062,2015,10,18,0.14,1.299
-69.974,40.251,2015,10,18,1.57,2.489
-69.974,40.25,2015,10,18,0.81,1.321
-144.809,50.076,2015,10,18,0.11,1.102
-70.726,40.058,2015,10,18,0.18,1.314
-69.973,40.247,2015,10,18,2.14,1.329
-69.972,40.246,2015,10,18,0.44,2.037
-70.118,39.474,2015,10,18,0.26,0.274
-70.724,40.054,2015,10,18,0.14,1.27
-69.972,40.242,2015,10,18,2.54,1.65
-69.97,40.241,2015,10,18,0.43,1.606
-144.766,50.154,2015,10,18,0.27,1.685
-70.721,40.048,2015,10,18,0.16,1.555
-70.717,40.045,2015,10,18,0.15,1.431
-69.97,40.237,2015,10,18,1.94,2.248
-69.969,40.235,2015,10,18,0.44,1.562
-39.825,59.95,2015,10,18,0.14,1.022
-89.347,-52.893,2015,10,18,0.1,0.871
-70.717,40.041,2015,10,18,0.16,1.482
-69.97,40.229,2015,10,18,2.35,1.701
-70.103,39.459,2015,10,18,0.26,0.324
-144.406,50.33,2015,10,18,0.22,1.433
-144.238,49.984,2015,10,18,0.1,1.584
-70.715,40.038,2015,10,18,0.18,1.409
-69.969,40.227,2015,10,18,0.48,2.037
-69.972,40.22,2015,10,18,1.91,2.102
-144.807,50.079,2015,10,18,0.14,1.332
-70.713,40.034,2015,10,18,0.16,1.445
-69.972,40.216,2015,10,18,0.39,1.964
-69.978,40.209,2015,10,18,1.75,1.818
-70.712,40.032,2015,10,18,0.17,1.869
-69.979,40.205,2015,10,18,0.57,1.788
-69.986,40.196,2015,10,18,2.28,1.752
-70.087,39.441,2015,10,18,0.29,0.317
-70.709,40.029,2015,10,18,0.17,1.664
-69.988,40.192,2015,10,18,0.66,1.628
-42.366,-42.866,2015,10,18,0.31,0.281
-39.828,59.955,2015,10,18,0.1,0.84
-89.358,-52.905,2015,10,18,0.1,0.698
-70.706,40.027,2015,10,18,0.18,1.438
-69.995,40.182,2015,10,18,2.76,1.898
-69.997,40.179,2015,10,18,0.48,1.643
-144.254,49.977,2015,10,18,0.12,1.577
-70.702,40.024,2015,10,18,0.45,0.942
-70.697,40.021,2015,10,18,0.21,0.876
-70.0,40.17,2015,10,18,2.08,1.482
-70.001,40.167,2015,10,18,0.46,1.387
-70.074,39.424,2015,10,18,0.28,0.482
-70.692,40.018,2015,10,18,0.27,1.256
-70.001,40.16,2015,10,18,2.93,1.234
-70.0,40.157,2015,10,18,0.64,0.796
-144.787,50.075,2015,10,18,0.2,1.263
-70.685,40.015,2015,10,18,0.2,0.993
-69.998,40.151,2015,10,18,2.56,0.883
-144.673,50.204,2015,10,18,0.24,1.31
-70.679,40.01,2015,10,18,0.19,1.27
-69.998,40.149,2015,10,18,0.66,0.869
-89.378,-52.898,2015,10,18,0.18,0.144
-70.673,40.004,2015,10,18,0.18,0.803
-69.997,40.141,2015,10,18,2.57,1.35
-69.997,40.138,2015,10,18,0.46,0.723
-70.057,39.409,2015,10,18,0.62,0.23
-70.666,39.999,2015,10,18,0.18,1.394
-69.997,40.129,2015,10,18,2.48,1.482
-69.997,40.126,2015,10,18,0.46,1.204
-70.661,39.994,2015,10,18,0.18,2.037
-69.998,40.115,2015,10,18,2.63,1.708
-144.808,50.078,2015,10,18,0.19,0.583
-70.656,39.989,2015,10,18,0.19,2.095
-69.999,40.11,2015,10,18,0.43,1.38
-70.04,39.391,2015,10,18,0.28,0.281
-70.653,39.984,2015,10,18,0.19,2.037
-70.002,40.096,2015,10,18,2.93,1.803
-70.004,40.091,2015,10,18,0.6,1.518
-39.806,59.969,2015,10,18,0.1,1.146
-144.345,49.982,2015,10,18,0.22,0.403
-70.651,39.978,2015,10,18,0.2,1.971
-70.008,40.074,2015,10,18,2.12,1.256
-89.381,-52.885,2015,10,18,0.13,0.259
-70.011,40.068,2015,10,18,0.52,1.117
-70.024,39.369,2015,10,18,0.3,0.468
-70.648,39.973,2015,10,19,0.2,1.891
-70.016,40.052,2015,10,19,1.95,1.307
-70.019,40.048,2015,10,19,1.04,1.292
-42.439,-42.872,2015,10,19,0.16,1.339
-70.646,39.969,2015,10,19,0.21,1.854
-70.02,40.036,2015,10,19,2.11,1.299
-70.643,39.966,2015,10,19,0.2,2.029
-70.022,40.033,2015,10,19,0.53,1.35
-70.014,39.348,2015,10,19,0.34,0.338
-144.809,50.089,2015,10,19,0.24,1.059
-144.596,50.263,2015,10,19,0.18,0.576
-70.64,39.962,2015,10,19,0.22,2.168
-70.02,40.023,2015,10,19,0.65,1.336
-89.362,-52.881,2015,10,19,0.2,0.792
-70.637,39.959,2015,10,19,0.23,2.139
-70.021,40.02,2015,10,19,0.54,1.11
-70.635,39.955,2015,10,19,0.2,2.146
-70.018,40.011,2015,10,19,1.83,1.767
-70.019,40.006,2015,10,19,0.56,1.832
-70.004,39.338,2015,10,19,0.32,0.418
-144.422,49.994,2015,10,19,0.22,1.836
-70.631,39.952,2015,10,19,0.26,2.124
-39.772,59.941,2015,10,19,0.1,1.08
-144.803,50.076,2015,10,19,0.23,1.296
-70.628,39.948,2015,10,19,0.26,2.38
-70.016,39.995,2015,10,19,2.24,1.343
-70.016,39.991,2015,10,19,0.73,1.234
-70.004,39.35,2015,10,19,0.32,0.389
-70.625,39.946,2015,10,19,0.24,2.219
-70.017,39.977,2015,10,19,2.33,1.161
-89.35,-52.892,2015,10,19,0.36,0.821
-70.621,39.943,2015,10,19,0.22,2.088
-70.019,39.973,2015,10,19,0.54,1.321
-70.022,39.967,2015,10,19,1.87,1.124
-70.616,39.941,2015,10,19,0.24,2.037
-70.023,39.963,2015,10,19,0.53,1.059
-70.0,39.378,2015,10,19,0.33,0.396
-70.611,39.937,2015,10,19,0.25,1.095
-70.015,39.948,2015,10,19,3.0,1.314
-70.606,39.934,2015,10,19,0.26,1.08
-70.015,39.943,2015,10,19,0.72,0.745
-42.505,-42.866,2015,10,19,0.17,0.374
-70.601,39.929,2015,10,19,0.26,0.861
-70.017,39.926,2015,10,19,2.56,0.964
-70.007,39.405,2015,10,19,0.34,0.504
-144.811,50.089,2015,10,19,0.39,0.905
-144.512,50.304,2015,10,19,0.2,1.289
-89.36,-52.904,2015,10,19,0.63,0.497
-70.595,39.925,2015,10,19,0.26,1.241
-70.018,39.922,2015,10,19,0.53,0.526
-144.517,50.01,2015,10,19,0.38,1.728
-70.59,39.92,2015,10,19,0.26,0.978
-39.76,59.946,2015,10,19,0.1,0.526
-70.016,39.908,2015,10,19,2.79,0.533
-70.016,39.905,2015,10,19,0.56,0.737
-70.008,39.432,2015,10,19,0.36,0.425
-70.584,39.916,2015,10,19,0.27,1.161
-144.792,50.088,2015,10,19,0.53,1.152
-70.577,39.911,2015,10,19,0.25,1.095
-70.013,39.891,2015,10,19,1.74,0.701
-70.014,39.886,2015,10,19,0.57,0.985
-89.378,-52.899,2015,10,19,0.12,0.194
-70.009,39.871,2015,10,19,2.39,1.35
-70.011,39.459,2015,10,19,0.35,0.425
-70.009,39.866,2015,10,19,0.55,1.701
-144.769,50.079,2015,10,19,0.12,0.635
-70.539,39.907,2015,10,19,0.25,1.475
-70.003,39.85,2015,10,19,2.68,1.46
-70.004,39.846,2015,10,19,0.53,1.643
-70.016,39.487,2015,10,19,0.35,0.605
-144.411,50.333,2015,10,19,0.11,0.605
-144.605,50.013,2015,10,19,0.11,1.318
-70.001,39.827,2015,10,20,2.01,1.854
-42.557,-42.856,2015,10,20,0.14,1.267
-89.373,-52.884,2015,10,20,0.16,0.698
-70.003,39.824,2015,10,20,0.62,1.679
-39.741,59.973,2015,10,20,0.11,1.153
-70.509,39.895,2015,10,20,0.22,1.256
-70.03,39.517,2015,10,20,0.35,0.605
-144.395,50.318,2015,10,20,0.11,1.202
-70.025,39.823,2015,10,20,2.18,1.394
-70.03,39.823,2015,10,20,0.54,1.847
-70.788,39.882,2015,10,20,0.57,0.0657
-144.814,50.086,2015,10,20,0.11,1.274
-70.053,39.828,2015,10,20,2.24,1.993
-70.058,39.829,2015,10,20,0.56,1.913
-89.356,-52.879,2015,10,20,0.15,0.706
-70.474,39.883,2015,10,20,0.21,1.453
-70.083,39.833,2015,10,20,2.0,1.234
-70.088,39.834,2015,10,20,0.49,2.54
-144.694,50.032,2015,10,20,0.18,1.937
-70.108,39.833,2015,10,20,1.91,0.993
-144.803,50.078,2015,10,20,0.17,1.518
-70.112,39.833,2015,10,20,0.68,1.051
-39.666,59.964,2015,10,20,0.2,0.869
-89.351,-52.892,2015,10,20,0.22,0.77
-70.436,39.871,2015,10,20,0.23,1.467
-70.131,39.834,2015,10,20,2.48,0.701
-70.116,39.563,2015,10,20,0.35,0.331
-70.133,39.834,2015,10,20,0.69,0.613
-42.624,-42.857,2015,10,20,0.11,0.288
-144.339,50.249,2015,10,20,0.11,1.627
-70.152,39.831,2015,10,20,1.84,0.475
-70.153,39.831,2015,10,20,0.56,0.416
-70.408,39.857,2015,10,20,0.22,0.679
-144.802,50.073,2015,10,20,0.24,1.008
-70.174,39.83,2015,10,20,2.75,0.46
-70.176,39.83,2015,10,20,0.51,0.416
-144.758,50.059,2015,10,20,0.43,1.786
-89.365,-52.905,2015,10,20,0.25,0.41
-70.393,39.848,2015,10,20,0.22,0.701
-70.187,39.832,2015,10,20,2.46,0.562
-70.186,39.835,2015,10,20,0.7,0.511
-70.185,39.839,2015,10,20,2.69,0.577
-70.182,39.844,2015,10,20,0.46,0.467
-70.201,39.608,2015,10,20,0.3,0.202
-70.182,39.862,2015,10,20,1.9,1.007
-70.364,39.849,2015,10,20,0.21,2.161
-70.179,39.867,2015,10,20,0.67,1.029
-144.808,50.09,2015,10,20,0.66,0.27
-89.39,-52.906,2015,10,20,0.4,0.281
-70.18,39.884,2015,10,20,1.67,1.088
-70.179,39.888,2015,10,20,0.73,1.168
-144.287,50.181,2015,10,21,0.1,0.547
-70.184,39.906,2015,10,21,1.91,1.161
-70.185,39.91,2015,10,21,0.7,1.146
-42.691,-42.854,2015,10,21,0.1,1.094
-39.679,59.961,2015,10,21,0.11,0.985
-144.8,50.082,2015,10,21,0.1,0.806
-144.813,50.089,2015,10,21,0.52,0.67
-70.58,39.802,2015,10,21,0.37,0.832
-70.364,39.888,2015,10,21,0.2,1.248
-144.385,50.339,2015,10,21,0.23,1.051
-89.394,-52.897,2015,10,21,0.5,0.835
-70.187,39.928,2015,10,21,2.27,1.38
-70.189,39.934,2015,10,21,0.57,1.27
-70.257,39.659,2015,10,21,0.32,1.051
-70.188,39.952,2015,10,21,1.99,1.037
-70.372,39.925,2015,10,21,0.2,1.168
-70.189,39.957,2015,10,21,0.65,1.117
-70.187,39.975,2015,10,21,1.92,1.35
-89.382,-52.884,2015,10,21,0.61,0.785
-70.186,39.98,2015,10,21,0.65,1.153
-144.8,50.073,2015,10,21,0.35,1.299
-70.183,40.0,2015,10,21,2.06,1.336
-39.809,59.981,2015,10,21,0.12,0.898
-144.758,50.121,2015,10,21,0.78,1.721
-70.372,39.961,2015,10,21,0.2,1.073
-70.181,40.004,2015,10,21,0.55,1.168
-70.182,40.022,2015,10,21,2.62,0.985
-144.256,50.103,2015,10,21,0.12,1.476
-70.181,40.027,2015,10,21,0.57,0.993
-70.173,39.722,2015,10,21,0.32,0.886
-144.796,50.073,2015,10,21,0.36,1.13
-70.371,39.984,2015,10,21,0.23,0.657
-144.324,50.264,2015,10,21,0.15,1.591
-89.374,-52.888,2015,10,21,0.21,0.526
-70.185,40.044,2015,10,21,1.83,0.781
-70.185,40.047,2015,10,21,0.63,1.051
-42.756,-42.853,2015,10,21,0.11,0.317
-70.37,40.002,2015,10,21,0.22,0.548
-70.187,40.058,2015,10,21,2.25,0.584
-70.187,40.062,2015,10,21,0.51,0.467
-70.374,40.016,2015,10,21,0.23,0.504
-70.189,40.081,2015,10,21,2.26,0.511
-39.693,59.957,2015,10,21,0.1,0.54
-70.19,40.083,2015,10,21,0.52,0.438
-70.19,40.084,2015,10,21,2.68,0.737
-70.19,40.086,2015,10,21,0.56,0.635
-144.705,50.165,2015,10,21,0.25,1.26
-89.383,-52.888,2015,10,21,0.42,0.144
-70.375,40.03,2015,10,21,0.23,0.796
-70.179,40.098,2015,10,21,2.13,0.942
-70.178,40.101,2015,10,21,0.6,1.066
-144.795,50.082,2015,10,21,0.36,0.372
-70.378,40.042,2015,10,21,0.23,1.059
-70.175,40.114,2015,10,21,2.24,1.27
-70.081,39.771,2015,10,21,0.31,1.224
-70.38,40.054,2015,10,21,0.22,1.102
-70.175,40.117,2015,10,21,0.58,1.643
-144.223,50.031,2015,10,21,0.63,0.425
-70.175,40.127,2015,10,21,2.29,1.168
-70.176,40.129,2015,10,21,0.52,1.73
-89.394,-52.876,2015,10,21,0.44,0.281
-70.381,40.064,2015,10,22,0.25,1.204
-70.176,40.137,2015,10,22,2.42,0.913
-70.178,40.138,2015,10,22,0.57,0.985
-144.799,50.077,2015,10,22,0.74,0.583
-70.381,40.073,2015,10,22,0.24,1.007
-70.179,40.145,2015,10,22,2.53,0.971
-42.814,-42.857,2015,10,22,0.31,1.318
-39.743,59.976,2015,10,22,0.1,1.015
-144.275,50.186,2015,10,22,0.74,0.533
-70.181,40.147,2015,10,22,0.61,1.299
-42.817,-42.855,2015,10,22,0.36,1.31
-70.381,40.081,2015,10,22,0.25,1.183
-70.182,40.154,2015,10,22,2.31,1.161
-70.185,40.158,2015,10,22,0.58,1.139
-42.82,-42.855,2015,10,22,0.31,1.318
-42.824,-42.854,2015,10,22,0.25,1.31
-144.654,50.201,2015,10,22,0.15,1.562
-70.381,40.085,2015,10,22,0.26,1.336
-70.185,40.166,2015,10,22,2.37,0.891
-70.188,40.17,2015,10,22,0.52,2.161
-42.829,-42.854,2015,10,22,0.35,1.238
-89.382,-52.86,2015,10,22,0.26,0.799
-70.4,40.09,2015,10,22,0.26,1.139
-70.186,40.179,2015,10,22,2.16,1.132
-70.01,39.821,2015,10,22,0.33,1.951
-42.833,-42.854,2015,10,22,0.4,1.253
-42.837,-42.854,2015,10,22,0.26,1.246
-70.188,40.184,2015,10,22,0.62,1.285
-70.184,40.192,2015,10,22,2.04,0.971
-42.841,-42.854,2015,10,22,0.35,1.21
-70.415,40.09,2015,10,22,0.21,1.11
-70.184,40.197,2015,10,22,0.77,0.971
-42.845,-42.854,2015,10,22,0.55,1.181
-144.802,50.083,2015,10,22,0.25,1.387
-70.427,40.09,2015,10,22,0.2,0.942
-70.178,40.205,2015,10,22,2.4,0.752
-70.177,40.209,2015,10,22,0.51,0.832
-70.018,39.816,2015,10,22,0.31,1.217
-42.849,-42.855,2015,10,22,0.31,1.13
-42.853,-42.855,2015,10,22,0.31,0.95
-144.243,49.976,2015,10,22,0.2,1.742
-70.435,40.092,2015,10,22,0.21,1.307
-70.169,40.217,2015,10,22,2.23,0.964
-70.167,40.22,2015,10,22,0.48,1.241
-42.855,-42.855,2015,10,22,0.34,0.518
-70.442,40.095,2015,10,22,0.2,1.095
-70.16,40.229,2015,10,22,2.64,1.132
-70.157,40.232,2015,10,22,0.51,0.869
-42.861,-42.857,2015,10,22,0.31,0.454
-42.866,-42.857,2015,10,22,0.33,0.31
-89.351,-52.848,2015,10,22,0.29,0.677
-70.151,40.241,2015,10,22,2.55,0.993
-70.148,40.243,2015,10,22,0.55,0.825
-39.793,59.931,2015,10,22,0.1,0.832
-144.803,50.081,2015,10,22,0.23,1.44
-70.448,40.095,2015,10,22,0.21,1.015
-70.144,40.252,2015,10,22,1.82,0.825
-70.142,40.254,2015,10,22,0.52,0.372
-70.83,39.887,2015,10,22,0.13,1.426
-70.83,39.887,2015,10,22,4.66,1.008
-42.874,-42.857,2015,10,22,0.22,0.302
-144.231,49.982,2015,10,22,0.34,1.663
-144.226,50.113,2015,10,22,0.38,1.879
-144.602,50.24,2015,10,22,0.21,1.584
-70.454,40.097,2015,10,22,0.22,0.475
-70.138,40.261,2015,10,22,2.73,0.453
-70.83,39.886,2015,10,22,0.3,0.677
-70.46,40.098,2015,10,22,0.22,0.394
-70.135,40.263,2015,10,22,0.53,0.292
-70.132,40.27,2015,10,22,2.38,0.365
-70.822,39.885,2015,10,22,0.31,0.72
-70.467,40.099,2015,10,22,0.19,0.511
-70.128,40.273,2015,10,22,0.6,0.35
-70.125,40.281,2015,10,22,2.85,0.482
-89.335,-52.849,2015,10,22,0.28,0.194
-70.474,40.101,2015,10,22,0.18,0.38
-70.121,40.285,2015,10,22,0.86,0.423
-70.805,39.881,2015,10,22,0.3,0.533
-70.481,40.104,2015,10,22,0.19,0.35
-70.119,40.292,2015,10,22,2.55,0.518
-70.116,40.296,2015,10,22,0.52,0.336
-70.059,39.763,2015,10,22,0.32,0.562
-70.488,40.104,2015,10,22,0.18,0.263
-70.112,40.305,2015,10,22,2.25,0.577
-70.108,40.309,2015,10,22,0.57,0.365
-70.792,39.878,2015,10,22,0.25,0.583
-70.493,40.104,2015,10,22,0.16,0.314
-70.107,40.318,2015,10,22,2.31,0.584
-70.104,40.322,2015,10,22,0.66,0.372
-144.812,50.073,2015,10,22,0.26,0.482
-70.499,40.104,2015,10,22,0.16,0.431
-70.105,40.329,2015,10,22,2.12,0.825
-70.102,40.332,2015,10,22,0.45,0.599
-70.792,39.878,2015,10,22,0.26,0.835
-39.722,59.964,2015,10,22,0.11,1.183
-144.548,50.272,2015,10,22,0.37,0.439
-89.338,-52.847,2015,10,22,0.36,0.108
-70.502,40.103,2015,10,22,0.16,0.723
-70.1,40.339,2015,10,22,2.45,1.847
-70.097,40.341,2015,10,22,0.44,1.139
-70.095,40.347,2015,10,22,2.25,1.358
-70.092,40.349,2015,10,22,0.45,0.978
-70.09,40.354,2015,10,22,2.18,0.81
-70.792,39.875,2015,10,22,0.26,1.231
-42.896,-42.852,2015,10,22,0.35,0.936
-144.802,50.083,2015,10,22,0.63,0.353
-70.505,40.101,2015,10,22,0.18,0.883
-70.088,40.355,2015,10,22,0.45,0.759
-70.088,40.358,2015,10,22,2.21,1.044
-42.901,-42.855,2015,10,22,0.35,0.986
-42.906,-42.859,2015,10,22,0.41,0.914
-144.357,49.977,2015,10,22,0.23,0.382
-70.51,40.099,2015,10,23,0.16,0.642
-70.087,40.358,2015,10,23,0.42,1.183
-70.089,40.361,2015,10,23,2.34,0.891
-70.79,39.877,2015,10,23,0.25,1.037
-42.908,-42.863,2015,10,23,0.32,1.008
-144.214,50.037,2015,10,23,0.47,0.511
-70.516,40.097,2015,10,23,0.16,0.701
-70.089,40.361,2015,10,23,0.69,1.445
-70.091,40.362,2015,10,23,2.12,0.664
-70.79,39.877,2015,10,23,0.24,1.289
-70.107,39.717,2015,10,23,0.26,0.972
-42.91,-42.867,2015,10,23,0.37,0.965
-42.912,-42.87,2015,10,23,0.5,0.936
-70.523,40.095,2015,10,23,0.16,1.015
-70.092,40.361,2015,10,23,0.45,0.708
-70.094,40.363,2015,10,23,1.81,1.037
-42.914,-42.873,2015,10,23,0.33,0.958
-89.339,-52.832,2015,10,23,0.66,0.727
-70.534,40.093,2015,10,23,0.14,1.124
-70.095,40.363,2015,10,23,0.52,0.949
-70.097,40.364,2015,10,23,2.3,0.766
-70.788,39.879,2015,10,23,0.24,1.39
-42.916,-42.876,2015,10,23,0.41,0.943
-42.917,-42.879,2015,10,23,0.35,0.914
-70.544,40.093,2015,10,23,0.16,1.015
-70.099,40.365,2015,10,23,0.51,1.132
-70.1,40.367,2015,10,23,1.92,0.759
-70.792,39.876,2015,10,23,0.23,1.822
-42.918,-42.883,2015,10,23,0.36,0.95
-70.557,40.092,2015,10,23,0.12,1.059
-70.102,40.369,2015,10,23,0.44,1.037
-70.103,40.372,2015,10,23,2.17,0.752
-42.919,-42.885,2015,10,23,0.32,0.922
-42.92,-42.888,2015,10,23,0.58,0.936
-144.488,50.307,2015,10,23,0.24,1.757
-70.567,40.092,2015,10,23,0.12,0.985
-70.104,40.374,2015,10,23,0.43,0.847
-70.103,40.379,2015,10,23,2.38,0.511
-70.103,40.381,2015,10,23,0.53,0.65
-70.792,39.878,2015,10,23,0.24,1.426
-70.788,39.875,2015,10,23,0.22,1.332
-42.921,-42.89,2015,10,23,0.41,0.958
-39.734,59.99,2015,10,23,0.1,1.051
-70.101,40.386,2015,10,23,2.45,0.46
-70.1,40.388,2015,10,23,0.48,0.642
-70.789,39.876,2015,10,23,0.2,1.217
-42.922,-42.892,2015,10,23,0.3,0.972
-42.924,-42.894,2015,10,23,0.55,1.015
-144.815,50.072,2015,10,23,0.29,1.402
-89.315,-52.814,2015,10,23,0.47,0.691
-70.576,40.09,2015,10,23,0.12,1.416
-70.095,40.392,2015,10,23,2.01,0.445
-70.093,40.393,2015,10,23,0.69,0.621
-42.926,-42.895,2015,10,23,0.56,0.936
-70.585,40.086,2015,10,23,0.2,1.358
-70.085,40.399,2015,10,23,2.26,0.774
-70.082,40.399,2015,10,23,0.41,0.759
-70.791,39.875,2015,10,23,0.23,1.368
-42.929,-42.896,2015,10,23,0.39,0.907
-42.933,-42.897,2015,10,23,0.83,0.677
-144.805,50.078,2015,10,23,0.26,1.555
-70.592,40.083,2015,10,23,0.12,1.431
-70.084,40.399,2015,10,23,2.2,1.146
-70.082,40.399,2015,10,23,0.61,0.686
-70.794,39.874,2015,10,23,0.2,1.138
-70.158,39.668,2015,10,23,0.26,0.353
-42.937,-42.898,2015,10,23,0.55,0.396
-144.488,49.99,2015,10,23,0.23,1.894
-70.598,40.081,2015,10,23,0.14,1.409
-70.073,40.398,2015,10,23,2.44,0.504
-70.069,40.397,2015,10,23,0.46,0.606
-70.802,39.88,2015,10,23,0.2,1.202
-42.942,-42.901,2015,10,23,0.35,0.324
-42.947,-42.904,2015,10,23,0.37,0.353
-70.605,40.077,2015,10,23,0.16,1.0
-70.059,40.396,2015,10,23,2.05,0.686
-70.055,40.395,2015,10,23,0.42,0.475
-42.951,-42.908,2015,10,23,0.37,0.302
-144.266,49.975,2015,10,23,0.24,2.059
-89.268,-52.808,2015,10,23,0.28,0.446
-70.611,40.075,2015,10,23,0.18,0.628
-70.045,40.394,2015,10,23,2.18,0.642
-70.042,40.391,2015,10,23,0.46,0.533
-70.035,40.392,2015,10,23,2.62,0.759
-70.799,39.874,2015,10,23,0.24,0.67
-70.618,40.07,2015,10,23,0.14,0.511
-70.034,40.391,2015,10,23,0.48,0.401
-70.029,40.391,2015,10,23,2.1,0.263
-42.96,-42.915,2015,10,23,0.22,0.36
-144.424,50.33,2015,10,23,0.23,1.332
-70.626,40.066,2015,10,23,0.19,0.489
-70.03,40.389,2015,10,23,0.44,0.19
-70.026,40.389,2015,10,23,2.14,0.219
-70.808,39.879,2015,10,23,0.24,0.619
-39.736,59.945,2015,10,23,0.1,0.562
-70.027,40.387,2015,10,23,0.45,0.358
-70.026,40.387,2015,10,23,1.69,1.117
-70.805,39.878,2015,10,23,0.24,0.511
-70.635,40.063,2015,10,23,0.16,0.759
-70.028,40.385,2015,10,23,0.44,0.365
-70.027,40.386,2015,10,23,1.97,0.905
-70.8,39.877,2015,10,23,0.25,0.648
-89.237,-52.814,2015,10,23,0.41,0.122
-70.646,40.062,2015,10,23,0.17,0.898
-70.031,40.386,2015,10,23,0.9,0.591
-70.03,40.386,2015,10,23,2.29,1.073
-70.033,40.385,2015,10,23,0.69,0.803
-144.804,50.082,2015,10,23,0.26,0.482
-144.392,50.34,2015,10,23,0.86,0.634
-70.657,40.062,2015,10,23,0.16,1.292
-70.031,40.388,2015,10,23,2.12,1.818
-70.034,40.388,2015,10,23,0.57,0.854
-70.802,39.876,2015,10,23,0.25,0.965
-70.216,39.62,2015,10,23,0.26,0.317
-70.666,40.061,2015,10,23,0.14,1.409
-70.03,40.39,2015,10,23,2.45,1.219
-70.031,40.39,2015,10,23,0.58,1.168
-70.803,39.877,2015,10,23,0.25,1.325
-39.366,59.725,2015,10,23,0.37,1.382
-144.802,50.083,2015,10,23,0.44,0.374
-70.675,40.061,2015,10,23,0.18,1.285
-70.025,40.392,2015,10,23,2.13,1.059
-70.025,40.392,2015,10,23,0.48,0.883
-144.603,50.01,2015,10,23,0.18,0.468
-70.018,40.394,2015,10,23,2.3,0.964
-70.017,40.394,2015,10,23,0.64,1.548
-70.805,39.876,2015,10,23,0.26,1.26
-70.684,40.057,2015,10,23,0.21,1.745
-70.01,40.395,2015,10,23,2.52,1.628
-70.009,40.394,2015,10,23,0.49,0.934
-70.802,39.872,2015,10,23,0.26,1.44
-89.23,-52.811,2015,10,23,0.26,0.317
-70.692,40.053,2015,10,24,0.24,1.431
-70.003,40.396,2015,10,24,2.07,1.029
-70.004,40.394,2015,10,24,0.55,0.715
-39.711,59.959,2015,10,24,0.1,1.321
-144.392,49.97,2015,10,24,0.18,0.475
-70.702,40.048,2015,10,24,0.22,1.124
-70.001,40.396,2015,10,24,2.09,0.796
-70.003,40.394,2015,10,24,0.51,1.314
-70.791,39.859,2015,10,24,0.27,1.253
-42.987,-42.898,2015,10,24,0.17,1.39
-70.719,40.044,2015,10,24,0.22,1.314
-70.004,40.395,2015,10,24,2.51,0.81
-70.007,40.392,2015,10,24,0.47,0.854
-70.008,40.392,2015,10,24,2.39,0.971
-70.796,39.865,2015,10,24,0.28,1.195
-70.013,40.389,2015,10,24,0.51,0.876
-70.016,40.388,2015,10,24,2.39,0.956
-144.37,50.278,2015,10,24,0.19,1.822
-70.741,40.041,2015,10,24,0.22,1.416
-70.021,40.386,2015,10,24,0.74,0.876
-70.024,40.386,2015,10,24,2.32,0.788
-70.808,39.878,2015,10,24,0.31,1.634
-70.279,39.564,2015,10,24,0.31,0.526
-89.21,-52.8,2015,10,24,0.36,0.662
-70.764,40.045,2015,10,24,0.22,1.511
-70.029,40.384,2015,10,24,0.64,1.555
-70.033,40.385,2015,10,24,2.48,1.19
-70.806,39.879,2015,10,24,0.29,1.303
-70.038,40.385,2015,10,24,0.47,1.102
-70.041,40.387,2015,10,24,2.59,1.387
-144.806,50.084,2015,10,24,0.25,1.35
-70.788,40.047,2015,10,24,0.23,1.19
-70.045,40.387,2015,10,24,0.64,0.978
-70.046,40.39,2015,10,24,1.99,1.285
-70.793,39.88,2015,10,24,0.27,1.678
-70.791,39.878,2015,10,24,0.29,1.555
-144.807,50.081,2015,10,24,0.34,1.462
-70.05,40.391,2015,10,24,0.61,0.985
-70.049,40.395,2015,10,24,1.75,1.343
-70.052,40.397,2015,10,24,0.48,0.81
-144.723,50.042,2015,10,24,0.17,1.735
-70.81,40.05,2015,10,24,0.22,0.934
-70.05,40.4,2015,10,24,2.02,1.292
-70.052,40.403,2015,10,24,1.03,1.285
-70.795,39.877,2015,10,24,0.28,1.642
-39.636,59.944,2015,10,24,0.1,0.993
-70.83,40.049,2015,10,24,0.22,0.781
-70.048,40.405,2015,10,24,2.14,1.358
-70.05,40.407,2015,10,24,0.62,0.971
-70.798,39.876,2015,10,24,0.3,1.469
-89.165,-52.795,2015,10,24,0.48,0.583
-70.045,40.408,2015,10,24,2.23,1.285
-70.045,40.409,2015,10,24,0.65,0.766
-70.798,39.877,2015,10,24,0.31,1.505
-43.009,-42.874,2015,10,24,0.14,0.626
-70.849,40.048,2015,10,24,0.22,0.759
-70.04,40.408,2015,10,24,1.93,1.183
-70.041,40.408,2015,10,24,0.6,0.723
-70.339,39.508,2015,10,24,0.32,0.533
-144.517,49.977,2015,10,24,0.15,2.398
-144.331,50.23,2015,10,24,0.18,1.872
-70.036,40.406,2015,10,24,2.3,1.745
-70.038,40.405,2015,10,24,0.51,1.168
-70.802,39.879,2015,10,24,0.31,1.31
-70.868,40.045,2015,10,24,0.24,1.365
-70.033,40.402,2015,10,24,2.25,1.445
-70.036,40.401,2015,10,24,0.59,1.475
-70.89,40.043,2015,10,24,0.23,1.007
-70.033,40.4,2015,10,24,2.33,1.409
-70.037,40.399,2015,10,24,0.93,0.891
-70.037,40.398,2015,10,24,2.61,1.737
-70.803,39.867,2015,10,24,0.29,1.116
-89.125,-52.812,2015,10,24,0.18,0.122
-70.041,40.397,2015,10,24,0.49,0.942
-70.043,40.397,2015,10,24,2.13,1.562
-70.911,40.044,2015,10,24,0.23,1.635
-70.049,40.397,2015,10,24,0.51,1.46
-70.052,40.397,2015,10,24,2.19,1.511
-144.807,50.078,2015,10,24,0.29,2.248
-70.058,40.398,2015,10,24,0.74,2.73
-70.061,40.4,2015,10,24,1.77,1.949
-70.805,39.842,2015,10,24,0.3,1.361
-144.81,50.075,2015,10,24,0.22,0.727
-70.933,40.047,2015,10,24,0.2,1.934
-70.067,40.402,2015,10,24,0.49,1.219
-70.07,40.404,2015,10,24,2.4,2.088
-70.075,40.407,2015,10,24,0.71,1.81
-39.646,59.961,2015,10,24,0.11,0.985
-144.813,50.084,2015,10,24,0.18,0.562
-70.076,40.409,2015,10,24,2.54,3.117
-70.081,40.412,2015,10,24,0.48,2.431
-89.114,-52.831,2015,10,24,0.14,0.158
-70.955,40.048,2015,10,24,0.23,2.314
-70.08,40.415,2015,10,24,2.37,2.862
-70.083,40.418,2015,10,24,0.69,2.329
-70.799,39.814,2015,10,24,0.29,1.742
-70.401,39.448,2015,10,24,0.32,0.792
-144.314,50.18,2015,10,24,0.15,0.605
-70.081,40.419,2015,10,24,1.94,2.022
-70.082,40.422,2015,10,24,0.53,2.154
-43.032,-42.849,2015,10,24,0.18,1.166
-70.975,40.049,2015,10,24,0.23,2.219
-70.079,40.423,2015,10,24,2.43,2.19
-70.081,40.425,2015,10,24,0.49,2.445
-70.072,40.424,2015,10,25,2.77,1.883
-70.793,39.785,2015,10,25,0.3,1.26
-144.647,49.998,2015,10,25,0.21,0.511
-70.996,40.05,2015,10,25,0.21,2.555
-70.073,40.424,2015,10,25,0.53,1.956
-70.067,40.417,2015,10,25,2.37,1.956
-70.07,40.416,2015,10,25,0.45,2.059
-89.123,-52.839,2015,10,25,0.27,0.626
-71.017,40.051,2015,10,25,0.19,2.884
-70.069,40.409,2015,10,25,2.65,1.891
-70.789,39.756,2015,10,25,0.27,1.31
-70.073,40.407,2015,10,25,0.64,2.161
-39.494,59.924,2015,10,25,0.1,1.117
-144.799,50.081,2015,10,25,0.26,1.672
-71.041,40.053,2015,10,25,0.18,2.796
-70.079,40.404,2015,10,25,2.46,1.81
-70.085,40.404,2015,10,25,0.65,2.205
-70.469,39.392,2015,10,25,0.3,1.188
-144.802,50.082,2015,10,25,0.27,1.447
-70.784,39.728,2015,10,25,0.26,1.03
-144.759,50.148,2015,10,25,0.31,1.649
-144.286,50.129,2015,10,25,0.26,2.246
-71.065,40.06,2015,10,25,0.17,2.365
-70.092,40.405,2015,10,25,2.39,1.555
-70.097,40.406,2015,10,25,0.71,1.869
-89.114,-52.836,2015,10,25,0.1,0.619
-70.098,40.41,2015,10,25,2.29,1.402
-70.102,40.412,2015,10,25,0.58,1.511
-71.087,40.064,2015,10,25,0.19,3.92
-70.775,39.699,2015,10,25,0.26,0.979
-43.051,-42.814,2015,10,25,0.26,0.929
-71.105,40.068,2015,10,25,0.15,2.219
-70.096,40.417,2015,10,25,2.26,1.643
-70.097,40.419,2015,10,25,0.62,2.672
-70.085,40.421,2015,10,25,2.85,1.993
-71.121,40.071,2015,10,25,0.15,2.891
-70.086,40.423,2015,10,25,0.57,1.613
-70.764,39.671,2015,10,25,0.24,0.965
-144.757,50.037,2015,10,25,0.17,1.771
-89.086,-52.836,2015,10,25,0.35,0.41
-70.07,40.418,2015,10,25,1.82,1.891
-70.069,40.418,2015,10,25,0.64,1.613
-39.631,59.938,2015,10,25,0.19,0.555
-71.136,40.074,2015,10,25,0.13,2.248
-70.055,40.407,2015,10,25,2.32,1.913
-70.558,39.341,2015,10,25,0.27,0.972
-144.263,50.085,2015,10,25,0.17,1.814
-71.149,40.077,2015,10,25,0.15,2.102
-70.054,40.405,2015,10,25,0.41,1.08
-70.758,39.641,2015,10,25,0.23,0.432
-144.807,50.081,2015,10,25,0.2,1.562
-70.046,40.399,2015,10,25,2.03,1.591
-70.047,40.398,2015,10,25,0.44,1.467
-144.809,50.084,2015,10,25,0.35,1.498
-71.161,40.083,2015,10,25,0.13,1.832
-144.695,50.211,2015,10,25,0.29,1.562
-71.167,40.083,2015,10,25,0.13,2.635
-70.047,40.396,2015,10,25,2.53,2.292
-70.048,40.395,2015,10,25,0.58,2.256
-70.755,39.611,2015,10,25,0.22,0.799
-70.605,39.334,2015,10,25,0.24,1.253
-89.067,-52.854,2015,10,25,0.1,0.115
-71.164,40.08,2015,10,25,0.12,1.956
-70.052,40.398,2015,10,25,2.26,2.154
-71.161,40.072,2015,10,25,0.12,2.11
-70.055,40.399,2015,10,25,0.38,2.168
-43.055,-42.772,2015,10,25,0.23,0.756
-70.052,40.404,2015,10,25,2.34,2.927
-70.051,40.405,2015,10,25,0.71,3.577
-70.748,39.579,2015,10,25,0.23,0.958
-71.158,40.061,2015,10,25,0.13,2.124
-70.04,40.41,2015,10,25,2.61,2.504
-39.504,59.94,2015,10,25,0.21,1.241
-70.037,40.409,2015,10,25,0.41,2.599
-70.641,39.344,2015,10,25,0.24,1.037
-144.238,50.048,2015,10,25,0.12,0.893
-89.081,-52.871,2015,10,25,0.11,0.54
-71.159,40.049,2015,10,26,0.14,2.592
-70.022,40.409,2015,10,26,2.55,3.146
-70.019,40.407,2015,10,26,0.43,2.716
-70.74,39.543,2015,10,26,0.24,0.943
-144.811,50.085,2015,10,26,0.42,0.742
-71.16,40.034,2015,10,26,0.18,2.453
-70.005,40.4,2015,10,26,2.23,2.256
-70.002,40.398,2015,10,26,0.62,2.497
-70.001,40.398,2015,10,26,2.34,2.088
-69.999,40.396,2015,10,26,0.41,2.227
-70.737,39.507,2015,10,26,0.24,1.159
-144.809,50.084,2015,10,26,0.39,1.402
-144.802,50.08,2015,10,26,1.15,1.346
-144.627,50.263,2015,10,26,0.34,1.843
-71.167,40.018,2015,10,26,0.17,3.3
-70.003,40.381,2015,10,26,2.8,2.402
-70.005,40.376,2015,10,26,0.5,3.132
-89.106,-52.868,2015,10,26,0.11,0.734
-70.015,40.357,2015,10,26,2.1,2.489
-71.173,40.001,2015,10,26,0.18,1.767
-70.018,40.352,2015,10,26,0.83,2.453
-70.735,39.468,2015,10,26,0.27,0.734
-70.023,40.342,2015,10,26,2.16,2.402
-70.027,40.34,2015,10,26,0.68,2.424
-43.055,-42.722,2015,10,26,0.24,1.073
-144.853,50.117,2015,10,26,0.12,1.735
-70.693,39.365,2015,10,26,0.3,0.677
-39.495,59.953,2015,10,26,0.2,1.007
-144.24,50.005,2015,10,26,0.32,2.448
-71.178,39.984,2015,10,26,0.18,1.329
-70.031,40.337,2015,10,26,2.32,2.132
-70.033,40.336,2015,10,26,0.55,2.701
-70.732,39.427,2015,10,26,0.28,0.655
-70.03,40.337,2015,10,26,1.79,2.321
-89.101,-52.857,2015,10,26,0.11,0.684
-70.031,40.338,2015,10,26,0.92,3.54
-71.186,39.964,2015,10,26,0.22,1.285
-70.024,40.336,2015,10,26,2.03,2.059
-70.73,39.383,2015,10,26,0.3,0.619
-70.024,40.337,2015,10,26,0.51,1.621
-70.02,40.33,2015,10,26,2.52,1.518
-70.02,40.329,2015,10,26,0.66,1.672
-144.792,50.081,2015,10,26,0.1,1.219
-144.531,50.3,2015,10,26,0.31,1.67
-71.189,39.936,2015,10,26,0.22,1.051
-70.731,39.337,2015,10,26,0.33,0.583
-144.797,50.078,2015,10,26,0.1,1.31
-89.076,-52.858,2015,10,26,0.12,0.158
-70.023,40.314,2015,10,26,2.75,1.657
-70.025,40.311,2015,10,26,0.55,2.11
-70.737,39.382,2015,10,26,0.35,0.59
-70.033,40.291,2015,10,26,2.42,2.146
-39.521,59.962,2015,10,26,0.13,0.825
-144.237,49.977,2015,10,26,0.58,1.922
-70.038,40.287,2015,10,26,0.54,1.569
-70.732,39.287,2015,10,26,0.32,0.612
-43.051,-42.666,2015,10,26,0.24,0.324
-71.192,39.904,2015,10,26,0.22,1.358
-70.046,40.276,2015,10,26,2.12,2.299
-70.051,40.275,2015,10,26,0.57,2.343
-144.805,50.179,2015,10,26,0.15,0.979
-70.058,40.272,2015,10,26,2.37,3.263
-70.727,39.232,2015,10,26,0.34,0.936
-89.066,-52.871,2015,10,26,0.12,0.158
-70.061,40.272,2015,10,26,0.53,3.358
-71.191,39.878,2015,10,26,0.25,2.168
-70.064,40.271,2015,10,26,2.04,3.022
-70.581,39.59,2015,10,27,0.4,0.548
-71.19,39.869,2015,10,27,0.26,1.854
-70.068,40.271,2015,10,27,0.59,3.533
-70.721,39.172,2015,10,27,0.36,0.821
-70.065,40.268,2015,10,27,1.55,2.862
-70.067,40.268,2015,10,27,0.85,2.986
-70.775,39.402,2015,10,27,0.37,0.742
-144.81,50.083,2015,10,27,0.15,1.708
-144.43,50.33,2015,10,27,0.11,1.404
-144.331,49.994,2015,10,27,0.1,1.591
-144.809,50.087,2015,10,27,0.1,1.397
-89.081,-52.875,2015,10,27,0.11,0.727
-70.063,40.257,2015,10,27,2.74,2.723
-70.066,40.255,2015,10,27,0.65,3.322
-70.716,39.121,2015,10,27,0.37,0.706
-39.574,59.948,2015,10,27,0.14,0.927
-71.173,39.847,2015,10,27,0.35,1.942
-70.066,40.239,2015,10,27,2.26,2.54
-70.071,40.237,2015,10,27,0.61,2.562
-43.043,-42.612,2015,10,27,0.28,1.08
-70.733,39.092,2015,10,27,0.35,0.727
-70.074,40.225,2015,10,27,2.64,2.292
-70.08,40.222,2015,10,27,0.59,2.789
-144.727,50.236,2015,10,27,0.11,1.714
-71.159,39.83,2015,10,27,0.27,1.832
-89.087,-52.866,2015,10,27,0.1,0.727
-70.522,39.54,2015,10,27,1.68,0.292
-70.085,40.221,2015,10,27,2.38,2.263
-70.091,40.222,2015,10,27,0.55,2.263
-70.759,39.08,2015,10,27,0.38,0.662
-71.149,39.826,2015,10,27,0.28,1.934
-70.786,39.415,2015,10,27,0.37,0.706
-144.42,49.996,2015,10,27,0.1,2.29
-70.091,40.227,2015,10,27,3.06,1.978
-70.095,40.23,2015,10,27,1.01,2.0
-71.137,39.826,2015,10,27,0.27,1.095
-70.781,39.066,2015,10,27,0.38,0.634
-39.645,59.938,2015,10,27,0.1,0.971
-144.798,50.072,2015,10,27,0.32,1.526
-70.087,40.231,2015,10,27,2.2,1.686
-70.089,40.233,2015,10,27,0.63,1.621
-89.066,-52.853,2015,10,27,0.12,0.31
-144.809,50.074,2015,10,27,0.1,2.329
-70.079,40.228,2015,10,27,2.68,1.686
-70.08,40.228,2015,10,27,0.63,1.643
-70.802,39.05,2015,10,27,0.37,0.497
-71.121,39.828,2015,10,27,0.29,0.599
-70.072,40.214,2015,10,27,2.92,1.803
-70.074,40.211,2015,10,27,0.55,1.613
-43.037,-42.561,2015,10,27,0.29,0.238
-70.823,39.035,2015,10,27,0.38,0.554
-144.648,50.29,2015,10,27,0.23,1.123
-70.073,40.197,2015,10,27,2.43,2.686
-70.078,40.195,2015,10,27,0.61,2.438
-70.751,39.459,2015,10,27,0.37,0.49
-144.513,50.006,2015,10,27,0.35,1.836
-89.027,-52.86,2015,10,27,0.11,0.122
-71.1,39.823,2015,10,27,0.27,1.978
-70.08,40.194,2015,10,27,3.06,2.007
-70.086,40.194,2015,10,27,0.59,2.942
-70.838,39.021,2015,10,27,0.37,0.85
-39.717,59.938,2015,10,27,0.13,1.146
-70.086,40.198,2015,10,27,2.31,2.701
-70.089,40.199,2015,10,27,0.54,2.205
-144.802,50.072,2015,10,27,0.1,0.35
-144.796,50.079,2015,10,27,0.39,0.403
-70.829,39.007,2015,10,28,0.37,0.871
-89.012,-52.88,2015,10,28,0.12,0.446
-71.079,39.82,2015,10,28,0.25,1.409
-70.08,40.202,2015,10,28,2.42,2.964
-70.084,40.202,2015,10,28,0.55,2.818
-70.069,40.199,2015,10,28,2.05,2.08
-70.822,38.994,2015,10,28,0.35,0.763
-70.742,39.519,2015,10,28,0.37,1.008
-70.073,40.198,2015,10,28,0.64,2.146
-43.028,-42.524,2015,10,28,0.28,0.727
-144.604,50.009,2015,10,28,0.24,2.03
-71.06,39.821,2015,10,28,0.28,1.445
-70.065,40.184,2015,10,28,2.46,2.007
-70.07,40.182,2015,10,28,0.55,2.051
-70.822,38.979,2015,10,28,0.36,0.756
-144.554,50.323,2015,10,28,0.19,1.843
-89.026,-52.892,2015,10,28,0.34,0.655
-70.063,40.171,2015,10,28,2.39,1.657
-39.549,59.968,2015,10,28,0.1,0.92
-70.068,40.169,2015,10,28,0.65,1.796
-71.039,39.819,2015,10,28,0.24,1.402
-70.065,40.168,2015,10,28,2.46,1.059
-70.823,38.966,2015,10,28,0.34,0.641
-144.802,50.091,2015,10,28,0.1,1.898
-70.07,40.166,2015,10,28,0.81,1.423
-144.787,50.087,2015,10,28,0.11,1.562
-89.043,-52.886,2015,10,28,0.1,0.598
-70.061,40.172,2015,10,28,1.96,1.161
-70.065,40.173,2015,10,28,0.57,1.153
-70.823,38.951,2015,10,28,0.31,0.511
-70.741,39.598,2015,10,28,0.34,1.102
-144.669,50.037,2015,10,28,0.48,1.771
-71.027,39.821,2015,10,28,0.23,1.905
-70.051,40.175,2015,10,28,1.73,1.372
-70.052,40.176,2015,10,28,0.79,1.124
-70.831,38.935,2015,10,28,0.31,0.619
-43.016,-42.489,2015,10,28,0.3,0.209
-70.034,40.172,2015,10,28,2.52,0.964
-70.036,40.173,2015,10,28,0.5,1.832
-39.539,59.965,2015,10,28,0.1,0.511
-144.39,50.305,2015,10,28,0.12,1.39
-89.036,-52.873,2015,10,28,0.1,0.194
-71.014,39.826,2015,10,28,0.19,1.497
-70.024,40.16,2015,10,28,1.92,0.869
-70.028,40.16,2015,10,28,0.61,1.256
-70.857,38.928,2015,10,28,0.26,0.576
-144.45,50.335,2015,10,28,0.11,1.267
-144.82,50.071,2015,10,28,0.14,0.504
-70.026,40.157,2015,10,28,2.38,1.044
-70.725,39.684,2015,10,28,0.28,1.627
-70.032,40.159,2015,10,28,2.67,1.263
-70.884,38.921,2015,10,28,0.22,0.655
-144.77,50.051,2015,10,28,0.45,0.626
-71.001,39.83,2015,10,28,0.14,1.905
-70.036,40.165,2015,10,28,2.21,0.766
-144.822,50.084,2015,10,28,0.14,0.403
-88.996,-52.874,2015,10,28,0.1,0.216
-70.04,40.167,2015,10,28,2.99,0.993
-70.036,40.176,2015,10,29,2.51,0.788
-70.909,38.913,2015,10,29,0.2,0.799
-70.039,40.18,2015,10,29,2.6,0.927
-70.992,39.832,2015,10,29,0.11,1.453
-43.011,-42.473,2015,10,29,0.31,0.9
-39.554,59.961,2015,10,29,0.1,1.088
-144.34,50.245,2015,10,29,0.13,1.951
-70.027,40.184,2015,10,29,1.26,0.759
-70.026,40.188,2015,10,29,3.14,0.796
-70.935,38.903,2015,10,29,0.18,0.698
-144.765,50.077,2015,10,29,0.1,2.081
-88.976,-52.892,2015,10,29,0.1,0.77
-70.014,40.182,2015,10,29,2.09,0.577
-70.013,40.184,2015,10,29,2.5,0.766
-70.708,39.749,2015,10,29,0.15,1.238
-70.984,39.836,2015,10,29,0.1,1.278
-70.963,38.894,2015,10,29,0.12,0.713
-144.783,50.07,2015,10,29,0.11,1.964
-144.393,50.332,2015,10,29,0.14,1.75
-70.008,40.169,2015,10,29,2.43,0.978
-70.006,40.171,2015,10,29,2.86,1.102
-70.005,40.163,2015,10,29,0.76,1.066
-70.005,40.162,2015,10,29,1.85,1.007
-70.005,40.152,2015,10,29,2.24,1.161
-70.991,38.889,2015,10,29,0.14,0.576
-144.8,50.067,2015,10,29,0.24,1.764
-88.985,-52.908,2015,10,29,0.34,0.785
-70.966,39.839,2015,10,29,0.1,1.117
-70.005,40.153,2015,10,29,1.42,1.095
-70.004,40.142,2015,10,29,2.06,0.913
-39.535,59.971,2015,10,29,0.1,0.847
-70.004,40.144,2015,10,29,3.24,0.971
-71.016,38.89,2015,10,29,0.12,0.49
-70.673,39.795,2015,10,29,0.12,0.626
-144.292,50.182,2015,10,29,0.37,2.232
-144.728,50.129,2015,10,29,0.11,2.03
-69.999,40.137,2015,10,29,1.59,0.993
-69.996,40.14,2015,10,29,3.15,1.073
-43.01,-42.454,2015,10,29,0.3,0.216
-70.942,39.841,2015,10,29,0.1,0.942
-71.042,38.891,2015,10,29,0.11,0.367
-89.006,-52.904,2015,10,29,0.1,0.382
-69.988,40.128,2015,10,29,2.4,0.686
-69.983,40.127,2015,10,29,2.72,0.759
-144.791,50.093,2015,10,29,0.22,1.438
-69.983,40.105,2015,10,29,2.59,0.825
-71.064,38.886,2015,10,29,0.11,0.266
-144.376,50.306,2015,10,29,0.12,1.678
-70.921,39.836,2015,10,29,0.1,1.358
-69.983,40.098,2015,10,29,1.95,1.022
-39.513,59.977,2015,10,29,0.13,0.869
-144.789,50.081,2015,10,29,0.11,0.569
-89.0,-52.89,2015,10,29,0.12,0.259
-71.085,38.883,2015,10,29,0.11,0.576
-69.998,40.066,2015,10,29,3.05,1.548
-70.628,39.814,2015,10,29,0.12,1.087
-144.676,50.163,2015,10,29,0.23,0.792
-70.909,39.835,2015,10,29,0.1,1.467
-71.111,38.879,2015,10,30,0.12,0.648
-144.249,50.109,2015,10,30,0.1,0.605
-70.006,40.043,2015,10,30,2.73,1.497
-43.006,-42.44,2015,10,30,0.23,1.181
-70.901,39.837,2015,10,30,0.1,1.423
-88.97,-52.882,2015,10,30,0.15,0.778
-71.137,38.879,2015,10,30,0.12,0.605
-69.993,40.028,2015,10,30,3.02,1.548
-144.813,50.084,2015,10,30,0.15,1.562
-70.588,39.832,2015,10,30,0.14,1.159
-70.883,39.84,2015,10,30,0.1,1.672
-71.159,38.88,2015,10,30,0.13,0.562
-39.523,59.969,2015,10,30,0.12,0.803
-144.32,50.244,2015,10,30,0.44,2.282
-144.629,50.203,2015,10,30,0.19,2.131
-69.977,40.006,2015,10,30,2.44,1.453
-144.797,50.084,2015,10,30,0.15,1.778
-88.938,-52.894,2015,10,30,0.14,0.806
-70.128,39.52,2015,10,30,1.48,0.35
-70.573,39.828,2015,10,30,0.15,1.318
-70.871,39.841,2015,10,30,0.1,0.964
-71.18,38.884,2015,10,30,0.16,0.619
-69.977,39.974,2015,10,30,2.56,0.861
-144.216,50.033,2015,10,30,0.1,2.11
-71.199,38.888,2015,10,30,0.17,0.475
-43.004,-42.43,2015,10,30,0.16,0.994
-88.921,-52.909,2015,10,30,0.56,0.238
-70.857,39.848,2015,10,30,0.1,0.555
-69.993,39.944,2015,10,30,1.19,0.774
-71.219,38.89,2015,10,30,0.18,0.367
-39.542,59.971,2015,10,30,0.15,0.577
-144.579,50.239,2015,10,30,0.14,1.642
-144.801,50.067,2015,10,30,0.11,1.606
-70.834,39.85,2015,10,30,0.1,0.526
-70.542,39.803,2015,10,30,0.17,0.511
-144.274,50.172,2015,10,30,0.1,2.225
-69.996,39.916,2015,10,30,1.6,0.38
-71.24,38.893,2015,10,30,0.19,0.432
-144.819,50.081,2015,10,30,0.15,0.878
-88.935,-52.919,2015,10,30,0.27,0.144
-70.811,39.845,2015,10,30,0.1,1.256
-71.26,38.898,2015,10,30,0.19,0.857
-69.995,39.886,2015,10,30,2.97,0.533
-144.278,49.99,2015,10,30,0.1,2.268
-88.943,-52.915,2015,10,30,0.4,0.245
-70.797,39.848,2015,10,31,0.11,1.212
-71.286,38.906,2015,10,31,0.21,1.008
-43.01,-42.41,2015,10,31,0.12,1.67
-39.525,59.982,2015,10,31,0.11,0.927
-144.529,50.278,2015,10,31,0.13,0.691
-70.502,39.781,2015,10,31,0.2,1.303
-70.034,39.565,2015,10,31,0.19,0.0511
-70.003,39.861,2015,10,31,3.17,0.511
-71.306,38.922,2015,10,31,0.22,0.742
-144.799,50.079,2015,10,31,0.11,1.672
-70.768,39.849,2015,10,31,0.12,2.029
-144.798,50.062,2015,10,31,0.1,1.858
-144.222,50.101,2015,10,31,0.12,2.419
-88.932,-52.905,2015,10,31,0.43,0.814
-69.989,39.849,2015,10,31,1.76,0.664
-71.324,38.932,2015,10,31,0.24,1.015
-70.742,39.849,2015,10,31,0.12,1.606
-70.029,39.597,2015,10,31,1.28,0.277
-71.339,38.944,2015,10,31,0.24,0.677
-144.4,49.985,2015,10,31,0.12,1.858
-144.473,50.303,2015,10,31,0.24,1.915
12.7584,-11.009,2015,10,31,3.0,0.157
-70.465,39.759,2015,10,31,0.26,0.922
-39.521,59.981,2015,10,31,0.1,0.861
-88.899,-52.908,2015,10,31,0.81,0.814
12.7686,-10.9984,2015,10,31,3.4,0.169
-69.976,39.826,2015,10,31,2.03,0.715
-43.02,-42.381,2015,10,31,0.19,0.288
-70.714,39.85,2015,10,31,0.16,1.307
-71.355,38.958,2015,10,31,0.27,0.734
-70.071,39.629,2015,10,31,4.27,0.226
12.7876,-10.9809,2015,10,31,3.4,0.194
-70.012,39.821,2015,10,31,1.63,0.591
-71.367,38.972,2015,10,31,0.27,0.526
-144.789,50.082,2015,10,31,0.15,1.38
-70.678,39.856,2015,10,31,0.19,0.445
-70.002,39.833,2015,10,31,2.25,0.365
-144.789,50.089,2015,10,31,0.1,1.368
-144.195,50.037,2015,10,31,0.27,2.023
-88.875,-52.921,2015,10,31,0.36,0.194
12.8109,-10.9616,2015,10,31,3.2,0.218
-70.0,39.836,2015,10,31,2.6,0.445
-144.41,50.332,2015,10,31,0.14,1.49
-54.58947,-61.05073,2015,1,13,2.97,0.3852
-54.6295,-60.981,2015,1,13,2.97,0.4684
-54.70878,-60.84999,2015,1,13,2.97,0.3491
-54.72118,-60.83309,2015,1,13,2.97,0.1118
-54.74201,-60.80038,2015,1,13,2.97,0.1164
-54.82585,-60.66733,2015,1,13,0.99,0.0823
-55.01728,-60.3322,2015,1,13,0.99,0.1286
-55.2325,-60.00063,2015,1,14,2.97,0.1124
-55.44346,-59.66621,2015,1,14,2.97,0.3983
-55.65069,-59.33228,2015,1,14,2.97,0.3094
-55.84964,-59.00116,2015,1,14,2.97,0.1545
-56.05386,-58.68335,2015,1,14,0.99,0.1785
-56.24795,-58.36496,2015,1,15,0.99,0.1347
-56.44716,-58.05,2015,1,15,2.97,0.1568
-56.81909,-57.41778,2015,1,15,4.95,0.0199
-57.02177,-57.09924,2015,1,15,4.95,0.1614
-57.42721,-56.46863,2015,1,16,4.95,0.282
-57.99991,-55.1698,2015,1,17,4.95,0.1713
-58.00002,-55.06996,2015,1,17,4.95,0.3747
-58.00375,-54.97763,2015,1,18,4.95,0.8871
-125.50134,48.57617,2015,2,11,1.98,0.625
-125.99966,48.60083,2015,2,11,1.98,0.878
-125.99934,48.60083,2015,2,11,1.98,1.004
-125.99917,48.6,2015,2,11,1.98,1.076
-126.334,48.6255,2015,2,12,1.98,1.312
-126.666,48.65017,2015,2,12,1.98,1.281
-126.6665,48.65017,2015,2,12,1.98,1.243
-126.66666,48.65033,2015,2,12,1.98,1.231
-126.66666,48.65033,2015,2,12,1.98,1.23
-127.66917,48.74434,2015,2,12,0.99,0.836
-128.16733,48.777,2015,2,12,3.97,0.74
-128.66566,48.816,2015,2,13,1.98,0.673
-129.1665,48.85633,2015,2,13,1.98,1.176
-129.6665,48.89367,2015,2,13,1.98,1.37
-130.16333,48.93367,2015,2,13,1.98,1.274
-130.66417,48.96967,2015,2,13,1.98,0.517
-130.6665,48.97017,2015,2,14,0.99,0.867
-130.6665,48.97017,2015,2,14,1.98,1.521
-131.66516,49.04317,2015,2,14,1.98,1.278
-132.66566,49.12333,2015,2,14,1.98,1.185
-133.66684,49.19983,2015,2,14,3.97,0.514
-134.66701,49.28333,2015,2,15,1.98,1.131
-134.66684,49.2835,2015,2,15,1.98,1.129
-134.66684,49.2835,2015,2,15,1.98,1.126
-134.66684,49.2835,2015,2,15,3.97,1.067
-135.66884,49.35033,2015,2,15,2.97,0.835
-136.6675,49.43417,2015,2,16,0.0,1.234
-137.66766,49.50017,2015,2,16,2.97,1.176
-138.66783,49.56767,2015,2,16,0.99,0.89
-138.66884,49.5665,2015,2,16,3.97,0.645
-139.66733,49.63283,2015,2,17,2.97,1.177
-140.66617,49.701,2015,2,17,1.98,1.168
-141.66733,49.76717,2015,2,17,0.99,1.193
-142.668,49.838,2015,2,17,1.98,0.762
-143.605,49.9995,2015,2,18,2.97,1.191
-144.30434,49.9985,2015,2,18,2.97,1.322
-144.9995,49.99983,2015,2,18,0.99,1.183
-144.99966,49.99983,2015,2,18,0.99,1.19
-145.00034,49.99983,2015,2,18,1.98,0.726
-144.9995,50.00033,2015,2,18,2.97,0.353
-144.99983,49.99983,2015,2,18,2.97,0.454
-145.0,49.99983,2015,2,19,2.97,1.207
-145.0,49.99983,2015,2,19,1.98,1.253
-145.0,49.99983,2015,2,19,1.98,1.232
-127.16333,48.69167,2015,2,22,1.98,1.748
-126.667,48.65033,2015,2,22,1.98,0.73
-126.6665,48.64983,2015,2,22,3.97,1.264
-126.6665,48.64983,2015,2,22,2.97,1.063
140.1885,-44.002,2015,3,28,4.0006,0.8141
131.997,-64.933,2015,4,4,4.9995,0.4167
130.4055,-64.9925,2015,4,6,4.9994,0.8344
127.8103,-64.925,2015,4,7,4.9995,0.8081
122.4055,-65.4435,2015,4,9,4.9993,0.0827
122.007,-65.0008,2015,4,10,4.0004,0.474
118.936,-65.0863,2015,4,12,4.9994,0.9907
118.2655,-65.2322,2015,4,15,4.9994,0.0214
120.104,-64.9853,2015,4,17,4.9994,0.0325
148.40163,-42.634,2015,4,17,3.0,27.5337
148.5009,-42.668,2015,4,18,2.0,26.6185
148.48299,-42.74172,2015,4,19,2.0,15.2332
126.0002,-64.7497,2015,4,20,4.9995,0.1566
148.8521,-42.76805,2015,4,20,4.0,26.9155
148.90244,-42.99217,2015,4,20,2.0,26.3632
148.49846,-42.67131,2015,4,21,2.0,28.0425
128.3592,-64.0483,2015,4,22,4.9998,0.1065
153.44791,-31.32733,2015,5,16,4.0,23.6463
154.68137,-27.22881,2015,5,19,3.0,19.8562
-70.593,40.032,2015,5,20,3.0,1.57
154.46725,-27.22981,2015,5,20,4.0,23.2577
-70.618,39.842,2015,5,20,3.0,1.37
154.20959,-27.25854,2015,5,20,4.0,19.1441
154.29887,-27.23729,2015,5,20,2.0,19.3532
-72.752,39.057,2015,5,21,3.0,1.98
-72.592,39.01,2015,5,21,3.0,0.82
154.33302,-27.21503,2015,5,21,3.0,17.1191
154.88315,-27.16248,2015,5,21,3.0,20.5884
-74.255,37.703,2015,5,21,3.0,1.26
-74.675,36.01,2015,5,22,3.0,1.61
-74.767,36.0,2015,5,22,3.0,1.52
-75.468,35.99,2015,5,22,3.0,1.28
-75.185,36.0,2015,5,22,4.0,0.99
-74.587,37.838,2015,5,23,4.0,1.41
-74.948,37.997,2015,5,23,4.0,2.76
154.02571,-27.27952,2015,5,23,2.0,21.7532
-73.387,39.355,2015,5,24,4.0,1.13
153.91888,-27.32519,2015,5,24,4.0,23.7521
-74.0,39.698,2015,5,24,4.0,3.52
155.39655,-27.07892,2015,5,24,2.0,22.486
154.08296,-27.29233,2015,5,25,3.0,27.7025
153.95158,-27.3137,2015,5,25,0.0,6.5302
-70.628,41.103,2015,5,25,3.0,1.14
-70.605,40.673,2015,5,25,4.0,2.93
-69.158,40.895,2015,5,26,3.0,1.14
-67.707,40.918,2015,5,27,4.0,3.22
-67.703,40.387,2015,5,27,4.0,0.93
-67.688,40.253,2015,5,27,4.0,0.75
-65.457,41.747,2015,5,28,4.0,2.04
-65.768,42.22,2015,5,28,4.0,0.63
-67.682,41.475,2015,5,29,4.0,3.97
-67.682,42.0,2015,5,29,4.0,2.16
-67.708,42.7,2015,5,30,4.0,1.73
-67.057,42.385,2015,5,30,3.0,1.36
-66.347,43.037,2015,5,30,4.0,2.24
-67.7,43.395,2015,5,31,3.0,7.8
-67.872,43.492,2015,5,31,3.0,5.13
-67.713,44.198,2015,5,31,3.0,4.43
-68.665,43.778,2015,5,31,4.0,5.95
-69.682,42.5,2015,6,1,4.0,2.52
-70.418,43.0,2015,6,2,2.0,2.5
-70.618,42.428,2015,6,2,4.0,3.11
-70.467,42.373,2015,6,2,4.0,4.73
-70.29,42.315,2015,6,2,2.0,4.71
153.53995,-26.84754,2015,6,3,2.0,29.4104
153.87782,-26.9825,2015,6,3,3.0,23.1539
153.88223,-26.97942,2015,6,3,2.0,23.0738
153.77217,-27.717,2015,6,3,4.0,20.7848
154.33702,-28.6587,2015,6,4,2.0,25.9936
154.50034,-28.82884,2015,6,4,3.0,25.3512
154.10638,-28.58924,2015,6,6,4.0,24.1268
154.41724,-28.59049,2015,6,6,4.0,25.5343
154.72902,-28.58827,2015,6,6,4.0,28.2742
155.36589,-28.59778,2015,6,6,4.0,25.919
153.77309,-28.59172,2015,6,6,3.0,23.7595
153.56075,-30.0228,2015,6,7,2.0,23.8225
153.57014,-30.02841,2015,6,7,4.0,24.3987
153.57884,-30.02884,2015,6,7,3.0,24.6829
153.60442,-30.03568,2015,6,7,3.0,25.1279
153.65189,-30.05793,2015,6,7,2.0,23.231
-125.49983,48.57467,2015,6,8,2.97,9.806
-125.99983,48.60133,2015,6,8,1.98,14.11
-126.003,48.60083,2015,6,8,1.98,15.345
-126.33167,48.62417,2015,6,8,1.98,5.245
-126.66566,48.64883,2015,6,9,2.97,1.516
-126.6665,48.64983,2015,6,9,1.98,3.095
-126.6665,48.64983,2015,6,9,3.97,1.975
153.21651,-32.66315,2015,6,9,3.0,30.6937
-126.6665,48.64983,2015,6,9,1.98,2.117
-126.6665,48.64983,2015,6,9,1.98,3.338
-126.68433,48.65317,2015,6,9,4.96,2.428
153.22263,-32.59529,2015,6,9,1.0,26.9298
153.2188,-32.71795,2015,6,10,4.0,31.4582
-128.66484,48.8155,2015,6,10,1.98,0.452
153.2241,-32.34772,2015,6,10,4.0,28.5304
-129.16617,48.85617,2015,6,10,2.97,0.333
152.6993,-32.49876,2015,6,10,0.0,14.1424
-129.66484,48.89267,2015,6,10,1.98,0.334
-130.1655,48.93283,2015,6,10,1.98,0.183
-130.6655,48.96967,2015,6,10,0.99,0.147
152.96448,-32.0563,2015,6,10,2.0,24.6572
-130.66634,48.97,2015,6,10,1.98,0.159
-130.66484,48.969,2015,6,11,2.97,0.274
153.13612,-32.58519,2015,6,11,3.0,27.2155
-130.6665,48.9705,2015,6,11,1.98,0.306
153.18706,-32.58975,2015,6,11,4.0,27.7494
153.29442,-32.59716,2015,6,11,2.0,29.1797
-130.66783,48.97,2015,6,11,2.97,0.349
153.37363,-32.60251,2015,6,11,4.0,29.1863
153.45506,-32.60781,2015,6,11,0.0,19.3041
-130.66617,48.97,2015,6,11,1.98,0.344
153.59178,-32.67856,2015,6,11,4.0,25.4184
-131.66383,49.04367,2015,6,11,2.97,0.361
153.30453,-32.71796,2015,6,11,2.0,26.4773
-132.664,49.12366,2015,6,11,1.98,0.295
-132.66484,49.12283,2015,6,11,3.97,0.256
-133.66434,49.199,2015,6,12,1.98,0.677
-134.6655,49.28233,2015,6,12,1.98,1.007
153.37419,-32.74527,2015,6,12,4.0,27.1932
-134.6655,49.282,2015,6,12,1.98,1.052
-134.66583,49.28283,2015,6,12,1.98,1.138
153.78966,-32.80711,2015,6,12,2.0,24.1994
-135.66484,49.3495,2015,6,12,2.97,0.411
-135.66617,49.34867,2015,6,12,1.98,0.369
-136.66817,49.43233,2015,6,13,2.97,1.182
-137.666,49.4995,2015,6,13,1.98,2.099
-138.6655,49.56733,2015,6,13,1.98,1.316
153.37344,-30.61772,2015,6,13,3.0,22.5305
153.36833,-30.62263,2015,6,13,3.0,23.0269
-138.66634,49.5665,2015,6,13,0.99,0.864
-138.66634,49.56633,2015,6,14,1.98,1.985
-139.666,49.63267,2015,6,14,1.98,1.795
-140.66566,49.69933,2015,6,14,2.97,1.39
-141.66617,49.76567,2015,6,14,2.97,0.592
-142.66566,49.83733,2015,6,15,1.98,1.727
-143.60434,49.99933,2015,6,15,3.97,1.712
-144.30367,49.998,2015,6,15,2.97,2.065
153.15614,-32.00554,2015,6,15,4.0,22.8396
153.08041,-32.00444,2015,6,16,4.0,24.9512
-144.84383,50.135,2015,6,16,3.97,1.033
-145.0005,49.99967,2015,6,16,2.97,0.936
152.98222,-32.01508,2015,6,16,0.0,12.9056
-144.99983,49.99983,2015,6,16,2.97,1.134
152.91489,-32.00843,2015,6,16,3.0,30.5794
152.83214,-32.00298,2015,6,16,4.0,31.1287
-144.99817,50.00017,2015,6,16,1.98,2.04
-144.894,50.03767,2015,6,16,2.97,2.592
-144.99884,50.00017,2015,6,16,2.97,0.472
-144.99966,49.99983,2015,6,16,2.97,0.624
-144.99966,49.99983,2015,6,17,2.97,1.435
-144.99966,49.99983,2015,6,17,3.97,2.201
-145.0,49.9995,2015,6,17,2.97,2.257
-144.99884,49.99983,2015,6,17,2.97,2.007
-144.99933,49.99883,2015,6,17,3.97,0.688
-128.66634,48.81683,2015,6,20,2.97,0.275
-128.16533,48.77617,2015,6,20,1.98,0.207
-127.667,48.7435,2015,6,20,2.97,0.204
-127.16666,48.69217,2015,6,21,2.97,0.256
-126.66617,48.65,2015,6,21,3.97,0.631
-126.0,48.5995,2015,6,21,3.97,17.491
-125.50117,48.57417,2015,6,21,2.97,1.611
-179.0655,60.252,2015,8,12,0.0,0.088
-179.1145,60.1782,2015,8,13,0.0,0.116
-179.0186,60.1687,2015,8,13,0.0,0.09
-171.5863,62.2018,2015,8,14,0.0,0.024
-171.6407,62.2593,2015,8,14,0.0,0.023
-166.6259,64.0069,2015,8,15,0.0,0.091
-166.8713,64.0437,2015,8,15,0.0,0.053
-168.6179,65.8093,2015,8,16,0.0,0.304
-168.9001,66.3318,2015,8,16,0.0,0.279
-168.0495,68.0064,2015,8,16,0.0,0.189
-168.1021,67.932,2015,8,17,0.0,1.617
-168.8475,73.4879,2015,8,18,0.0,0.011
-168.7756,73.9852,2015,8,18,0.0,0.019
30.0045,74.999,2015,8,18,3.0,0.0622
-168.8603,74.5026,2015,8,19,0.0,0.008
30.0057,76.6757,2015,8,19,3.0,0.0533
-170.0419,74.9993,2015,8,19,0.0,0.008
-170.6253,74.9988,2015,8,19,0.0,0.009
30.0478,79.2512,2015,8,20,3.0,0.0289
30.0415,79.2495,2015,8,20,3.0,0.028
-170.5638,75.4494,2015,8,20,3.96,0.012
30.035,79.2485,2015,8,20,2.0,0.0301
-171.3739,75.7749,2015,8,20,1.98,0.011
29.9998,79.4997,2015,8,20,3.0,0.0332
-171.6636,75.942,2015,8,20,1.98,0.012
30.0062,79.7507,2015,8,20,2.0,0.0298
29.9882,80.2502,2015,8,20,3.0,0.0308
-173.0337,76.5108,2015,8,20,1.98,0.008
29.9865,80.4997,2015,8,20,3.0,0.0269
-125.49983,48.574,2015,8,21,1.98,0.317
29.6777,80.7548,2015,8,21,2.0,0.0256
-173.099,76.5499,2015,8,21,2.97,0.009
29.6642,80.7543,2015,8,21,3.0,0.0256
-126.00083,48.59917,2015,8,21,1.98,9.707
-126.01183,48.59683,2015,8,21,2.97,9.24
29.6475,80.7538,2015,8,21,3.0,0.0255
-126.33266,48.62583,2015,8,21,1.98,10.128
-126.666,48.64983,2015,8,21,2.97,2.51
-126.66634,48.64983,2015,8,21,1.98,2.431
29.2253,81.3013,2015,8,21,3.0,0.0244
-126.66634,48.64967,2015,8,21,2.97,1.513
-126.66566,48.65,2015,8,21,2.97,1.397
-126.66683,48.65033,2015,8,21,1.98,3.028
30.7815,81.5327,2015,8,21,2.0,0.0478
-126.66634,48.65,2015,8,21,1.98,3.396
-126.666,48.64983,2015,8,21,2.97,4.522
-173.2671,76.5945,2015,8,22,2.97,0.008
30.917,81.6943,2015,8,22,2.0,0.0257
-127.167,48.6905,2015,8,22,1.98,1.104
-127.66683,48.74333,2015,8,22,1.98,0.256
-175.0616,77.3379,2015,8,22,0.0,0.008
30.8387,81.8597,2015,8,22,2.0,0.0248
-128.16499,48.77733,2015,8,22,1.98,0.172
-176.2462,77.7524,2015,8,22,0.0,0.012
30.9045,81.8483,2015,8,22,2.0,0.0266
-128.66583,48.817,2015,8,22,4.96,0.159
30.8543,81.8415,2015,8,22,3.0,0.0256
-176.7562,78.1354,2015,8,22,1.98,0.008
-129.16516,48.8565,2015,8,22,2.97,0.133
-129.16499,48.8575,2015,8,22,4.96,0.154
-129.66634,48.8935,2015,8,23,2.97,0.198
-129.66417,48.896,2015,8,23,2.97,0.235
30.9157,81.8565,2015,8,23,2.0,0.0252
-130.16516,48.93333,2015,8,23,1.98,0.186
-175.7185,78.977,2015,8,23,0.0,0.012
30.9257,82.0412,2015,8,23,3.0,0.0244
-130.66634,48.9695,2015,8,23,1.98,0.279
30.891,82.2222,2015,8,23,3.0,0.0271
-130.6665,48.9695,2015,8,23,2.97,0.177
30.916,82.3927,2015,8,23,2.0,0.0303
-174.9621,79.9967,2015,8,23,2.97,0.008
-130.6685,48.96967,2015,8,23,2.97,0.161
-130.66884,48.96883,2015,8,23,1.98,0.159
30.9177,82.7065,2015,8,24,1.0,0.1107
-175.0156,79.9796,2015,8,24,1.98,0.009
-131.66667,49.04367,2015,8,24,2.97,0.258
30.7835,82.7088,2015,8,24,3.0,0.1218
-132.66617,49.12267,2015,8,24,1.98,0.328
30.841,83.0443,2015,8,24,2.0,0.0301
-133.66617,49.2,2015,8,24,2.97,0.206
-133.9095,49.22,2015,8,24,1.98,0.147
-175.1559,79.9835,2015,8,24,1.98,0.009
-134.66451,49.284,2015,8,25,1.98,0.221
30.8308,83.378,2015,8,25,2.0,0.0327
-134.66884,49.28467,2015,8,25,1.98,0.226
-177.667,80.2463,2015,8,25,1.98,0.009
-134.66566,49.28367,2015,8,25,1.98,0.246
-134.66484,49.28316,2015,8,25,1.98,0.234
-179.8934,80.6578,2015,8,25,1.98,0.01
-134.66566,49.2825,2015,8,25,3.97,0.245
30.2523,83.7048,2015,8,25,2.0,0.0354
30.0925,83.6913,2015,8,25,2.0,0.0728
-135.66583,49.35,2015,8,25,2.97,0.137
179.0976,81.2327,2015,8,25,3.96,0.009
-135.66434,49.35033,2015,8,25,3.97,0.183
30.7587,84.0382,2015,8,26,2.0,0.0328
-136.66667,49.43233,2015,8,26,1.98,0.31
176.8727,81.5572,2015,8,26,1.98,0.009
-137.66867,49.50017,2015,8,26,1.98,0.598
30.7152,84.3987,2015,8,26,3.0,0.0328
-138.66667,49.5665,2015,8,26,1.98,1.319
30.4142,84.3882,2015,8,26,2.0,0.0401
-138.66733,49.56683,2015,8,26,3.97,1.002
174.9966,82.4804,2015,8,26,2.97,0.008
-138.66451,49.57433,2015,8,26,3.97,0.471
29.9305,84.3867,2015,8,26,3.0,0.0333
29.8698,84.3858,2015,8,27,2.0,0.0308
173.9356,83.1489,2015,8,27,2.97,0.01
-142.6665,49.83683,2015,8,27,2.97,1.135
-143.60367,50.00067,2015,8,27,0.99,0.543
-143.60451,50.00083,2015,8,27,2.97,0.545
174.915,83.7546,2015,8,27,0.0,0.008
174.6301,83.7433,2015,8,28,0.0,0.006
-144.99884,50.0005,2015,8,28,1.98,1.779
42.5328,85.0912,2015,8,28,2.0,0.0672
-145.00116,50.0,2015,8,28,2.97,1.835
-144.9985,50.00017,2015,8,28,2.97,1.778
42.3827,85.1007,2015,8,28,1.0,0.1089
-145.00084,49.99983,2015,8,28,1.98,1.518
-145.00084,49.99917,2015,8,28,3.97,0.642
-144.9995,50.001,2015,8,28,2.97,0.844
-145.00017,50.0005,2015,8,28,2.97,0.386
173.6931,83.6868,2015,8,29,0.0,0.004
60.0495,85.2798,2015,8,29,1.0,0.0273
170.6886,84.819,2015,8,29,0.0,0.012
59.9347,85.2968,2015,8,29,3.0,0.0342
59.9422,85.3013,2015,8,29,2.0,0.0308
-140.66499,49.7,2015,8,30,1.98,2.004
-139.66949,49.6365,2015,8,30,2.97,2.869
167.044,85.8654,2015,8,30,0.0,0.024
60.3692,85.5168,2015,8,30,1.0,0.0349
60.0508,85.8358,2015,8,31,2.0,0.0322
173.464,86.5134,2015,8,31,0.0,0.019
-131.66634,49.04367,2015,8,31,3.97,0.315
59.8592,86.136,2015,8,31,2.0,0.0317
59.8077,86.1148,2015,8,31,2.0,0.0302
-179.8086,87.5198,2015,9,1,0.0,0.029
60.2068,86.4165,2015,9,1,2.0,0.0283
179.8943,87.5344,2015,9,1,0.0,0.031
179.543,87.5498,2015,9,1,0.0,0.021
61.3608,86.7125,2015,9,1,1.0,0.0334
-126.666,48.64967,2015,9,1,1.98,0.805
179.1696,87.5658,2015,9,1,0.0,0.024
58.615,86.9968,2015,9,2,2.0,0.0318
179.1997,87.6291,2015,9,2,0.0,0.015
58.8168,86.9862,2015,9,2,2.0,0.0309
179.9972,87.6496,2015,9,2,0.0,0.016
58.8395,86.9748,2015,9,2,2.0,0.03
55.8262,86.9532,2015,9,3,2.0,0.0349
-179.2889,87.6884,2015,9,3,0.0,0.019
59.6633,87.363,2015,9,4,2.0,0.029
59.9967,87.6923,2015,9,4,1.0,0.0283
59.8793,88.0292,2015,9,4,2.0,0.0279
59.454,88.033,2015,9,4,2.0,0.0273
59.7953,88.3508,2015,9,5,2.0,0.0281
60.1785,88.6938,2015,9,5,1.0,0.0328
33.0087,89.9874,2015,9,5,0.0,0.029
61.2793,88.9988,2015,9,6,2.0,0.0292
28.8435,89.9909,2015,9,6,0.0,0.027
61.3192,89.005,2015,9,6,1.0,0.0292
91.758,89.9876,2015,9,7,0.0,0.037
58.7527,89.3285,2015,9,7,1.0,0.0421
58.2853,89.6492,2015,9,7,2.0,0.0322
-96.8591,89.9466,2015,9,8,0.0,0.022
-149.2803,89.3269,2015,9,8,0.0,0.018
-52.7415,68.8533,2015,9,8,0.9998,0.2295
-52.825,68.9773,2015,9,8,1.9997,0.6522
-150.4833,89.0741,2015,9,8,0.0,0.053
-52.9127,69.1045,2015,9,8,0.9998,0.8909
-52.987,69.2117,2015,9,8,0.9998,1.4114
-119.457,89.5667,2015,9,9,2.0,0.0296
-149.6064,88.8741,2015,9,9,0.0,0.042
-116.83,89.1667,2015,9,9,2.0,0.0314
-149.6801,87.8259,2015,9,10,0.0,0.02
-53.9538,67.3172,2015,9,10,1.9999,0.3333
-54.4835,67.2612,2015,9,10,0.9999,0.4824
-54.863,67.2302,2015,9,10,0.9999,0.3636
-149.0749,87.8235,2015,9,10,0.0,0.028
-118.907,88.7088,2015,9,10,2.0,0.0315
-55.3188,67.1933,2015,9,10,0.9999,1.6766
-55.8222,67.1608,2015,9,11,1.9999,2.066
-149.734,87.8151,2015,9,11,0.0,0.03
-56.3153,67.1067,2015,9,11,1.0,1.3256
-56.675,67.068,2015,9,11,1.9999,1.4074
-125.094,88.3598,2015,9,11,2.0,0.0296
-57.037,67.0333,2015,9,11,1.9999,1.7196
-124.362,88.3382,2015,9,11,1.0,0.0305
-57.3583,67.0127,2015,9,12,1.9999,22.9469
-57.6613,66.9748,2015,9,12,1.9999,0.3544
-58.3773,66.9335,2015,9,12,1.0,0.7277
-155.759,88.1797,2015,9,12,2.0,0.0312
-149.2945,86.6974,2015,9,12,0.0,0.019
-59.0547,66.8525,2015,9,13,1.9999,0.5165
-150.1926,85.83,2015,9,13,0.0,0.014
179.8412,87.4973,2015,9,13,2.0,0.0282
-61.2563,66.652,2015,9,13,1.0,2.1561
-60.9735,66.6745,2015,9,14,2.0,2.0229
179.8463,87.5052,2015,9,14,2.0,0.0302
-60.8123,66.6953,2015,9,14,2.0,0.8569
-60.4805,66.7323,2015,9,14,1.9999,0.4445
-60.0367,66.7598,2015,9,14,1.0,0.4187
179.8327,87.5022,2015,9,14,2.0,0.0281
-59.6233,66.8255,2015,9,14,2.9999,0.3543
-179.947,87.4992,2015,9,14,2.0,0.0281
-150.0627,85.135,2015,9,15,0.0,0.024
-149.909,85.1304,2015,9,15,0.0,0.017
-149.8845,85.1372,2015,9,15,0.0,0.017
146.8437,86.9777,2015,9,15,2.0,0.0305
-63.1565,67.472,2015,9,16,1.9999,0.6726
-62.9632,67.548,2015,9,16,1.9998,0.7674
-149.8725,85.1405,2015,9,16,0.0,0.011
-62.769,67.6255,2015,9,16,0.9999,1.2567
-62.6102,67.677,2015,9,16,1.9998,1.3772
-62.4867,67.7228,2015,9,16,0.9999,0.9171
-149.8725,85.1405,2015,9,16,0.0,0.019
-62.3662,67.768,2015,9,16,2.9997,0.4682
-62.21,67.85,2015,9,16,1.9998,0.4354
-62.0602,67.9173,2015,9,16,1.9998,0.4036
-61.7717,68.0472,2015,9,16,0.9999,0.9266
-61.4878,68.1793,2015,9,16,0.9999,0.5938
-150.4149,85.1598,2015,9,17,0.0,0.021
-61.212,68.3168,2015,9,17,0.9999,0.6778
-60.5022,68.396,2015,9,17,1.9997,0.4602
-60.1455,68.45,2015,9,17,0.9999,0.4951
-59.9205,68.4663,2015,9,17,0.9999,0.5514
-59.692,68.4967,2015,9,17,0.9999,0.1814
-59.3478,68.5387,2015,9,17,1.9997,0.3947
-59.104,68.5702,2015,9,17,0.9999,0.6651
-150.0233,84.173,2015,9,17,0.0,0.021
-58.4,68.657,2015,9,17,1.9997,1.2509
-57.698,68.7453,2015,9,18,1.9997,0.9583
-56.9953,68.831,2015,9,18,1.9997,0.9589
110.6883,84.2717,2015,9,18,1.0,0.0434
-56.2963,68.9177,2015,9,18,1.9997,0.8931
-55.5952,69.0062,2015,9,18,0.9998,1.6176
-150.0632,83.3372,2015,9,18,0.0,0.02
-54.8912,69.0925,2015,9,18,0.9998,0.6115
-54.3017,69.1665,2015,9,18,0.9998,0.8456
-54.8935,68.5017,2015,9,18,1.9997,0.6364
-54.3727,68.5023,2015,9,18,1.9997,1.1744
115.9957,84.5603,2015,9,18,1.0,0.0336
115.887,84.529,2015,9,19,2.0,0.0315
-149.8719,82.4907,2015,9,19,0.0,0.018
115.6792,84.5068,2015,9,19,2.0,0.0312
-149.8299,82.4916,2015,9,19,0.0,0.016
119.7922,84.662,2015,9,19,2.0,0.0317
-149.5015,82.5273,2015,9,20,0.0,0.018
-63.2018,64.2008,2015,9,20,2.0003,0.4102
-62.8817,64.0815,2015,9,20,2.0003,0.2468
-62.562,63.96,2015,9,20,2.0003,0.2107
-62.2375,63.8415,2015,9,20,2.0004,0.3156
-61.9202,63.72,2015,9,20,2.0004,0.7077
-61.601,63.6003,2015,9,20,2.0004,0.6296
-61.2822,63.4805,2015,9,20,2.0004,0.8048
132.9317,85.0142,2015,9,21,2.0,0.0312
-60.941,63.3758,2015,9,21,2.0004,2.154
-60.64,63.2395,2015,9,21,2.9997,1.5932
-60.322,63.1205,2015,9,21,2.9997,1.6448
-60.003,63.0008,2015,9,21,2.0005,1.514
-59.2395,62.7125,2015,9,21,2.9998,1.5042
137.6348,85.0642,2015,9,21,2.0,0.0305
-149.9484,81.2685,2015,9,21,0.0,0.012
139.9787,85.0855,2015,9,22,2.0,0.0305
-149.8547,80.3694,2015,9,22,0.0,0.029
139.7728,85.0822,2015,9,22,2.0,0.0302
-58.878,62.5765,2015,9,22,2.9998,1.0123
-58.4775,62.4292,2015,9,22,2.9999,0.8718
139.6267,85.0978,2015,9,22,2.0,0.0305
-149.5516,80.4051,2015,9,22,0.0,0.027
-57.8732,62.2037,2015,9,22,1.9996,2.0873
-149.4518,80.4237,2015,9,22,0.0,0.009
-57.2637,61.9743,2015,9,22,1.9996,2.4642
-149.3876,80.4227,2015,9,23,0.0,0.009
-56.7312,62.1967,2015,9,23,1.9996,1.5899
146.9423,85.064,2015,9,23,2.0,0.0305
-56.2045,62.4148,2015,9,23,4.0001,1.3452
-149.2778,80.4436,2015,9,23,0.0,0.03
-55.6735,62.6357,2015,9,23,2.9998,2.0604
-149.0618,80.4601,2015,9,23,0.0,0.002
151.7558,85.0155,2015,9,23,1.0,0.0319
-55.142,62.8577,2015,9,23,1.9995,1.9016
-54.8,63.0007,2015,9,24,2.0005,1.641
-54.4997,63.1253,2015,9,24,2.0005,1.7408
155.2192,85.0228,2015,9,24,1.0,0.0315
-54.2005,63.25,2015,9,24,2.9997,1.0116
-148.5969,80.4986,2015,9,24,0.0,0.024
-53.8988,63.3738,2015,9,24,2.0004,1.1085
-53.5875,63.5,2015,9,24,2.0004,0.7485
159.0247,84.8443,2015,9,24,2.0,0.0296
-53.3013,63.625,2015,9,24,2.9996,0.7451
-53.0008,63.7498,2015,9,24,2.9996,1.8041
-52.7017,63.8748,2015,9,24,2.0004,1.847
-52.3998,63.9993,2015,9,24,3.0005,1.258
-149.5632,79.75,2015,9,25,0.0,0.017
-147.955,78.7493,2015,9,26,0.0,0.018
-147.8306,78.1802,2015,9,26,0.0,0.021
-148.012,77.5079,2015,9,27,0.0,0.024
-147.964,77.5101,2015,9,27,0.0,0.02
-147.7801,77.4263,2015,9,28,0.0,0.016
-148.8026,76.998,2015,9,28,0.0,0.018
-149.5145,76.5054,2015,9,28,0.0,0.012
-150.0779,76.2504,2015,9,29,0.0,0.011
-149.8595,75.0053,2015,9,29,0.0,0.019
-149.9495,74.9694,2015,9,30,0.0,0.009
-150.371,75.0474,2015,10,1,0.0,0.01
-150.1202,74.9686,2015,10,1,0.0,0.011
-150.0048,74.978,2015,10,1,0.0,0.011
-156.8083,73.5056,2015,10,2,0.0,0.012
-156.7685,73.4316,2015,10,2,0.0,0.011
-156.7943,73.3543,2015,10,4,0.0,0.015
-157.8317,73.1859,2015,10,4,0.0,0.016
-158.5972,73.0568,2015,10,4,0.0,0.017
-158.7294,73.0077,2015,10,5,0.0,0.011
-158.8223,73.0177,2015,10,5,0.0,0.017
-159.8025,72.8097,2015,10,5,0.0,0.057
-159.1795,72.9461,2015,10,6,0.0,0.039
-159.5407,72.8487,2015,10,6,0.0,0.061
-158.9558,73.0007,2015,10,6,0.0,0.022
-159.9235,72.7244,2015,10,6,1.98,-0.0
24.2517,75.0077,2015,10,6,4.0,0.0338
23.8063,74.319,2015,10,7,3.0,0.0342
23.7718,74.3213,2015,10,7,2.0,0.0354
23.3608,73.7073,2015,10,7,3.0,0.033
23.3595,73.707,2015,10,7,4.0,0.0336
-162.5011,71.9994,2015,10,7,0.0,0.09
23.0712,73.2525,2015,10,7,3.0,0.0365
22.8212,72.7347,2015,10,8,3.0,0.0354
22.8207,72.7345,2015,10,8,4.9,0.0339
22.4968,72.157,2015,10,8,4.0,0.0342
21.9073,71.5655,2015,10,8,3.0,0.0341
21.1993,70.9997,2015,10,9,4.0,0.0374
-96.4897,26.2858,2015,10,10,2.0,0.3224
-96.5883,26.2332,2015,10,10,2.0,0.1887
-96.7568,26.0568,2015,10,10,2.0,0.6012
-96.8343,26.0997,2015,10,10,2.0,0.5248
-96.8598,26.1487,2015,10,11,2.0,0.4963
-96.956,26.1443,2015,10,11,2.0,1.1478
-97.0343,26.1867,2015,10,11,2.0,0.7738
-96.733,26.4477,2015,10,11,2.0,0.4091
-97.1663,26.8192,2015,10,11,2.0,1.0399
-97.2513,26.8817,2015,10,11,2.0,0.8779
-97.1798,27.0597,2015,10,11,2.0,0.6068
-96.931,27.068,2015,10,11,2.0,0.2203
-96.9043,26.9195,2015,10,11,2.0,0.3498
-96.7868,26.9025,2015,10,11,2.0,0.2358
-96.6283,27.0555,2015,10,12,1.0,0.1465
-96.8295,27.1308,2015,10,12,2.0,0.1869
-96.916,27.268,2015,10,12,2.0,0.2944
-96.8235,27.3207,2015,10,12,2.0,0.232
-96.9162,27.3217,2015,10,12,2.0,0.3211
-96.876,27.3597,2015,10,12,2.0,0.1923
-96.62,27.8075,2015,10,12,1.0,0.572
-96.6838,27.794,2015,10,12,2.0,0.6446
-96.8617,27.9455,2015,10,12,2.0,0.7425
-96.8128,27.9202,2015,10,12,3.0,0.5514
-96.7328,27.9513,2015,10,12,2.0,0.566
-96.2993,27.8308,2015,10,13,2.0,0.2945
-96.3455,27.778,2015,10,13,2.0,0.3082
-96.2818,27.6487,2015,10,13,2.0,0.1382
-74.26,37.707,2015,10,13,3.0,0.83
-95.99,27.7077,2015,10,13,2.0,0.0699
-95.8702,27.7162,2015,10,13,2.0,0.0763
-95.85,28.007,2015,10,13,2.0,0.2092
-74.577,37.847,2015,10,13,2.0,1.85
-95.9543,28.1597,2015,10,13,2.0,0.3345
-74.958,38.0,2015,10,13,3.0,6.8
-96.0538,28.2418,2015,10,13,2.0,0.4094
-96.0745,28.4128,2015,10,13,2.0,0.5966
-95.9965,28.3092,2015,10,13,2.0,0.3271
-95.9052,28.214,2015,10,14,2.0,0.3695
-95.5882,28.6208,2015,10,14,2.0,0.3295
-95.5655,28.6785,2015,10,14,2.0,0.4186
-95.3813,28.6475,2015,10,14,2.0,0.4107
-95.3232,28.6765,2015,10,14,2.0,0.3937
-74.0,39.708,2015,10,14,3.0,8.06
-95.267,28.6152,2015,10,14,2.0,0.5197
-95.3453,28.4933,2015,10,14,2.0,0.3489
-73.393,39.362,2015,10,14,3.0,1.29
-95.4132,28.4102,2015,10,14,2.0,0.2961
-95.3028,28.2022,2015,10,14,2.0,0.1995
-95.3405,28.1408,2015,10,14,2.0,0.1806
-95.131,28.0563,2015,10,14,2.0,0.1976
-94.9103,28.254,2015,10,15,3.0,0.1878
-72.742,39.055,2015,10,15,3.0,0.95
-94.8128,28.1548,2015,10,15,2.0,0.1661
-72.583,39.01,2015,10,15,3.0,0.92
-94.6348,27.996,2015,10,15,2.0,0.0969
-94.467,28.0475,2015,10,15,3.0,0.1905
-94.135,28.3143,2015,10,15,2.0,0.1366
-94.2648,28.2872,2015,10,15,2.0,0.1109
-94.5233,28.306,2015,10,15,2.0,0.1881
-94.7182,28.441,2015,10,15,2.0,0.2087
-94.6718,28.4177,2015,10,15,2.0,0.1844
-94.5972,28.5443,2015,10,15,2.0,0.1915
-94.8047,28.5687,2015,10,16,2.0,0.1561
-94.7007,28.6508,2015,10,16,2.0,0.1547
-94.5325,28.6948,2015,10,16,2.0,0.2072
-94.7312,28.8,2015,10,16,2.0,0.2863
-94.556,28.838,2015,10,16,2.0,0.3404
-94.3745,28.8863,2015,10,16,2.0,0.2175
-94.2455,28.8635,2015,10,16,2.0,0.2279
-94.2843,28.6813,2015,10,16,2.0,0.166
-94.001,28.5723,2015,10,16,2.0,0.3125
-93.9968,28.4798,2015,10,16,2.0,0.2276
-93.7492,28.3237,2015,10,16,2.0,0.2267
-93.7067,28.3565,2015,10,17,2.0,0.1914
-93.5302,28.3288,2015,10,17,3.0,0.1885
-93.8373,28.6232,2015,10,17,2.0,0.2349
-70.623,41.107,2015,10,17,3.0,2.74
-93.1765,28.9805,2015,10,17,3.0,0.5691
-70.62,40.67,2015,10,17,2.0,1.31
-92.992,28.9593,2015,10,17,3.0,0.4311
-92.9488,29.0417,2015,10,17,3.0,1.012
-70.602,40.038,2015,10,17,4.0,2.71
-92.987,29.2102,2015,10,17,2.0,1.1006
-92.9732,29.2603,2015,10,17,2.0,0.7673
-70.623,39.833,2015,10,17,2.0,1.31
-93.0513,29.3592,2015,10,18,3.0,0.8343
-93.1005,29.3178,2015,10,18,2.0,0.7962
-93.1118,29.2792,2015,10,18,2.0,0.677
-93.1448,29.2388,2015,10,18,2.0,0.9866
-93.1728,29.1615,2015,10,18,2.0,0.8354
-93.2945,29.1048,2015,10,18,3.0,0.7417
-93.4945,29.0605,2015,10,18,2.0,0.7022
-93.4138,28.7353,2015,10,18,1.0,0.4712
-93.3335,28.6535,2015,10,18,2.0,0.286
-69.162,40.898,2015,10,19,3.0,2.87
-94.5317,29.0298,2015,10,19,2.0,1.1978
-94.3435,29.2483,2015,10,19,1.0,0.8963
-94.4313,29.295,2015,10,19,3.0,2.179
-94.3787,29.439,2015,10,19,2.0,2.9002
-94.2252,29.352,2015,10,19,2.0,1.906
-93.9398,29.5462,2015,10,19,2.0,1.9565
-70.28,42.317,2015,10,20,3.0,5.97
-93.7677,29.2172,2015,10,20,2.0,0.984
-70.468,42.36,2015,10,20,3.0,7.85
-70.622,42.422,2015,10,20,4.0,4.48
-93.6995,29.0957,2015,10,20,2.0,0.7757
-70.422,42.998,2015,10,20,2.0,4.02
-69.68,42.507,2015,10,20,2.0,2.84
-67.687,41.465,2015,10,21,3.0,5.37
-67.693,42.01,2015,10,21,3.0,3.15
-65.91,42.307,2015,10,22,4.0,2.49
-65.765,42.223,2015,10,22,3.0,2.53
-66.3673,18.5093,2015,10,22,3.0,0.367
-65.442,41.752,2015,10,22,4.0,2.57
-66.419,18.5147,2015,10,22,3.0,0.2045
-66.5008,18.4977,2015,10,22,1.0,0.3774
-66.6755,18.5073,2015,10,22,2.0,0.1665
-66.7465,18.4937,2015,10,22,2.0,0.7192
-66.7923,18.5122,2015,10,22,3.0,0.1932
-66.9035,18.5173,2015,10,23,4.0,0.1416
-66.7643,18.5127,2015,10,23,3.0,0.3629
-66.8503,18.5123,2015,10,23,4.0,0.247
-66.8752,18.5055,2015,10,23,4.0,0.1121
-66.882,18.5138,2015,10,23,4.0,0.118
-66.9747,18.509,2015,10,23,3.0,0.4204
-67.0253,18.5587,2015,10,23,1.0,0.1387
-67.0453,18.5637,2015,10,23,2.0,0.1774
-67.687,40.38,2015,10,23,3.0,1.25
-67.1765,18.5668,2015,10,23,4.0,0.2341
-67.687,40.247,2015,10,23,4.0,1.03
-67.177,18.5605,2015,10,23,3.0,0.2168
-67.2542,18.5512,2015,10,24,3.0,0.1769
-67.166,18.5615,2015,10,24,2.0,0.2095
-67.1807,18.5633,2015,10,24,2.0,0.1466
-67.2168,18.566,2015,10,24,3.0,0.1192
-67.2142,18.4152,2015,10,24,3.0,0.2072
-67.2733,18.3843,2015,10,24,2.0,0.3049
-67.2902,18.3663,2015,10,24,2.0,0.4836
-67.713,40.923,2015,10,24,4.0,4.12
-67.2958,18.3815,2015,10,24,2.0,0.4306
-67.2888,18.178,2015,10,24,2.0,0.6131
-67.2512,18.2083,2015,10,25,3.0,0.864
-67.258,18.1908,2015,10,25,2.0,0.8374
-67.3055,18.1748,2015,10,25,3.0,0.8995
-67.3695,18.1812,2015,10,25,2.0,0.3299
-67.4168,18.1787,2015,10,25,2.0,0.3155
-67.4482,18.1673,2015,10,25,3.0,0.2219
-67.442,18.1065,2015,10,25,2.0,0.3546
-67.4367,18.0927,2015,10,25,3.0,0.1208
-67.8948,18.157,2015,10,25,2.0,0.097
-67.9525,18.1052,2015,10,26,2.0,0.1596
-67.8525,18.0493,2015,10,26,1.0,0.1123
-67.8387,18.0675,2015,10,26,2.0,0.1187
-67.8388,18.1152,2015,10,26,2.0,0.0861
-67.8478,18.123,2015,10,26,3.0,0.0657
-67.9275,18.4283,2015,10,26,4.0,0.1313
-67.9605,18.4878,2015,10,27,2.0,0.0414
-67.9593,18.463,2015,10,27,3.0,0.0769
-67.9683,18.4423,2015,10,27,2.0,0.072
-67.9753,18.4718,2015,10,28,2.0,0.0699
-67.5305,18.2335,2015,10,28,2.0,0.0938
-67.5327,18.2232,2015,10,28,3.0,0.0718
-67.4327,18.2157,2015,10,28,2.0,0.0703
-67.4255,18.2388,2015,10,28,2.0,0.1331
-67.4203,18.2533,2015,10,28,2.0,0.1707
-67.3997,18.2512,2015,10,28,3.0,0.2739
-67.4565,18.3655,2015,10,28,2.0,0.1122
-67.3912,18.3852,2015,10,29,2.0,0.0973
-67.3932,18.2518,2015,10,29,2.0,0.2687
-67.3868,18.2422,2015,10,29,2.0,0.1969
-67.414,18.233,2015,10,29,2.0,0.0799
-92.556,28.4735,2015,10,29,2.0,0.4666
-67.4108,18.2322,2015,10,29,2.0,0.0701
-67.39,18.1903,2015,10,29,3.0,0.1249
-92.2953,28.4722,2015,10,29,2.0,0.2875
-67.354,18.1915,2015,10,29,3.0,0.1067
-92.3472,28.6032,2015,10,29,2.0,0.3709
-92.4323,28.6278,2015,10,29,2.0,0.7037
-67.281,18.1745,2015,10,29,2.0,0.2285
-67.496,18.2285,2015,10,29,2.0,0.1
-92.1225,28.731,2015,10,29,2.0,1.4457
-91.9388,28.9022,2015,10,29,2.0,3.2354
-91.8983,29.0172,2015,10,29,2.0,4.7096
-92.0837,29.0303,2015,10,29,1.0,2.9357
-92.1287,28.9308,2015,10,30,1.0,2.5845
-92.2845,29.003,2015,10,30,1.0,2.3921
-67.2405,18.1905,2015,10,30,2.0,0.4921
-67.234,18.2005,2015,10,30,2.0,0.3754
-67.2168,18.2063,2015,10,30,3.0,0.6278
-67.2133,18.2297,2015,10,30,3.0,0.5408
-67.2195,18.2593,2015,10,30,3.0,0.7578
-67.2603,18.389,2015,10,30,3.0,0.8351
-67.1717,18.4278,2015,10,30,2.0,0.6536
-88.5962,29.777,2015,11,1,2.0,0.9765
-88.8515,29.4895,2015,11,1,2.0,1.4749
-88.7355,29.1283,2015,11,1,2.0,0.6347
-91.1652,28.5555,2015,11,2,3.0,0.6728
-91.4928,28.9367,2015,11,2,2.0,1.8796
-92.456,29.3848,2015,11,2,2.0,5.3843
-92.6985,29.4583,2015,11,3,2.0,4.5122
-92.8438,29.4768,2015,11,3,2.0,3.993
-92.9315,29.495,2015,11,3,1.0,4.026
-93.009,29.5907,2015,11,3,2.0,3.4657
-93.5658,29.6005,2015,11,3,3.0,2.7524
-64.5345,17.8268,2015,11,3,3.0,0.1602
-91.8895,28.5462,2015,11,3,2.0,0.9846
-91.7587,28.5087,2015,11,3,2.0,0.9511
-91.7233,28.5603,2015,11,3,3.0,0.8672
-91.6845,28.6505,2015,11,4,2.0,1.2509
-64.6183,17.8205,2015,11,4,3.0,0.1445
-91.6575,28.3633,2015,11,4,2.0,0.3696
-91.5112,28.3458,2015,11,4,2.0,0.5545
-64.512,17.8262,2015,11,4,1.0,0.1908
-64.5038,17.8258,2015,11,4,2.0,0.124
-91.2358,28.4108,2015,11,4,2.0,0.457
-64.5005,17.8257,2015,11,4,2.0,0.1052
-64.4802,17.834,2015,11,4,2.0,0.1132
-90.8595,28.3967,2015,11,4,2.0,0.5185
-64.4773,17.8348,2015,11,4,2.0,0.0778
-64.4718,17.8368,2015,11,4,2.0,0.0817
-64.4577,17.8378,2015,11,4,2.0,0.1136
-64.4733,17.8348,2015,11,4,2.0,0.1327
-64.7787,18.1825,2015,11,5,3.0,0.2162
-64.8357,18.1918,2015,11,5,2.0,0.2352
-64.4537,17.834,2015,11,5,1.0,0.1181
-64.4503,17.8335,2015,11,5,2.0,0.081
-64.4493,17.8338,2015,11,5,1.0,0.0804
-64.4443,17.8348,2015,11,5,2.0,0.0599
-64.4393,17.8333,2015,11,5,3.0,0.059
-64.4377,17.8362,2015,11,5,3.0,0.0797
-64.4425,17.8303,2015,11,5,3.0,0.0833
-64.4308,17.8112,2015,11,5,2.0,0.1183
-64.755,18.183,2015,11,5,3.0,0.2134
-64.7605,18.1988,2015,11,6,2.0,0.1441
-64.9287,17.6533,2015,11,6,3.0,0.1398
-64.9342,17.6503,2015,11,6,2.0,0.1453
-64.9305,17.6473,2015,11,6,2.0,0.117
-64.9307,17.6455,2015,11,6,3.0,0.1018
-64.923,17.6435,2015,11,6,3.0,0.1219
-64.9207,17.6392,2015,11,6,3.0,0.1414
-64.9183,17.6398,2015,11,6,2.0,0.1254
-64.9132,17.64,2015,11,6,2.0,0.1643
-64.756,18.1925,2015,11,6,3.0,0.1516
-64.7068,18.2183,2015,11,7,2.0,0.1434
-64.8372,18.198,2015,11,7,1.0,0.1385
-64.8567,18.2122,2015,11,7,2.0,0.0895
-64.8057,18.2162,2015,11,7,2.0,0.0914
-64.8063,18.2255,2015,11,7,3.0,0.1842
-64.7872,18.2122,2015,11,8,3.0,0.1776
-64.7007,18.217,2015,11,8,2.0,0.1394
-64.7258,18.235,2015,11,8,2.0,0.1122
-64.7148,18.2342,2015,11,8,3.0,0.1195
-64.7848,18.2432,2015,11,8,2.0,0.2477
-64.7002,18.25,2015,11,9,2.0,0.2011
-64.7448,18.2618,2015,11,9,3.0,0.1513
-64.7738,18.2383,2015,11,9,4.0,0.1966
-64.7168,18.2155,2015,11,10,3.0,0.1432
-64.9168,18.2472,2015,11,10,2.0,0.1348
-65.007,18.246,2015,11,10,1.0,0.2001
-88.3807,29.7775,2015,11,10,2.0,1.1264
-88.3373,29.4115,2015,11,10,2.0,0.8528
-88.2665,29.3985,2015,11,10,2.0,0.7503
-64.9957,18.2627,2015,11,10,3.0,0.1697
-88.2255,29.3793,2015,11,10,1.0,0.653
-65.0612,18.2353,2015,11,11,2.0,0.1805
-89.228,28.8975,2015,11,11,2.0,1.8484
-64.9345,18.1942,2015,11,11,2.0,0.2041
-64.9215,18.1953,2015,11,11,3.0,0.1683
-64.9217,18.185,2015,11,11,2.0,0.207
-64.9118,18.1807,2015,11,11,3.0,0.0958
-89.6268,28.7537,2015,11,11,2.0,1.1918
-64.8975,18.184,2015,11,11,2.0,0.1076
-64.8713,18.189,2015,11,11,2.0,0.1231
-64.8615,18.2,2015,11,11,2.0,0.1411
-64.858,18.2007,2015,11,11,2.0,0.1739
-90.2118,28.4642,2015,11,11,2.0,1.1687
-64.8175,18.2198,2015,11,11,2.0,0.1671
-90.3225,28.4728,2015,11,11,2.0,1.0944
-64.7263,18.2175,2015,11,11,1.0,0.1257
-90.3732,28.4275,2015,11,11,2.0,0.9434
-90.6247,28.3875,2015,11,11,2.0,0.3437
-90.957,28.261,2015,11,11,1.0,0.2063
-65.064,18.2338,2015,11,12,3.0,0.1613
-91.014,28.3248,2015,11,12,2.0,0.1763
-65.1078,18.2372,2015,11,12,3.0,0.1573
-90.8767,28.3505,2015,11,12,2.0,0.2336
-64.7888,18.216,2015,11,12,3.0,0.1717
-64.7775,18.2188,2015,11,12,2.0,0.1154
-90.9065,28.6473,2015,11,12,2.0,1.6581
-64.7808,18.2167,2015,11,12,2.0,0.0549
-90.9162,28.6938,2015,11,12,1.0,1.4889
-64.7913,18.2023,2015,11,12,2.0,0.0815
-64.7728,18.1978,2015,11,12,2.0,0.0723
-90.7153,28.7112,2015,11,12,3.0,1.8279
-64.7687,18.1878,2015,11,12,2.0,0.055
-90.5802,28.785,2015,11,12,3.0,2.1771
-64.7585,18.185,2015,11,12,3.0,0.0836
-64.7462,18.1827,2015,11,12,3.0,0.0988
-90.5303,28.71,2015,11,12,3.0,0.7344
-64.742,18.1862,2015,11,12,2.0,0.0943
-64.7407,18.1892,2015,11,12,2.0,0.0978
-90.3845,28.6043,2015,11,12,2.0,2.5016
-90.3557,28.6317,2015,11,12,2.0,2.4803
-89.7827,28.8548,2015,11,12,2.0,4.1607
-65.0913,18.243,2015,11,12,3.0,0.2134
-89.731,28.884,2015,11,12,2.0,3.4134
-89.9283,29.084,2015,11,13,1.0,1.665
-65.101,18.2452,2015,11,13,2.0,0.312
-89.6547,29.058,2015,11,13,2.0,2.3464
-64.7635,18.2302,2015,11,13,2.0,0.1467
-89.5947,29.0262,2015,11,13,2.0,2.087
-64.7578,18.2092,2015,11,13,2.0,0.1488
-64.7348,18.2095,2015,11,13,2.0,0.098
-64.7355,18.2168,2015,11,13,2.0,0.0589
-64.7385,18.2233,2015,11,13,2.0,0.0599
-64.7415,18.2335,2015,11,13,2.0,0.0833
-64.7255,18.2238,2015,11,13,1.0,0.0959
-64.7143,18.22,2015,11,13,2.0,0.0977
-65.0543,18.251,2015,11,13,3.0,0.1951
-65.1585,18.245,2015,11,13,2.0,0.2147
-65.0648,18.2595,2015,11,14,3.0,0.1869
-65.1203,18.4228,2015,11,14,2.0,0.3936
-65.106,18.4487,2015,11,14,2.0,0.2338
-65.1158,18.4853,2015,11,14,3.0,0.1613
-65.0912,18.4988,2015,11,14,3.0,0.1995
-65.1128,18.5093,2015,11,14,2.0,0.1735
-65.0902,18.5128,2015,11,14,2.0,0.1653
-65.063,18.5208,2015,11,14,3.0,0.1295
-65.0837,18.5295,2015,11,14,2.0,0.1838
-65.2012,18.4063,2015,11,14,2.0,0.3657
-84.6723,29.3662,2015,11,14,3.0,1.0806
-65.1312,18.4122,2015,11,14,3.0,0.1485
-84.0603,29.4512,2015,11,15,2.0,0.8027
-83.8752,29.4242,2015,11,15,2.0,0.961
-65.1608,18.4025,2015,11,15,2.0,0.3088
-83.8365,29.413,2015,11,15,2.0,3.435
-65.014,18.4658,2015,11,15,3.0,0.2698
-64.986,18.4627,2015,11,15,3.0,0.1362
-83.585,29.242,2015,11,15,2.0,0.9143
-64.9577,18.4555,2015,11,15,2.0,0.1185
-64.925,18.4587,2015,11,15,3.0,0.1016
-83.5677,29.0927,2015,11,15,2.0,0.701
-64.916,18.4698,2015,11,15,2.0,0.0676
-64.906,18.4522,2015,11,15,2.0,0.096
-64.9283,18.4377,2015,11,15,1.0,0.0857
-64.9077,18.4405,2015,11,15,2.0,0.1263
-64.9107,18.4337,2015,11,15,1.0,0.2014
-83.4365,28.6812,2015,11,15,3.0,0.8359
-64.8897,18.4302,2015,11,15,2.0,0.4854
-83.5265,28.6117,2015,11,15,2.0,0.6864
-65.2165,18.392,2015,11,15,2.0,0.4219
-83.8272,28.4932,2015,11,15,2.0,0.6918
-65.0972,18.3978,2015,11,15,3.0,0.2233
-83.907,28.4782,2015,11,16,3.0,0.7472
-84.011,28.6992,2015,11,16,3.0,0.7677
-65.2225,18.3857,2015,11,16,2.0,0.2774
-83.9928,28.8663,2015,11,16,2.0,0.5403
-64.999,18.4725,2015,11,16,2.0,0.1776
-65.01,18.476,2015,11,16,2.0,0.1684
-83.9192,28.9883,2015,11,16,2.0,0.5915
-64.9122,18.4493,2015,11,16,2.0,0.1528
-64.9348,18.4225,2015,11,16,2.0,0.2034
-84.1532,29.2072,2015,11,16,2.0,0.6828
-64.989,18.4193,2015,11,16,1.0,0.3346
-65.0637,18.4307,2015,11,16,2.0,0.2234
-84.3192,29.4772,2015,11,16,3.0,0.6172
-65.0885,18.3942,2015,11,16,3.0,0.342
-84.3965,29.579,2015,11,16,2.0,0.7549
-65.087,18.3918,2015,11,16,3.0,0.3523
-84.4535,29.485,2015,11,16,2.0,0.8226
-84.4,29.3693,2015,11,16,2.0,1.1366
-65.1613,18.3782,2015,11,16,2.0,0.2905
-84.6363,29.4678,2015,11,16,2.0,0.9617
-84.8692,29.5175,2015,11,17,2.0,0.7062
-65.1842,18.3727,2015,11,17,4.0,0.18
-84.9453,29.3857,2015,11,17,3.0,0.8342
-64.968,18.5462,2015,11,17,2.0,0.2917
-65.004,18.5448,2015,11,17,2.0,0.2073
-65.0388,18.5127,2015,11,17,2.0,0.1552
-65.037,18.5277,2015,11,17,2.0,0.0745
-65.0408,18.5545,2015,11,17,3.0,0.1562
-65.0857,18.5593,2015,11,17,2.0,0.1822
-65.1078,18.5308,2015,11,17,2.0,0.2951
-65.1093,18.5367,2015,11,17,3.0,0.293
-65.133,18.5575,2015,11,17,3.0,0.3704
-65.0945,18.3873,2015,11,17,2.0,0.3972
-65.2153,18.3673,2015,11,18,3.0,0.2953
-65.671,18.471,2015,11,18,2.0,0.3203
-65.6918,18.454,2015,11,18,2.0,0.3138
-65.7268,18.4505,2015,11,18,2.0,0.306
-65.8355,18.4762,2015,11,18,3.0,0.3146
-65.87,18.4738,2015,11,18,2.0,0.5373
-65.9347,18.4808,2015,11,18,3.0,0.6095
-65.9642,18.4753,2015,11,18,3.0,0.6196
-86.5483,30.3527,2015,11,19,2.0,2.6986
-86.7067,30.3175,2015,11,19,2.0,2.0147
-86.9603,30.2132,2015,11,19,3.0,0.7401
-86.9535,30.0778,2015,11,19,2.0,0.8881
-87.179,29.8897,2015,11,19,2.0,0.949
-87.4707,29.818,2015,11,19,2.0,1.2265
-87.7007,30.1435,2015,11,20,2.0,2.1267
-88.1643,29.8362,2015,11,20,2.0,0.6665
-88.7047,29.8605,2015,11,20,2.0,1.5983
-88.6898,29.9843,2015,11,20,3.0,2.0415
136.45323,-35.83984,2015,11,30,3.0,20.3016
136.33607,-36.04283,2015,11,30,4.0,20.8617
136.21884,-36.24615,2015,11,30,3.0,20.8423
135.64056,-37.24131,2015,12,1,3.0,21.751
135.5981,-37.26656,2015,12,1,3.0,21.1799
135.79964,-36.99201,2015,12,2,3.0,24.6126
135.91559,-36.77034,2015,12,2,4.0,22.0667
136.01437,-36.59581,2015,12,2,4.0,17.9275
136.08826,-36.44708,2015,12,4,4.0,12.9276
134.08955,-35.04841,2015,12,4,3.0,13.2056
134.098,-35.84476,2015,12,5,2.0,15.6958
132.67613,-34.29213,2015,12,7,4.0,19.09
132.58476,-34.27767,2015,12,7,2.0,15.4701
-80.2883,-53.3128,2015,12,8,3.9645,3.0801
-80.2885,-53.3122,2015,12,8,3.9645,3.0865
131.0726,-35.23999,2015,12,9,3.0,14.4468
130.66982,-35.16376,2015,12,10,3.0,12.786
130.69107,-35.2221,2015,12,11,2.0,13.9485
130.6709,-33.79716,2015,12,12,3.0,14.5719
130.67021,-33.55503,2015,12,13,4.0,16.1084
130.67075,-33.42016,2015,12,13,3.0,19.1458
130.67969,-33.55116,2015,12,14,4.0,14.1464
130.28735,-33.38559,2015,12,15,4.0,16.3205
130.65503,-33.05474,2015,12,15,3.0,19.1717
-88.8605,-54.0843,2015,12,15,1.9821,0.4476
130.38487,-33.35202,2015,12,16,3.0,17.0992
-89.5533,-54.1287,2015,12,17,1.9821,2.9088
-89.5988,-54.117,2015,12,17,1.9821,1.5047
107.3375,-12.5008,2015,12,25,2.98,0.025
112.7692,-24.78,2015,12,28,3.97,0.25
112.6165,-24.7433,2015,12,28,2.98,0.022
112.467,-24.726,2015,12,28,3.97,0.022
112.313,-24.703,2015,12,28,3.97,0.037
-89.2128,-54.3332,2015,12,28,3.9641,2.0547
112.1977,-24.6673,2015,12,28,2.98,0.05
111.9992,-24.6335,2015,12,28,3.97,0.051
111.654,-24.5742,2015,12,28,2.98,0.045
111.286,-24.5017,2015,12,28,2.98,0.042
110.9367,-24.4235,2015,12,29,3.97,0.029
110.5902,-24.3767,2015,12,29,2.98,0.029
110.5918,-24.3787,2015,12,29,4.97,0.051
110.6385,-23.8847,2015,12,29,2.98,0.046
110.6723,-23.3938,2015,12,30,2.98,0.056
110.7195,-22.9075,2015,12,30,3.97,0.021
110.7583,-22.4245,2015,12,30,3.97,0.049
110.8037,-21.938,2015,12,30,3.98,0.053
110.8427,-21.4517,2015,12,31,3.98,0.052
110.889,-20.966,2015,12,31,3.98,0.021
110.9228,-20.4758,2015,12,31,3.98,0.046
110.9627,-19.9903,2015,12,31,3.98,0.041
139.4091,85.074,2015,9,25,4.0,6.0568
138.8495,85.0723,2015,9,25,4.0,6.2376
138.2848,85.0421,2015,9,26,4.0,6.0568
137.9019,85.0035,2015,9,26,4.0,5.9664
137.9042,84.9831,2015,9,27,4.0,6.1472
137.7787,85.0016,2015,9,27,4.0,6.0568
137.1715,85.0582,2015,9,28,4.0,6.0568
136.4404,85.0598,2015,9,28,4.0,5.876
135.6122,85.0412,2015,9,29,4.0,6.1472
135.0118,85.0242,2015,9,29,4.0,6.1472
134.9272,85.0158,2015,9,30,4.0,6.5088
135.3016,85.0378,2015,9,30,4.0,6.1472
135.9314,85.0662,2015,10,1,4.0,6.328
135.8874,85.0805,2015,10,1,4.0,6.1472
135.9392,85.1007,2015,10,2,4.0,6.2376
136.9505,85.0613,2015,10,2,4.0,6.0568
138.961,84.9383,2015,10,3,4.0,6.2376
139.4728,84.9178,2015,10,4,4.0,6.328
139.9466,84.9057,2015,10,4,4.0,6.328
140.2633,84.8931,2015,10,5,4.0,6.328
140.4846,84.894,2015,10,5,4.0,6.4184
140.584,84.9169,2015,10,6,4.0,6.5088
140.6977,84.9424,2015,10,6,4.0,6.4184
140.8248,84.9694,2015,10,7,4.0,6.5088
141.0271,84.9898,2015,10,7,4.0,6.328
141.3127,84.9951,2015,10,8,4.0,6.4184
141.8065,84.9831,2015,10,8,4.0,6.5088
142.2992,84.9638,2015,10,9,4.0,6.5088
142.1551,84.9615,2015,10,9,4.0,6.5992
142.494,84.9605,2015,10,10,4.0,6.6896
143.4503,84.9433,2015,10,10,4.0,6.4184
143.3188,84.8932,2015,10,11,4.0,6.5992
142.7416,84.8303,2015,10,11,4.0,6.5088
142.1835,84.7806,2015,10,12,4.0,6.6896
140.3699,84.7462,2015,10,13,4.0,6.5088
139.6906,84.7298,2015,10,13,4.0,6.5088
139.0614,84.7238,2015,10,14,4.0,6.5088
138.6468,84.7211,2015,10,14,4.0,6.5088
138.426,84.716,2015,10,15,4.0,6.328
138.326,84.6911,2015,10,15,4.0,6.4184
138.2899,84.647,2015,10,16,4.0,6.4184
138.3445,84.6077,2015,10,16,4.0,6.5992
138.4355,84.578,2015,10,17,4.0,6.5088
138.5768,84.5359,2015,10,17,4.0,6.5088
138.7138,84.4946,2015,10,18,4.0,6.5088
138.9263,84.458,2015,10,18,4.0,6.5992
139.1903,84.4154,2015,10,19,4.0,6.6896
139.6394,84.3734,2015,10,19,4.0,6.6896
140.4691,84.356,2015,10,20,4.0,6.5088
141.3891,84.3528,2015,10,20,4.0,6.5992
145.2797,84.4047,2015,10,22,4.0,6.4184
146.5561,84.4394,2015,10,22,4.0,6.1472
146.8722,84.4448,2015,10,23,4.0,6.0568
147.0555,84.501,2015,10,23,4.0,6.1472
147.341,84.5796,2015,10,24,4.0,6.1472
147.7356,84.6238,2015,10,24,4.0,6.2376
147.9474,84.663,2015,10,25,4.0,6.328
147.9574,84.7013,2015,10,25,4.0,6.4184
147.939,84.7538,2015,10,26,4.0,6.5088
147.9229,84.8133,2015,10,26,4.0,6.5992
147.8191,84.86,2015,10,27,4.0,6.5088
147.8695,84.9089,2015,10,27,4.0,6.5992
147.9869,84.9745,2015,10,28,4.0,6.6896
147.9631,85.0199,2015,10,28,4.0,6.6896
147.8617,85.0526,2015,10,29,4.0,6.78
147.7953,85.0916,2015,10,29,4.0,6.5992
147.8032,85.1362,2015,10,30,4.0,6.5992
147.6713,85.1773,2015,10,30,4.0,6.8704
147.3548,85.2106,2015,10,31,4.0,6.5992
146.9397,85.2367,2015,10,31,4.0,6.5992
146.5736,85.2533,2015,11,1,4.0,6.6896
146.2168,85.2783,2015,11,1,4.0,6.5992
146.0461,85.3134,2015,11,2,4.0,6.6896
146.5885,85.3676,2015,11,3,4.0,6.6896
148.4668,85.498,2015,11,5,4.0,6.6896
149.1363,85.5706,2015,11,6,4.0,6.5992
152.3764,85.7552,2015,11,11,4.0,6.4184
152.0663,85.7819,2015,11,12,4.0,6.4184
152.6074,85.7573,2015,11,14,4.0,6.5992
152.0968,85.6948,2015,11,15,4.0,6.6896
151.556,85.6048,2015,11,17,4.0,6.6896
151.5831,85.5975,2015,11,18,4.0,6.8704
150.2906,85.8453,2015,11,20,4.0,6.78
148.8267,85.9718,2015,11,21,4.0,6.78
148.7367,86.0314,2015,11,23,4.0,6.5992
149.4098,86.1777,2015,11,24,4.0,6.5088
148.8304,86.2285,2015,11,26,4.0,6.4184
149.0258,86.2449,2015,11,27,4.0,6.5992
149.3561,86.2343,2015,11,29,4.0,6.5088
149.7235,86.2724,2015,11,30,4.0,6.5088
149.7896,86.3203,2015,12,2,4.0,6.328
149.9883,86.3613,2015,12,3,4.0,6.328
151.0499,86.4123,2015,12,5,4.0,6.5992
153.3357,86.4436,2015,12,6,4.0,6.5088
154.6653,86.4721,2015,12,8,4.0,6.2376
155.0883,86.4986,2015,12,9,4.0,6.4184
155.9817,86.5434,2015,12,11,4.0,6.1472
157.2115,86.6957,2015,12,12,4.0,6.2376
159.8126,86.8575,2015,12,14,4.0,5.6952
159.7256,86.888,2015,12,15,4.0,5.7856
159.1417,86.943,2015,12,17,4.0,5.6952
160.1539,86.9591,2015,12,18,4.0,4.972
158.8595,87.011,2015,12,20,4.0,5.876
157.3072,87.0628,2015,12,21,4.0,5.9664
157.0566,87.1238,2015,12,23,4.0,5.876
158.1736,87.2917,2015,12,24,4.0,5.5144
156.7911,87.5585,2015,12,26,4.0,4.6104
155.2627,87.617,2015,12,27,4.0,4.6104
155.4918,87.7595,2015,12,29,4.0,4.3392
152.0442,87.5351,2015,12,30,4.0,5.5144
0.209,-53.49,2015,1,1,4.8,1.444
20.062,57.052,2015,1,1,4.3,0.202
-15.801,52.713,2015,1,1,4.5,0.111
10.502,-39.565,2015,1,1,4.3,1.331
29.8614,-46.265,2015,1,1,0.8,0.325
29.4383,32.1061,2015,1,1,0.7,0.127
-51.1799,22.0466,2015,1,1,0.6,0.0474
10.7471,38.7643,2015,1,1,0.3,0.273
18.1011,39.3556,2015,1,1,0.8,0.202
26.5981,-43.9063,2015,1,1,0.7,0.535
4.0569,41.849,2015,1,1,0.5,0.518
6.784,40.0884,2015,1,1,0.7,0.26
-26.9751,30.9109,2015,1,1,0.6,0.119
-26.8457,-36.5171,2015,1,1,0.8,0.0121
-25.871,-41.0823,2015,1,1,0.6,0.228
-32.2412,53.549,2015,1,1,0.4,0.173
-25.6082,59.5239,2015,1,1,0.7,0.0547
-45.2476,45.5531,2015,1,1,0.7,0.329
-50.3972,60.0257,2015,1,1,0.7,0.122
-51.1814,22.0508,2015,1,1,0.7,0.00548
-51.1833,22.0556,2015,1,1,0.3,0.0256
0.681,-57.001,2015,1,2,4.5,1.38
91.3949,17.4503,2015,1,2,0.4,0.0146
-51.1893,22.0715,2015,1,2,0.6,0.0547
19.1339,37.2949,2015,1,2,0.4,0.122
5.0079,37.3092,2015,1,2,0.3,0.391
-55.7455,58.8247,2015,1,2,0.5,0.0913
7.8622,42.5573,2015,1,3,0.6,0.329
6.196,69.7922,2015,1,3,0.8,0.0121
10.8616,-39.9455,2015,1,3,0.6,0.909
6.3245,-42.3788,2015,1,3,0.6,1.144
6.351,-42.3945,2015,1,3,0.6,1.246
89.9432,14.5167,2015,1,3,0.6,0.104
7.0271,-48.5085,2015,1,3,0.7,0.832
-3.9715,36.2,2015,1,3,0.7,0.166
7.0106,-48.4545,2015,1,3,0.3,0.905
6.4112,38.8163,2015,1,3,0.5,0.579
7.8635,42.5558,2015,1,3,0.7,0.15
-55.582,57.51,2015,1,3,0.8,0.0547
7.8648,42.5544,2015,1,3,0.6,0.325
66.5455,18.8784,2015,1,4,0.1,0.56
7.8699,42.5486,2015,1,4,0.7,0.241
30.0203,-46.2561,2015,1,4,0.7,0.431
27.4181,34.7105,2015,1,4,0.7,0.161
68.7676,12.4721,2015,1,5,0.4,0.28
89.514,15.424,2015,1,5,4.2,0.204
-26.02,10.6501,2015,1,5,0.7,0.0847
-28.0912,14.4737,2015,1,5,0.8,0.0605
-38.4734,57.7211,2015,1,5,0.7,0.0972
-42.7036,58.6963,2015,1,5,0.7,0.0329
-57.1408,63.1016,2015,1,5,0.3,0.126
28.6937,42.9733,2015,1,5,0.6,0.468
-40.9006,20.9469,2015,1,6,0.8,0.0201
29.4606,32.1216,2015,1,6,0.6,0.122
32.3439,42.5012,2015,1,6,0.7,0.49
10.8482,38.867,2015,1,6,0.7,0.592
10.5611,-39.9383,2015,1,6,0.7,0.796
18.1483,39.3703,2015,1,6,0.6,0.196
4.0601,41.8095,2015,1,6,0.3,0.654
6.8226,40.257,2015,1,6,0.7,0.291
-27.0185,30.8571,2015,1,6,0.5,0.131
-25.5942,-41.0747,2015,1,6,0.6,0.264
-32.458,53.3931,2015,1,6,0.6,0.198
-36.7279,63.6508,2015,1,6,0.5,0.0219
-31.455,62.6334,2015,1,6,0.1,0.0474
-25.6198,59.4701,2015,1,6,0.7,0.0365
-16.447,52.393,2015,1,6,4.2,0.0891
-40.9002,20.9427,2015,1,6,0.6,0.00548
-45.1123,45.4119,2015,1,6,0.4,0.394
10.565,-39.589,2015,1,6,4.3,0.817
-40.8998,20.9384,2015,1,6,0.6,0.0219
91.4775,17.3804,2015,1,7,0.5,0.00401
20.384,57.422,2015,1,7,4.1,0.245
-40.8987,20.9255,2015,1,7,1.0,0.0219
30.2265,-46.2009,2015,1,7,0.5,0.427
19.0607,37.4261,2015,1,7,0.4,0.153
5.3286,37.3153,2015,1,7,0.8,1.778
7.8487,42.5773,2015,1,7,0.7,0.131
-40.3618,20.5253,2015,1,7,0.7,0.018
-48.2869,56.5771,2015,1,7,0.6,0.0767
0.138,-64.994,2015,1,7,4.4,6.039
88.851,12.44,2015,1,8,4.7,0.635
5.941,-47.736,2015,1,8,4.6,0.817
6.6045,69.785,2015,1,8,0.4,0.0121
90.1069,14.5013,2015,1,8,0.5,0.36
7.6322,-48.6775,2015,1,8,0.7,0.803
-4.2938,36.2268,2015,1,8,0.6,0.32
6.359,-42.1815,2015,1,8,0.6,0.911
6.4236,-42.1859,2015,1,8,0.7,0.976
7.5271,-48.5771,2015,1,8,0.5,0.902
6.2096,38.8519,2015,1,8,0.4,0.512
-55.2296,57.8786,2015,1,8,0.7,0.062
27.3523,34.7135,2015,1,9,0.6,0.715
10.3123,-39.9823,2015,1,9,0.6,0.529
7.871,42.5884,2015,1,10,0.8,0.329
30.4433,-46.2053,2015,1,10,0.7,0.621
7.8724,42.5888,2015,1,10,0.7,0.161
-26.0269,10.443,2015,1,10,0.0,0.0726
-28.1263,14.3515,2015,1,10,0.6,0.0181
7.8738,42.5893,2015,1,10,0.8,0.248
28.9607,43.1875,2015,1,10,0.5,0.518
7.8793,42.591,2015,1,11,1.2,0.263
29.4351,32.0998,2015,1,11,0.6,0.115
-51.3142,22.0987,2015,1,11,0.7,0.0438
11.0153,38.9527,2015,1,11,0.5,0.457
18.0195,39.4244,2015,1,11,0.4,0.073
26.6692,-43.5565,2015,1,11,1.5,1.415
4.0031,41.8012,2015,1,11,0.7,0.856
6.7497,40.3855,2015,1,11,0.4,0.254
-27.0137,30.7172,2015,1,11,0.5,0.137
-26.8558,-36.5881,2015,1,11,0.7,0.0424
-25.4435,-41.1082,2015,1,11,0.6,0.216
-32.4044,53.295,2015,1,11,0.5,0.187
-25.5937,59.5281,2015,1,11,0.7,0.0438
-44.9362,45.0363,2015,1,11,0.5,0.23
-49.7705,59.7726,2015,1,11,0.6,0.104
-51.3166,22.0994,2015,1,11,0.7,0.0547
-51.3193,22.1001,2015,1,11,0.7,0.0584
-17.229,52.071,2015,1,11,2.4,0.0924
10.88,-39.542,2015,1,11,4.2,1.583
0.803,-57.074,2015,1,12,4.4,1.836
91.4249,17.2024,2015,1,12,0.3,0.0073
-51.3284,22.1027,2015,1,12,0.6,0.0402
10.1903,-40.0867,2015,1,12,0.4,0.387
19.1159,37.4972,2015,1,12,0.4,0.147
5.6258,37.2995,2015,1,12,0.2,1.036
-53.8233,59.2212,2015,1,12,0.7,0.0438
30.6965,-46.2198,2015,1,13,0.8,0.449
7.0003,69.6699,2015,1,13,0.6,0.0121
90.1888,14.4529,2015,1,13,0.6,0.0182
8.5713,-48.8517,2015,1,13,0.8,1.494
-4.4575,36.1917,2015,1,13,0.7,0.166
6.5116,-42.0413,2015,1,13,0.6,0.375
6.6448,-42.0645,2015,1,13,0.6,0.0972
8.2832,-48.7375,2015,1,13,0.7,1.365
5.9811,38.8301,2015,1,13,0.7,0.587
-55.7649,57.9367,2015,1,13,0.6,0.0329
-5.592,65.263,2015,1,13,4.6,0.0396
66.5519,18.896,2015,1,14,0.4,0.467
27.3301,34.6625,2015,1,14,0.4,0.363
7.8681,42.6039,2015,1,14,0.8,0.124
89.489,15.432,2015,1,15,4.6,0.358
10.1632,-40.2703,2015,1,15,0.8,0.442
68.6691,12.7379,2015,1,15,0.7,0.36
-24.4609,30.3074,2015,1,15,0.0,0.266
-26.0645,10.2409,2015,1,15,0.5,0.0726
-28.1121,14.2269,2015,1,15,0.3,0.0666
-38.6638,58.3737,2015,1,15,0.8,0.0828
-44.5339,58.4233,2015,1,15,0.6,0.0182
-57.627,62.8334,2015,1,15,0.7,0.148
28.9252,43.1584,2015,1,15,0.8,0.594
-41.0535,20.7476,2015,1,16,0.7,0.0256
30.9239,-46.2481,2015,1,16,0.5,0.708
29.4574,32.1068,2015,1,16,0.8,0.13
11.1513,38.9672,2015,1,16,0.7,0.221
18.031,39.4791,2015,1,16,0.6,0.269
4.003,41.8174,2015,1,16,0.7,0.659
6.7239,40.4215,2015,1,16,0.8,0.305
-27.0249,30.5549,2015,1,16,0.6,0.161
-26.8426,-36.6347,2015,1,16,0.5,0.0302
-25.3443,-41.1906,2015,1,16,0.8,0.444
-32.2209,53.2144,2015,1,16,0.6,0.158
-39.1839,62.836,2015,1,16,0.8,0.0219
-30.8159,62.4063,2015,1,16,0.8,0.0511
-25.4193,59.6231,2015,1,16,0.8,0.0329
-41.0572,20.7432,2015,1,16,0.7,0.00912
-44.6479,44.8082,2015,1,16,0.7,0.562
-41.0607,20.7389,2015,1,16,0.6,0.0256
91.3146,16.9805,2015,1,17,0.4,0.0
-17.617,51.939,2015,1,17,4.2,0.0726
11.101,-39.612,2015,1,17,4.5,0.608
7.8578,42.5994,2015,1,17,0.4,0.175
-41.0714,20.7258,2015,1,17,0.6,0.102
19.1498,37.418,2015,1,17,0.8,0.164
5.8544,37.3304,2015,1,17,0.7,1.478
7.8565,42.5989,2015,1,17,0.8,0.113
-48.4533,56.4258,2015,1,17,0.7,0.0256
-40.3102,20.6406,2015,1,17,0.8,0.0648
7.8555,42.5985,2015,1,17,0.7,0.139
0.225,-64.993,2015,1,17,4.4,19.136
7.8518,42.5969,2015,1,18,0.7,0.179
6.469,-47.456,2015,1,18,4.2,0.812
1.885,69.487,2015,1,18,4.2,0.0072
6.7243,69.8861,2015,1,18,0.4,0.00605
10.2508,-40.4434,2015,1,18,0.8,0.566
90.2515,14.2614,2015,1,18,1.3,0.0073
9.3335,-48.9464,2015,1,18,0.9,0.288
-4.5086,36.1567,2015,1,18,0.7,0.234
6.8106,-42.0028,2015,1,18,0.7,0.776
6.9268,-42.0653,2015,1,18,0.7,0.724
8.9342,-48.9982,2015,1,18,0.8,1.661
5.7754,38.804,2015,1,18,0.5,0.493
-55.7076,57.6371,2015,1,18,0.5,0.0329
5.964,-42.192,2015,1,19,4.0,0.839
31.0948,-46.2843,2015,1,19,0.7,0.595
27.3686,34.5899,2015,1,19,0.8,0.455
-24.4918,30.3643,2015,1,20,0.4,0.00605
-26.0809,10.0663,2015,1,20,0.7,0.0786
-28.1396,14.119,2015,1,20,0.4,0.0726
28.532,42.7011,2015,1,20,0.7,1.445
29.5129,32.1044,2015,1,21,0.8,0.132
-51.3525,22.043,2015,1,21,0.6,0.0329
11.2591,39.0491,2015,1,21,0.6,0.255
10.3667,-40.5339,2015,1,21,0.8,0.686
17.8899,39.5568,2015,1,21,0.5,0.293
26.3464,-43.6553,2015,1,21,1.5,0.664
67.5312,-52.0059,2015,1,21,0.7,0.993
67.5472,-51.9987,2015,1,21,0.6,0.979
4.0435,41.7935,2015,1,21,0.6,0.409
6.6823,40.4318,2015,1,21,0.5,0.312
7.8106,42.5692,2015,1,21,0.8,0.128
-27.043,30.3878,2015,1,21,0.5,0.19
-25.7761,-23.2106,2015,1,21,0.1,0.00605
-26.8208,-36.6218,2015,1,21,0.6,0.0484
-25.2954,-41.2655,2015,1,21,0.7,0.348
-32.1178,53.2133,2015,1,21,0.8,0.169
-25.2847,59.6421,2015,1,21,0.7,0.0219
-44.1782,44.854,2015,1,21,0.3,0.511
-51.3529,22.0415,2015,1,21,0.7,0.0329
-50.7072,58.9613,2015,1,21,0.5,0.0828
-51.3532,22.0402,2015,1,21,0.8,0.0402
0.906,-57.169,2015,1,22,4.4,2.635
91.1644,16.7783,2015,1,22,0.2,0.0
31.2263,-46.3429,2015,1,22,0.7,0.675
-17.916,52.062,2015,1,22,4.3,0.0979
-51.3543,22.0356,2015,1,22,0.7,0.0256
19.0726,37.2622,2015,1,22,0.8,0.164
10.803,-39.498,2015,1,22,3.9,0.96
72.1305,-50.5849,2015,1,22,0.7,3.11
6.1139,37.3654,2015,1,22,0.7,0.439
67.5703,-51.9673,2015,1,22,0.7,0.785
67.5864,-51.959,2015,1,22,0.6,0.893
72.0887,-50.6053,2015,1,22,0.6,2.584
-53.846,59.6411,2015,1,22,0.7,0.0182
67.5565,-51.9538,2015,1,23,0.7,1.102
67.571,-51.9401,2015,1,23,0.7,0.623
6.3539,70.1395,2015,1,23,0.3,0.00605
90.2108,13.9927,2015,1,23,0.7,0.0237
9.8537,-48.936,2015,1,23,0.6,1.35
72.1418,-50.5814,2015,1,23,0.5,3.071
-4.5256,36.1524,2015,1,23,0.4,0.151
7.0224,-42.065,2015,1,23,0.6,0.251
7.0925,-42.1507,2015,1,23,0.6,0.27
9.6472,-49.1278,2015,1,23,0.6,0.303
5.6424,38.7626,2015,1,23,0.5,0.146
72.0909,-50.6138,2015,1,23,0.6,3.84
-55.0662,57.4123,2015,1,23,0.7,0.0146
66.3945,19.9418,2015,1,24,0.6,0.555
66.4992,18.9307,2015,1,24,0.5,0.296
72.1396,-50.6033,2015,1,24,0.6,2.473
67.5526,-51.9255,2015,1,24,0.8,0.869
67.5458,-51.9067,2015,1,24,0.7,0.781
72.0917,-50.6427,2015,1,24,0.7,2.894
7.799,42.5407,2015,1,24,0.7,0.183
27.544,34.6327,2015,1,24,0.5,0.156
72.401,-48.8051,2015,1,24,0.6,2.632
10.5218,-40.6374,2015,1,24,0.7,0.931
7.798,42.5381,2015,1,24,0.7,0.146
7.7973,42.5362,2015,1,24,0.7,0.215
-149.852,26.032,2015,1,24,4.3,0.0365
72.0869,-50.603,2015,1,25,0.7,3.362
67.5642,-51.8996,2015,1,25,0.6,0.832
67.5482,-51.8776,2015,1,25,0.2,0.853
72.0726,-50.6725,2015,1,25,0.7,3.143
7.7943,42.5287,2015,1,25,0.6,0.175
31.3298,-46.38,2015,1,25,0.7,0.566
68.6643,12.7978,2015,1,25,0.6,0.39
72.4522,-48.8037,2015,1,25,0.6,1.04
-24.4903,30.3984,2015,1,25,0.5,0.115
-26.08,9.9535,2015,1,25,1.0,0.0666
-28.2273,14.0508,2015,1,25,0.3,0.0847
72.5261,-48.7976,2015,1,25,0.9,1.288
-39.1984,58.3398,2015,1,25,0.6,0.0072
-45.4569,59.1116,2015,1,25,0.7,0.0474
-57.7863,62.7656,2015,1,25,0.7,0.0972
28.6038,42.1419,2015,1,25,0.8,0.547
72.4821,-48.7978,2015,1,26,0.5,1.303
72.0476,-50.5967,2015,1,26,0.7,2.952
67.581,-51.8766,2015,1,26,0.3,0.825
67.5607,-51.8423,2015,1,26,0.2,0.738
72.5641,-48.7923,2015,1,26,0.7,1.303
72.0384,-50.695,2015,1,26,0.7,3.051
-41.2385,20.5713,2015,1,26,0.7,0.00912
29.557,32.166,2015,1,26,0.7,0.0997
32.3985,42.5036,2015,1,26,0.6,0.508
11.3743,39.0797,2015,1,26,0.3,0.541
17.5522,39.8468,2015,1,26,0.3,0.377
4.0545,41.6602,2015,1,26,0.3,0.385
6.6389,40.4395,2015,1,26,0.7,0.348
-27.064,30.1724,2015,1,26,0.7,0.19
-25.8455,-23.2112,2015,1,26,0.9,0.0
-26.7781,-36.5566,2015,1,26,0.7,0.0363
-25.2886,-41.3284,2015,1,26,0.5,0.27
-32.1291,53.2426,2015,1,26,0.7,0.162
-30.5245,62.2658,2015,1,26,0.7,0.0365
-25.2664,59.5965,2015,1,26,0.5,0.0402
-41.2426,20.5674,2015,1,26,1.1,0.0
-39.3051,62.4579,2015,1,26,0.6,0.0292
-42.3968,45.3242,2015,1,26,0.5,0.27
-41.2464,20.5638,2015,1,26,0.7,0.011
91.015,16.5021,2015,1,27,0.4,0.00073
72.4976,-48.7767,2015,1,27,0.8,1.775
72.0063,-50.6041,2015,1,27,0.5,2.48
67.5745,-51.8611,2015,1,27,0.3,0.927
67.542,-51.8274,2015,1,27,0.5,0.875
72.6026,-48.7443,2015,1,27,0.7,1.132
71.996,-50.7302,2015,1,27,0.8,2.621
-41.2581,20.5527,2015,1,27,0.7,0.011
18.9527,37.1063,2015,1,27,0.3,0.147
10.7297,-40.834,2015,1,27,0.7,1.252
6.338,37.4719,2015,1,27,0.7,0.535
88.568,12.069,2015,1,27,4.2,0.161
-48.3214,56.483,2015,1,27,0.6,0.0219
-40.103,20.7428,2015,1,27,0.3,0.0612
-53.9994,59.4078,2015,1,27,0.4,0.0146
-18.019,52.305,2015,1,27,4.0,0.0957
10.365,-39.123,2015,1,27,4.1,0.956
72.5505,-48.7449,2015,1,28,0.8,0.904
71.9643,-50.6205,2015,1,28,0.5,2.405
67.5592,-51.8395,2015,1,28,0.8,0.763
67.5266,-51.8081,2015,1,28,0.6,0.835
72.6552,-48.6972,2015,1,28,0.5,0.686
71.96,-50.7585,2015,1,28,0.8,2.135
6.447,-47.196,2015,1,28,4.1,0.6
31.41,-46.4252,2015,1,28,0.8,0.635
90.0248,13.6947,2015,1,28,0.4,0.0372
9.919,-48.768,2015,1,28,0.7,1.282
5.9978,70.1963,2015,1,28,1.9,0.0
-4.4312,36.134,2015,1,28,0.5,0.0072
6.971,-42.1701,2015,1,28,0.6,0.439
10.2242,-49.1049,2015,1,28,0.5,1.219
5.546,38.704,2015,1,28,0.7,0.321
7.8048,42.4813,2015,1,28,0.7,0.109
-55.3209,57.6384,2015,1,28,0.3,0.0201
72.6278,-48.7306,2015,1,29,0.3,0.709
71.9424,-50.6327,2015,1,29,0.6,2.837
67.5454,-51.8244,2015,1,29,0.5,0.821
67.5061,-51.7981,2015,1,29,0.5,0.803
72.7213,-48.687,2015,1,29,0.8,0.562
71.9679,-50.7647,2015,1,29,0.7,2.599
27.7847,34.6872,2015,1,29,0.6,0.252
72.6766,-48.7231,2015,1,30,0.7,1.199
71.9336,-50.6499,2015,1,30,0.5,2.686
67.5231,-51.8021,2015,1,30,0.7,0.891
67.4922,-51.7757,2015,1,30,0.6,0.734
72.7619,-48.6919,2015,1,30,0.7,0.646
71.9567,-50.7927,2015,1,30,0.8,2.449
11.1299,-41.088,2015,1,30,0.3,0.206
-24.4428,30.3731,2015,1,30,0.5,0.00605
-26.026,9.9004,2015,1,30,1.2,0.0545
-28.3764,14.0215,2015,1,30,0.6,0.0605
-39.3612,57.9452,2015,1,30,0.7,0.0162
-46.5495,59.7423,2015,1,30,0.8,0.0365
-58.2677,62.4923,2015,1,30,0.4,0.0936
72.7193,-48.7199,2015,1,31,0.7,0.752
71.919,-50.6482,2015,1,31,0.5,2.527
67.5022,-51.7934,2015,1,31,0.7,0.715
67.4759,-51.767,2015,1,31,0.3,0.655
72.7923,-48.7082,2015,1,31,0.7,0.277
71.9298,-50.8067,2015,1,31,0.7,2.106
7.8528,42.4713,2015,1,31,0.7,0.135
31.4967,-46.4764,2015,1,31,0.5,0.719
29.6592,32.2345,2015,1,31,0.7,0.0932
-51.3514,21.9234,2015,1,31,0.7,0.0292
11.4872,39.1225,2015,1,31,0.8,1.0
17.3735,40.0522,2015,1,31,0.8,0.281
26.5235,-43.7042,2015,1,31,1.3,1.626
3.8676,41.4281,2015,1,31,0.6,0.31
6.5738,40.47,2015,1,31,0.3,0.385
7.8566,42.4704,2015,1,31,0.5,0.376
-27.0573,29.9349,2015,1,31,0.6,0.208
-26.7114,-36.4747,2015,1,31,0.6,0.0242
-25.3482,-41.4089,2015,1,31,0.8,0.144
-32.2058,53.3228,2015,1,31,0.7,0.252
-31.0509,62.3822,2015,1,31,0.8,0.0474
-25.4869,59.5447,2015,1,31,0.3,0.0474
-39.5521,62.4432,2015,1,31,0.5,0.0292
-41.9662,45.5637,2015,1,31,0.7,0.639
-51.3512,21.9207,2015,1,31,0.2,0.0402
-49.7353,58.5675,2015,1,31,0.8,0.115
7.8595,42.4697,2015,1,31,0.6,0.168
-51.3511,21.918,2015,1,31,0.6,0.0365
28.6056,41.9655,2015,1,31,0.6,0.468
90.9074,16.1656,2015,2,1,0.2,0.00511
72.7386,-48.7118,2015,2,1,0.8,0.774
71.9263,-50.6592,2015,2,1,0.8,3.254
67.4668,-51.7812,2015,2,1,0.7,0.719
67.4295,-51.7588,2015,2,1,0.5,0.522
72.7967,-48.6942,2015,2,1,0.7,0.358
71.8864,-50.8185,2015,2,1,0.8,2.792
7.8704,42.4672,2015,2,1,0.0,0.139
71.9292,-50.6566,2015,2,1,0.9,2.858
18.977,37.0181,2015,2,1,0.6,0.184
-51.3506,21.9098,2015,2,1,0.7,0.0511
6.6438,37.6568,2015,2,1,0.5,0.497
-48.1797,56.384,2015,2,1,0.7,0.0182
-53.1954,59.2726,2015,2,1,0.7,0.011
-18.203,52.577,2015,2,2,4.1,0.162
10.528,-38.686,2015,2,2,4.2,1.204
72.7606,-48.7226,2015,2,2,0.6,0.77
71.9432,-50.6449,2015,2,2,0.7,3.323
67.4434,-51.7663,2015,2,2,0.8,0.569
67.3996,-51.742,2015,2,2,0.5,0.659
72.8268,-48.696,2015,2,2,0.7,0.562
71.8525,-50.8315,2015,2,2,0.8,1.329
-6.152,64.31,2015,2,2,4.5,0.0612
89.8079,13.3162,2015,2,2,0.4,0.0398
10.036,-48.6113,2015,2,2,0.3,0.562
4.8867,69.9568,2015,2,2,0.5,0.0121
6.6917,-42.2708,2015,2,2,0.6,1.035
6.6292,-42.3585,2015,2,2,0.7,0.371
10.4129,-48.8344,2015,2,2,0.7,1.15
5.4465,38.6205,2015,2,2,0.7,0.59
-4.4013,36.0758,2015,2,2,0.7,0.641
20.513,57.505,2015,2,2,4.6,0.227
-55.7314,58.0122,2015,2,2,0.7,0.0219
66.2128,20.0146,2015,2,3,0.4,0.453
66.3259,18.8156,2015,2,3,0.5,0.395
72.7553,-48.7137,2015,2,3,0.6,1.354
71.9529,-50.6311,2015,2,3,0.8,2.768
67.404,-51.7602,2015,2,3,0.5,0.949
67.3613,-51.7304,2015,2,3,0.7,0.72
72.8266,-48.6863,2015,2,3,0.7,0.573
71.8002,-50.838,2015,2,3,0.7,0.85
27.8515,34.68,2015,2,3,0.5,0.381
89.821,15.354,2015,2,3,4.8,0.73
72.7735,-48.7104,2015,2,4,0.7,1.152
67.3639,-51.7417,2015,2,4,0.8,0.796
72.8516,-48.6759,2015,2,4,0.4,0.642
71.7211,-50.8491,2015,2,4,0.6,0.569
71.9933,-50.6184,2015,2,4,0.4,2.642
71.998,-50.6157,2015,2,4,0.9,3.874
68.7989,12.5827,2015,2,4,0.4,0.0748
12.1468,-40.9575,2015,2,4,0.7,0.836
7.9431,42.5315,2015,2,4,0.4,0.124
-25.9434,9.9238,2015,2,4,0.9,0.0726
-28.499,14.0483,2015,2,4,0.5,0.0726
4.8487,43.2958,2015,2,4,0.7,0.133
4.8851,43.3127,2015,2,4,0.4,0.312
67.2887,-51.7132,2015,2,4,0.7,0.965
4.8323,43.2715,2015,2,5,0.2,0.0726
4.8876,43.2951,2015,2,5,0.3,0.324
72.776,-48.697,2015,2,5,0.8,1.026
72.0448,-50.5881,2015,2,5,0.6,1.897
4.8229,43.256,2015,2,5,0.3,0.124
4.8873,43.2756,2015,2,5,0.1,0.24
67.3348,-51.722,2015,2,5,0.6,0.85
72.8605,-48.6593,2015,2,5,0.6,0.588
71.6625,-50.8406,2015,2,5,0.6,1.314
-41.4082,20.4957,2015,2,5,0.7,0.0128
31.6026,-46.5615,2015,2,5,0.8,0.285
29.8147,32.3521,2015,2,5,0.8,0.18
71.6667,-50.835,2015,2,5,1.0,1.475
32.4316,42.4879,2015,2,5,0.2,0.508
11.4396,39.2394,2015,2,5,0.3,0.423
17.2169,40.0952,2015,2,5,0.8,0.265
3.7244,41.3603,2015,2,5,0.1,0.36
6.6307,40.4379,2015,2,5,0.4,0.456
-27.0547,29.7109,2015,2,5,0.7,0.178
4.8167,43.242,2015,2,5,0.2,0.0484
4.8867,43.251,2015,2,5,0.1,0.228
-25.899,-23.1959,2015,2,5,0.7,0.00605
-26.646,-36.4196,2015,2,5,0.5,0.0121
-25.4112,-41.4787,2015,2,5,0.7,0.3
-32.4437,53.4009,2015,2,5,0.7,0.151
-31.3147,62.6019,2015,2,5,0.4,0.0547
-25.924,59.4888,2015,2,5,0.5,0.0256
-41.4117,20.4945,2015,2,5,0.7,0.0
-39.413,62.7103,2015,2,5,0.3,0.0146
-42.0226,45.4862,2015,2,5,0.7,0.226
-49.1632,59.1092,2015,2,5,0.6,0.0792
4.81,43.2292,2015,2,5,0.4,0.0386
4.8824,43.216,2015,2,5,0.2,0.174
67.245,-51.7032,2015,2,5,0.7,0.684
-41.4152,20.4934,2015,2,5,1.3,0.0329
4.8023,43.2197,2015,2,6,0.5,0.215
4.874,43.1879,2015,2,6,0.4,0.201
90.8804,15.7714,2015,2,6,0.2,0.0
88.149,11.718,2015,2,6,4.8,0.0584
72.7989,-48.6985,2015,2,6,0.7,0.479
72.0764,-50.5758,2015,2,6,0.4,3.031
4.8005,43.2146,2015,2,6,0.1,0.0424
4.8639,43.1624,2015,2,6,0.4,0.198
67.2885,-51.708,2015,2,6,0.6,0.971
72.8767,-48.6535,2015,2,6,0.7,0.372
71.6108,-50.8074,2015,2,6,0.6,1.197
-41.4257,20.4898,2015,2,6,0.6,0.00548
19.0855,37.0617,2015,2,6,0.5,0.218
6.8888,37.8346,2015,2,6,0.6,0.515
4.7974,43.2077,2015,2,6,0.0,0.0363
4.8581,43.1433,2015,2,6,0.0,0.24
-48.3843,56.1574,2015,2,6,0.7,0.0329
-39.7077,20.8156,2015,2,6,0.7,0.0072
-53.2688,59.4533,2015,2,6,0.5,0.0073
4.7845,43.201,2015,2,6,0.1,0.0666
4.8549,43.1326,2015,2,6,0.1,0.216
67.1831,-51.6766,2015,2,6,0.6,0.828
28.9122,41.6594,2015,2,6,0.7,0.596
4.7767,43.1908,2015,2,7,0.1,0.0605
4.8543,43.1287,2015,2,7,0.2,0.174
6.004,-46.696,2015,2,7,4.4,0.661
11.004,-38.324,2015,2,7,4.2,1.011
72.7998,-48.6869,2015,2,7,0.8,0.846
72.0568,-50.582,2015,2,7,0.8,3.272
4.7643,43.1792,2015,2,7,0.0,0.0786
4.8527,43.126,2015,2,7,0.1,0.144
67.241,-51.6845,2015,2,7,0.8,0.909
72.8746,-48.6398,2015,2,7,0.9,0.453
71.5816,-50.7626,2015,2,7,0.4,1.748
7.9222,42.6214,2015,2,7,0.5,0.0949
-17.639,52.809,2015,2,7,4.0,0.147
89.646,12.9123,2015,2,7,0.6,0.0168
10.1271,-48.4421,2015,2,7,0.8,0.389
3.7601,69.5843,2015,2,7,0.2,0.00605
6.2819,-42.4224,2015,2,7,0.8,1.357
6.1834,-42.4775,2015,2,7,0.9,1.202
10.1203,-48.7127,2015,2,7,0.6,0.621
5.3194,38.4642,2015,2,7,0.7,0.432
7.9211,42.6281,2015,2,7,0.7,0.124
4.7466,43.1686,2015,2,7,0.1,0.0605
4.8528,43.1259,2015,2,7,0.4,0.096
-4.3141,36.0904,2015,2,7,0.4,0.186
-55.2491,57.7575,2015,2,7,0.5,0.0073
7.92,42.6338,2015,2,7,0.8,0.117
4.7291,43.1585,2015,2,7,0.2,0.0666
4.8513,43.1232,2015,2,7,0.1,0.198
67.134,-51.6667,2015,2,7,0.8,1.019
4.7114,43.145,2015,2,8,0.5,0.0715
4.8462,43.116,2015,2,8,0.1,0.186
72.8227,-48.6609,2015,2,8,0.6,0.475
72.0528,-50.5744,2015,2,8,0.6,2.311
4.6965,43.131,2015,2,8,0.2,0.0605
4.8438,43.1094,2015,2,8,0.1,0.174
67.1712,-51.6823,2015,2,8,0.7,0.949
72.8811,-48.5991,2015,2,8,0.3,0.533
71.5131,-50.7156,2015,2,8,0.7,1.632
7.9166,42.6531,2015,2,8,0.6,0.0931
72.0559,-50.5726,2015,2,8,0.9,2.563
27.8114,34.7673,2015,2,8,0.7,0.304
4.6862,43.1172,2015,2,8,3.0,0.0299
4.8469,43.1013,2015,2,8,0.0,0.108
4.6795,43.1047,2015,2,8,0.0,0.0605
4.8432,43.0871,2015,2,8,0.4,0.217
67.0592,-51.6477,2015,2,8,0.8,0.799
4.6701,43.0926,2015,2,9,0.1,0.0666
4.8346,43.0757,2015,2,9,0.1,0.246
72.0496,-50.5771,2015,2,9,0.5,3.092
4.6628,43.0881,2015,2,9,0.4,0.0598
4.8304,43.069,2015,2,9,0.1,0.213
67.1006,-51.6481,2015,2,9,0.7,0.836
72.8893,-48.5685,2015,2,9,0.7,0.573
71.4837,-50.6612,2015,2,9,0.6,3.004
12.4345,-40.6049,2015,2,9,0.7,1.11
-24.21,30.2344,2015,2,9,0.5,0.0181
4.6593,43.0851,2015,2,9,0.0,0.0212
4.8286,43.0645,2015,2,9,0.1,0.366
-25.8349,9.9956,2015,2,9,0.0,0.0545
-28.6174,14.1005,2015,2,9,0.7,0.0302
-40.0879,57.9218,2015,2,9,0.4,0.018
-58.8288,62.1787,2015,2,9,0.3,0.101
-53.4335,59.3068,2015,2,9,0.7,0.0438
4.6564,43.0799,2015,2,9,0.0,0.0666
4.8244,43.0611,2015,2,9,0.0,0.294
66.9948,-51.6118,2015,2,9,0.7,0.868
4.6541,43.0723,2015,2,10,0.0,0.0605
4.8223,43.0577,2015,2,10,0.1,0.258
72.8469,-48.6092,2015,2,10,0.8,0.493
72.0334,-50.588,2015,2,10,0.7,2.207
4.6513,43.0656,2015,2,10,0.0,0.0666
4.82,43.0545,2015,2,10,0.1,0.228
67.0516,-51.6323,2015,2,10,0.3,0.978
72.8826,-48.5277,2015,2,10,0.7,0.394
71.5087,-50.6331,2015,2,10,0.7,1.069
31.6999,-46.6818,2015,2,10,0.7,0.621
29.8446,32.4028,2015,2,10,0.6,0.133
-51.3733,21.9051,2015,2,10,0.7,0.011
11.2671,39.239,2015,2,10,0.5,0.658
17.0996,40.1362,2015,2,10,0.6,0.248
26.5797,-43.4953,2015,2,10,1.6,1.613
3.7551,41.1943,2015,2,10,0.7,0.269
6.7915,40.5079,2015,2,10,0.7,0.47
-27.0259,29.5816,2015,2,10,0.5,0.161
4.6451,43.0574,2015,2,10,0.0,1.204
4.8165,43.0547,2015,2,10,0.1,0.132
-25.9111,-23.1909,2015,2,10,1.7,0.0
-26.5607,-36.4238,2015,2,10,0.5,0.0363
-25.4422,-41.528,2015,2,10,0.6,0.342
-32.9558,53.4398,2015,2,10,0.7,0.238
-31.3372,62.8651,2015,2,10,0.6,0.0511
-26.2168,59.4609,2015,2,10,0.7,0.0474
-40.3515,62.512,2015,2,10,0.4,0.0146
-42.2948,45.4614,2015,2,10,0.8,0.219
-48.5316,59.3257,2015,2,10,0.8,0.126
-51.374,21.9051,2015,2,10,0.6,0.00365
4.6413,43.0529,2015,2,10,0.0,0.0726
-51.3744,21.9051,2015,2,10,0.0,0.0146
4.8165,43.0564,2015,2,10,0.1,0.264
0.243,-57.193,2015,2,10,4.4,3.185
4.6387,43.0517,2015,2,11,0.4,0.394
90.9611,15.4867,2015,2,11,0.2,0.00438
4.8183,43.0577,2015,2,11,0.3,0.258
4.6336,43.0517,2015,2,11,0.0,0.0726
4.8164,43.0592,2015,2,11,0.0,0.246
72.8816,-48.4962,2015,2,11,0.7,0.423
-51.3759,21.9049,2015,2,11,0.7,0.0182
19.1262,37.0483,2015,2,11,0.3,0.171
7.069,37.8342,2015,2,11,0.7,0.66
7.9153,42.7373,2015,2,11,0.8,0.0365
4.6268,43.053,2015,2,11,4.6,16.722
4.8137,43.0619,2015,2,11,0.1,0.09
-48.842,55.8716,2015,2,11,0.6,0.0292
4.6206,43.0512,2015,2,11,4.0,3.603
4.8118,43.0649,2015,2,11,0.1,0.246
66.898,-51.6035,2015,2,11,0.6,0.756
29.8438,41.4506,2015,2,11,0.7,0.41
4.6136,43.0472,2015,2,12,0.3,0.0908
4.8066,43.0685,2015,2,12,0.2,0.246
-5.731,63.964,2015,2,12,4.7,0.0936
72.8594,-48.5353,2015,2,12,0.7,0.515
71.9655,-50.5879,2015,2,12,0.5,1.076
4.6078,43.0447,2015,2,12,0.1,0.0786
4.8009,43.0766,2015,2,12,0.5,0.268
66.9557,-51.6155,2015,2,12,0.7,0.723
72.9076,-48.4609,2015,2,12,0.3,0.358
71.5144,-50.5915,2015,2,12,0.6,1.807
89.5347,12.67,2015,2,12,0.4,0.0942
10.2113,-48.2013,2015,2,12,0.8,0.266
5.8716,-42.5546,2015,2,12,0.4,1.245
5.7921,-42.5708,2015,2,12,0.7,0.882
10.0657,-48.7944,2015,2,12,0.6,0.0584
5.1937,38.3192,2015,2,12,0.4,0.335
4.6018,43.0509,2015,2,12,0.1,0.0424
4.7977,43.0847,2015,2,12,0.1,0.204
-4.2738,36.0958,2015,2,12,0.4,0.317
-16.676,52.891,2015,2,12,4.3,0.242
11.53,-38.321,2015,2,12,4.2,0.942
-52.9554,59.007,2015,2,12,0.4,0.0438
-55.2497,57.8883,2015,2,12,0.6,0.0128
4.5959,43.0601,2015,2,12,0.1,0.0908
4.8003,43.0909,2015,2,12,0.0,0.348
89.608,15.093,2015,2,13,4.2,0.204
4.5912,43.0673,2015,2,13,0.0,24.684
4.8086,43.0931,2015,2,13,0.1,0.354
66.105,19.9508,2015,2,13,1.0,1.35
66.2183,18.7059,2015,2,13,0.2,0.431
4.5857,43.0734,2015,2,13,0.5,0.0756
4.8171,43.0922,2015,2,13,0.0,0.294
66.8673,-51.5943,2015,2,13,0.6,0.562
27.6693,34.7787,2015,2,13,0.5,0.503
4.5827,43.0799,2015,2,13,0.2,1.157
4.8215,43.0885,2015,2,13,0.0,0.186
4.5841,43.0862,2015,2,13,0.0,0.0968
4.8248,43.0865,2015,2,13,0.5,0.426
4.5853,43.0915,2015,2,14,0.2,0.0786
4.8261,43.0868,2015,2,14,0.1,0.378
72.8749,-48.4641,2015,2,14,0.7,0.49
71.9097,-50.5718,2015,2,14,0.7,2.023
4.8275,43.0877,2015,2,14,0.5,0.82
66.8781,-51.6138,2015,2,14,0.6,0.58
72.9662,-48.3993,2015,2,14,0.6,0.0474
71.5516,-50.5723,2015,2,14,0.7,1.891
7.9246,42.8244,2015,2,14,0.7,0.226
4.587,43.094,2015,2,14,2.5,24.684
12.1178,-40.3177,2015,2,14,0.6,0.748
69.003,12.2704,2015,2,14,3.6,0.0
7.9252,42.8314,2015,2,14,0.7,0.38
-24.0108,30.1199,2015,2,14,0.5,0.00605
4.5871,43.093,2015,2,14,1.8,0.0968
4.8272,43.086,2015,2,14,0.0,0.618
-25.7039,10.1026,2015,2,14,0.6,0.0726
-28.7421,14.1559,2015,2,14,0.7,0.0908
-40.3711,57.9433,2015,2,14,0.7,0.0198
-59.1553,62.1762,2015,2,14,0.8,0.112
7.9256,42.8364,2015,2,14,0.7,0.394
4.5857,43.0913,2015,2,14,2.4,24.684
4.8233,43.0888,2015,2,14,0.0,0.489
4.83,43.0947,2015,2,15,1.2,0.426
4.5851,43.0909,2015,2,15,2.1,0.272
4.5812,43.0914,2015,2,15,0.3,0.907
4.8404,43.1006,2015,2,15,0.1,0.42
66.831,-51.5634,2015,2,15,0.7,0.846
7.9272,42.8567,2015,2,15,0.5,0.205
-21.858,59.732,2015,2,15,3.7,0.0444
-41.5049,20.5093,2015,2,15,0.8,0.00548
31.7855,-46.7838,2015,2,15,0.7,0.975
29.884,32.4254,2015,2,15,0.3,0.123
32.5076,42.5065,2015,2,15,0.3,0.26
11.2687,39.1978,2015,2,15,0.2,0.531
3.6735,41.1303,2015,2,15,0.2,0.528
6.9157,40.6706,2015,2,15,0.6,0.669
-26.914,29.4476,2015,2,15,0.5,0.202
4.5787,43.0935,2015,2,15,0.3,0.108
4.8488,43.1031,2015,2,15,0.0,0.456
-26.4388,-36.4221,2015,2,15,0.7,0.0302
-25.4747,-41.559,2015,2,15,0.6,0.648
-33.3308,53.4389,2015,2,15,0.6,0.166
-31.5976,62.73,2015,2,15,0.6,0.0547
-25.6859,59.5168,2015,2,15,0.6,0.0584
-41.5069,20.5099,2015,2,15,0.7,0.0
-40.0462,62.3767,2015,2,15,0.4,0.0146
-42.2418,45.6617,2015,2,15,0.5,0.204
-48.5448,59.1933,2015,2,15,0.7,0.126
4.5691,43.0991,2015,2,15,0.0,1.125
4.8589,43.1023,2015,2,15,0.5,0.43
-41.5087,20.5104,2015,2,15,0.7,0.0
2.199,72.579,2015,2,15,4.6,0.0072
4.5639,43.0988,2015,2,16,0.2,0.0908
4.8635,43.0968,2015,2,16,0.1,0.504
91.0898,15.3191,2015,2,16,2.5,0.0
72.9099,-48.3824,2015,2,16,0.6,0.544
71.8803,-50.5475,2015,2,16,0.3,1.926
4.5613,43.0949,2015,2,16,0.1,0.139
4.8583,43.0896,2015,2,16,0.0,0.414
66.8207,-51.5965,2015,2,16,0.7,0.642
73.0844,-48.3245,2015,2,16,0.6,0.504
71.6152,-50.5323,2015,2,16,0.7,0.175
-41.5145,20.5121,2015,2,16,1.3,0.0
19.1004,36.9809,2015,2,16,0.7,0.327
7.2326,37.8631,2015,2,16,0.2,0.973
4.5534,43.0883,2015,2,16,0.1,1.038
4.8496,43.0831,2015,2,16,2.3,0.13
-48.7154,55.7455,2015,2,16,0.5,0.019
-39.1979,20.8318,2015,2,16,0.8,0.0288
4.5446,43.082,2015,2,16,0.4,0.215
4.8395,43.0794,2015,2,16,0.0,0.249
30.628,41.5254,2015,2,16,0.5,0.344
2.26,70.047,2015,2,16,4.2,0.0072
4.5351,43.077,2015,2,17,0.2,0.133
4.8268,43.0787,2015,2,17,0.1,0.3
5.811,-46.099,2015,2,17,4.1,0.821
4.524,43.0719,2015,2,17,0.2,0.0968
4.8136,43.0837,2015,2,17,0.5,0.276
66.7813,-51.5129,2015,2,17,0.3,0.446
89.4855,12.5925,2015,2,17,0.2,0.0522
10.4958,-47.928,2015,2,17,0.8,0.389
5.6366,-42.5196,2015,2,17,0.8,1.043
5.5023,-42.5408,2015,2,17,0.6,1.102
10.2865,-48.7468,2015,2,17,0.8,0.318
5.1353,38.2005,2015,2,17,0.4,0.379
3.5646,41.0979,2015,2,17,0.7,0.374
6.962,40.7418,2015,2,17,0.6,0.72
4.5131,43.0677,2015,2,17,0.1,0.121
4.7999,43.0828,2015,2,17,0.2,0.18
-4.1921,36.0324,2015,2,17,0.7,0.446
-52.0215,58.8882,2015,2,17,0.7,0.0073
-55.9813,57.9623,2015,2,17,0.3,0.011
4.5039,43.0639,2015,2,17,0.1,0.121
4.785,43.0777,2015,2,17,0.0,0.402
-15.639,52.807,2015,2,17,4.0,0.183
11.93,-38.28,2015,2,17,4.4,1.088
-137.351,-50.793,2015,2,17,4.6,0.548
4.4919,43.0585,2015,2,18,0.1,0.0908
4.7676,43.0723,2015,2,18,0.5,0.362
72.9656,-48.3165,2015,2,18,0.2,0.461
71.8304,-50.5262,2015,2,18,0.4,2.401
4.4787,43.0567,2015,2,18,0.0,0.0605
4.7488,43.0714,2015,2,18,0.5,0.266
66.7962,-51.5836,2015,2,18,0.6,0.635
73.2969,-48.259,2015,2,18,0.7,0.533
71.6087,-50.4971,2015,2,18,0.6,2.113
27.4912,34.6301,2015,2,18,0.8,0.327
7.8543,42.9248,2015,2,18,0.6,0.781
4.4659,43.0577,2015,2,18,0.1,0.327
4.7373,43.0774,2015,2,18,0.1,0.048
4.4575,43.0547,2015,2,18,0.2,0.115
4.7322,43.0834,2015,2,18,0.2,0.231
4.4472,43.051,2015,2,19,0.1,0.296
4.7326,43.0882,2015,2,19,0.5,0.186
4.4364,43.0483,2015,2,19,0.0,0.133
4.7362,43.0887,2015,2,19,3.7,0.168
66.6941,-51.4536,2015,2,19,0.7,0.706
11.9592,-40.1354,2015,2,19,0.6,0.562
3.5228,41.0198,2015,2,19,0.7,0.239
6.9733,40.8138,2015,2,19,0.2,0.606
4.4252,43.0513,2015,2,19,1.1,0.0218
4.7406,43.0854,2015,2,19,0.3,0.09
-25.5403,10.2563,2015,2,19,0.4,0.0726
-28.8444,14.2002,2015,2,19,0.6,0.0302
-40.0337,58.0657,2015,2,19,0.8,0.166
-59.544,61.9479,2015,2,19,0.7,0.104
4.4136,43.0594,2015,2,19,0.4,0.115
4.7458,43.0795,2015,2,19,0.4,0.246
69.216,13.221,2015,2,19,4.3,0.204
4.4078,43.0694,2015,2,20,0.0,9.583
4.7514,43.0732,2015,2,20,0.2,0.339
73.0563,-48.2749,2015,2,20,0.8,0.479
71.7959,-50.5367,2015,2,20,0.5,1.235
4.4051,43.0779,2015,2,20,0.1,0.0847
4.7533,43.069,2015,2,20,0.1,0.33
73.4173,-48.1621,2015,2,20,1.1,0.562
66.7992,-51.5534,2015,2,20,0.3,0.81
71.5514,-50.4752,2015,2,20,0.6,1.252
31.8913,-46.9463,2015,2,20,0.4,0.745
29.9045,32.4244,2015,2,20,0.4,0.16
27.4741,34.5439,2015,2,20,0.4,0.246
65.95,15.519,2015,2,20,4.8,0.891
-51.3401,22.1324,2015,2,20,0.7,0.0146
11.3167,39.385,2015,2,20,0.3,0.357
25.9403,-43.5986,2015,2,20,0.7,1.441
-26.8525,29.3111,2015,2,20,0.6,0.149
4.4056,43.084,2015,2,20,0.4,0.107
4.7543,43.0685,2015,2,20,0.1,0.246
-25.8883,-23.1727,2015,2,20,0.6,0.0
-26.3213,-36.4582,2015,2,20,0.7,0.0302
-25.4772,-41.6146,2015,2,20,0.6,0.612
-27.3085,-18.4782,2015,2,20,0.4,0.0
-33.6742,53.3631,2015,2,20,0.7,0.212
-32.1589,62.5121,2015,2,20,0.8,0.0693
-25.3961,59.5611,2015,2,20,0.6,0.073
-39.0212,62.0493,2015,2,20,0.8,0.0292
-41.6041,45.7408,2015,2,20,0.6,0.299
-48.7434,58.9445,2015,2,20,0.7,0.173
-51.3391,22.1377,2015,2,20,0.7,0.0146
-51.3446,59.0559,2015,2,20,0.7,0.0128
69.296,13.205,2015,2,20,4.6,0.131
4.4077,43.0888,2015,2,20,0.2,0.103
4.7533,43.0683,2015,2,20,0.3,0.546
-51.3381,22.1429,2015,2,20,0.6,0.0219
0.573,-57.029,2015,2,20,2.7,1.967
4.4126,43.0919,2015,2,21,0.2,1.822
4.7502,43.0738,2015,2,21,0.0,0.252
91.2361,15.2857,2015,2,21,1.5,0.0
4.4206,43.0932,2015,2,21,0.0,0.351
4.7519,43.0818,2015,2,21,0.3,0.253
7.7825,42.9647,2015,2,21,0.7,0.0913
66.6277,-51.4244,2015,2,21,0.7,0.349
65.941,15.558,2015,2,21,4.4,0.832
-51.3352,22.1587,2015,2,21,0.7,0.0146
19.0818,36.9093,2015,2,21,0.7,0.194
65.936,15.559,2015,2,21,4.8,1.197
7.4731,37.9796,2015,2,21,0.7,0.778
3.4496,40.9956,2015,2,21,0.6,0.333
6.998,40.8733,2015,2,21,0.6,0.504
7.7773,42.9677,2015,2,21,1.1,0.0511
4.4287,43.0925,2015,2,21,0.4,3.273
4.757,43.0898,2015,2,21,0.0,0.282
-49.6574,56.2042,2015,2,21,0.6,0.0693
7.7724,42.9706,2015,2,21,0.6,0.0985
4.4334,43.0879,2015,2,21,0.0,0.705
4.7595,43.0875,2015,2,21,0.1,0.456
69.481,13.21,2015,2,21,4.6,0.109
4.7523,43.0831,2015,2,22,0.3,0.324
4.4331,43.0828,2015,2,22,0.0,8.47
73.2309,-48.2391,2015,2,22,0.6,0.313
71.7391,-50.5481,2015,2,22,0.6,0.918
4.4348,43.0795,2015,2,22,0.2,0.103
4.754,43.0811,2015,2,22,0.5,0.228
73.5034,-48.1112,2015,2,22,0.4,0.489
71.485,-50.4729,2015,2,22,0.3,0.46
7.758,42.979,2015,2,22,0.6,0.0834
65.919,15.583,2015,2,22,4.7,0.818
66.747,-51.5024,2015,2,22,0.7,0.686
27.4676,34.4897,2015,2,22,0.7,0.219
89.399,12.6884,2015,2,22,0.5,0.0175
11.1576,-47.94,2015,2,22,0.4,0.374
4.1164,68.9827,2015,2,22,0.7,0.0
5.1797,-42.4736,2015,2,22,0.7,1.012
10.4797,-48.4931,2015,2,22,0.7,0.383
5.1193,38.0569,2015,2,22,0.5,0.584
4.4367,43.0717,2015,2,22,0.0,0.514
4.7508,43.0668,2015,2,22,1.8,0.306
-3.8067,35.8786,2015,2,22,0.9,0.122
5.4823,-42.4082,2015,2,22,0.6,0.859
89.306,14.87,2015,2,22,4.7,0.109
-55.894,58.0582,2015,2,22,0.8,0.00365
4.434,43.0645,2015,2,22,0.3,0.0673
4.7327,43.0481,2015,2,22,0.4,0.369
69.625,13.271,2015,2,22,4.3,0.109
69.645,13.281,2015,2,22,4.2,0.285
31.062,41.4363,2015,2,22,0.6,0.371
4.4266,43.06,2015,2,23,0.0,0.121
4.7316,43.0354,2015,2,23,0.2,0.36
-15.189,52.812,2015,2,23,4.6,0.148
11.98,-37.97,2015,2,23,4.1,1.027
65.9782,19.8432,2015,2,23,0.4,0.161
66.0948,18.5675,2015,2,23,0.5,0.476
4.4231,43.0557,2015,2,23,0.2,0.127
4.7288,43.0238,2015,2,23,0.1,0.456
66.6028,-51.409,2015,2,23,0.3,0.778
3.4251,40.9697,2015,2,23,0.7,0.166
7.0451,40.9377,2015,2,23,0.7,0.465
4.4185,43.0548,2015,2,23,0.0,0.0545
4.7287,43.0203,2015,2,23,0.1,0.372
-51.6772,58.8984,2015,2,23,0.5,0.00548
69.798,13.445,2015,2,23,4.7,0.153
20.313,57.561,2015,2,23,4.7,0.248
73.4081,-48.2294,2015,2,24,0.7,0.41
71.7138,-50.5503,2015,2,24,0.5,0.68
73.651,-48.0855,2015,2,24,0.7,0.624
71.4194,-50.436,2015,2,24,0.7,1.08
66.7177,-51.4471,2015,2,24,0.7,0.916
27.5009,34.4532,2015,2,24,0.7,0.298
65.857,15.617,2015,2,24,4.1,1.226
12.2362,-39.9509,2015,2,24,0.8,0.65
69.0374,12.0963,2015,2,24,1.5,0.00365
-23.6147,29.7098,2015,2,24,0.3,0.169
-25.3403,10.4125,2015,2,24,0.4,0.115
-28.9531,14.242,2015,2,24,0.6,0.0545
-40.0191,58.3741,2015,2,24,0.6,0.045
-59.3808,61.9882,2015,2,24,0.6,0.0972
65.848,15.619,2015,2,24,4.3,2.745
65.835,15.599,2015,2,25,4.4,1.059
66.5748,-51.3859,2015,2,25,0.2,0.698
65.83,15.596,2015,2,25,4.6,0.788
-41.5875,20.6213,2015,2,25,0.7,0.00548
32.0206,-47.1408,2015,2,25,0.6,0.358
29.7377,32.415,2015,2,25,0.7,0.172
32.6383,42.5357,2015,2,25,0.6,0.448
11.1142,39.4631,2015,2,25,0.8,0.315
3.3586,40.9205,2015,2,25,0.6,0.133
7.1121,40.9734,2015,2,25,0.7,0.168
7.6592,42.9886,2015,2,25,2.6,0.0438
-26.7706,29.2189,2015,2,25,0.6,0.19
-25.8839,-23.1527,2015,2,25,0.6,0.00605
-26.2065,-36.4928,2015,2,25,0.5,0.0242
-25.4136,-41.6581,2015,2,25,0.6,0.558
-33.962,53.2233,2015,2,25,0.6,0.202
-32.7186,62.6539,2015,2,25,0.4,0.062
-24.7018,59.4882,2015,2,25,0.4,0.102
-38.3287,62.3578,2015,2,25,0.7,0.00365
-40.7528,45.9106,2015,2,25,0.7,0.215
-48.2836,59.1425,2015,2,25,0.6,0.148
-41.5894,20.6237,2015,2,25,1.7,0.0
70.021,13.703,2015,2,25,4.8,0.168
65.784,15.578,2015,2,25,4.5,1.883
-41.5913,20.626,2015,2,25,0.8,0.0201
65.777,15.582,2015,2,25,4.2,1.584
65.754,15.584,2015,2,26,4.5,1.102
91.3236,15.3283,2015,2,26,0.5,0.0
65.747,15.587,2015,2,26,4.7,0.708
73.585,-48.2378,2015,2,26,0.7,0.482
71.6594,-50.5574,2015,2,26,0.3,0.662
73.8318,-48.0825,2015,2,26,0.3,0.624
71.2797,-50.3708,2015,2,26,0.8,1.204
65.745,15.591,2015,2,26,4.8,0.73
66.6846,-51.3983,2015,2,26,0.5,1.0
65.747,15.593,2015,2,26,4.7,0.679
-41.5974,20.6333,2015,2,26,0.8,0.00912
27.558,34.4096,2015,2,26,0.8,0.513
19.1525,36.872,2015,2,26,0.6,0.22
7.562,38.1196,2015,2,26,0.7,0.429
-49.3698,56.587,2015,2,26,0.2,0.0438
-38.8644,20.7899,2015,2,26,0.7,0.0756
-51.5877,58.9509,2015,2,26,0.7,0.0
65.737,15.569,2015,2,26,4.2,1.489
3.55,70.088,2015,2,26,4.4,0.0072
6.457,-44.967,2015,2,27,4.4,0.672
65.692,15.53,2015,2,27,4.2,0.548
66.5312,-51.3471,2015,2,27,0.6,0.562
89.3827,12.8567,2015,2,27,0.2,0.0073
11.7287,-48.347,2015,2,27,0.9,0.317
4.5137,69.0697,2015,2,27,0.5,0.00605
5.2405,-42.3453,2015,2,27,0.5,0.75
4.7622,-42.5049,2015,2,27,0.7,1.033
10.7363,-48.1331,2015,2,27,0.7,0.314
5.1678,37.9572,2015,2,27,0.4,0.839
3.2014,40.908,2015,2,27,0.7,0.355
7.1932,41.011,2015,2,27,0.7,0.577
-3.7764,35.7409,2015,2,27,0.5,0.216
65.676,15.526,2015,2,27,4.2,1.095
-56.0828,58.2886,2015,2,27,0.2,0.011
-124.164,-55.148,2015,2,27,4.1,0.529
65.661,15.522,2015,2,27,4.4,1.117
65.657,15.519,2015,2,27,4.1,1.095
-4.381,64.166,2015,2,27,4.8,0.234
73.8003,-48.2912,2015,2,28,0.7,0.612
71.5431,-50.5768,2015,2,28,0.7,0.958
74.0283,-48.123,2015,2,28,0.6,0.756
7.5619,42.9829,2015,2,28,0.7,0.0756
66.6721,-51.3602,2015,2,28,0.6,0.799
71.2264,-50.2755,2015,2,28,0.7,0.675
65.653,15.488,2015,2,28,4.3,0.606
-14.98,53.203,2015,2,28,4.4,0.128
11.823,-37.481,2015,2,28,4.3,0.263
27.5896,34.3832,2015,2,28,0.4,0.566
7.5546,42.9826,2015,2,28,0.7,0.0256
65.654,15.471,2015,2,28,4.4,1.314
7.5469,42.9822,2015,2,28,0.7,0.0584
65.646,15.43,2015,2,28,4.3,1.475
31.2457,41.8274,2015,2,28,0.5,0.504
70.353,14.446,2015,3,1,4.5,0.175
65.636,15.414,2015,3,1,4.9,1.409
70.364,14.491,2015,3,1,4.3,0.161
65.624,15.4,2015,3,1,4.3,0.591
7.5267,42.9813,2015,3,1,0.7,0.0402
12.8131,-39.8048,2015,3,1,0.6,0.847
3.2926,40.9333,2015,3,1,0.4,0.476
7.2778,41.0732,2015,3,1,0.8,0.443
-23.4528,29.5598,2015,3,1,0.5,0.0121
-25.0943,10.5309,2015,3,1,0.6,0.0968
-29.0499,14.2623,2015,3,1,0.6,0.0968
-40.4556,58.0311,2015,3,1,0.3,0.0432
-59.5527,61.6868,2015,3,1,0.7,0.13
70.376,14.614,2015,3,1,4.5,0.124
65.61,15.36,2015,3,1,4.2,1.818
70.367,14.691,2015,3,2,4.7,0.131
65.612,15.334,2015,3,2,4.3,1.153
73.9896,-48.3711,2015,3,2,0.6,0.666
71.1887,-50.1585,2015,3,2,0.6,0.354
-51.1729,22.388,2015,3,2,0.8,0.0219
32.0745,-47.3605,2015,3,2,0.5,0.697
29.7383,32.4477,2015,3,2,0.7,0.178
27.6301,34.339,2015,3,2,0.4,1.184
65.594,15.298,2015,3,2,4.0,0.679
10.9652,39.6495,2015,3,2,0.4,0.481
25.7328,-43.6427,2015,3,2,1.3,1.226
-26.7106,29.1856,2015,3,2,0.7,0.184
65.594,15.291,2015,3,2,4.3,1.27
-25.9004,-23.1626,2015,3,2,0.7,0.0121
-26.1296,-36.5463,2015,3,2,0.4,0.0242
-25.2608,-41.6628,2015,3,2,0.7,0.966
-26.718,-18.7951,2015,3,2,0.4,0.011
-34.1025,53.0317,2015,3,2,0.6,0.184
-32.7092,62.6422,2015,3,2,0.7,0.131
-24.2996,59.5128,2015,3,2,0.7,0.106
-38.5872,62.5775,2015,3,2,0.6,0.0182
-40.4001,46.3655,2015,3,2,0.8,0.329
-47.7477,59.3465,2015,3,2,0.8,0.14
-51.1682,22.3945,2015,3,2,1.5,0.0256
20.285,57.557,2015,3,2,4.6,0.281
-51.1643,22.3998,2015,3,2,1.2,0.0182
0.913,-56.882,2015,3,3,4.3,0.465
91.3461,15.453,2015,3,3,0.4,0.00109
71.4642,-50.6303,2015,3,3,0.5,0.752
-51.1536,22.4144,2015,3,3,0.6,0.0292
19.2486,36.8497,2015,3,3,0.3,0.199
7.5761,38.4581,2015,3,3,0.6,0.843
3.283,40.8582,2015,3,3,0.3,0.983
7.3282,41.0991,2015,3,3,0.7,0.656
164.464,-19.2135,2015,3,3,0.6,0.0532
-48.7366,56.2316,2015,3,3,0.8,0.0073
89.041,14.526,2015,3,4,4.6,0.0584
74.1641,-48.4468,2015,3,4,0.6,0.623
71.2047,-50.0803,2015,3,4,0.6,0.38
66.3354,-51.242,2015,3,4,0.6,0.608
27.6425,34.3056,2015,3,4,0.6,0.449
12.1494,-48.6331,2015,3,4,0.9,0.335
89.4431,12.9884,2015,3,4,0.2,0.011
4.5675,69.1765,2015,3,4,0.7,0.0
-3.8515,35.6759,2015,3,4,0.7,0.151
4.9559,-42.4162,2015,3,4,0.5,1.271
11.2604,-48.1023,2015,3,4,0.6,0.537
5.2504,37.8801,2015,3,4,0.6,0.351
164.4465,-19.2004,2015,3,4,0.6,0.0497
7.4514,42.9485,2015,3,4,0.8,0.0402
4.2117,-42.6385,2015,3,4,0.2,1.062
-56.089,57.606,2015,3,4,0.5,0.0073
164.4211,-19.1922,2015,3,5,0.4,0.0071
-124.678,-54.077,2015,3,5,4.1,0.626
24.6009,11.1735,2015,3,5,0.6,0.487
65.9001,18.4386,2015,3,5,0.4,0.272
74.1998,-48.2515,2015,3,5,0.3,1.117
66.5195,-51.2488,2015,3,5,0.7,0.522
3.3079,40.9038,2015,3,5,0.7,0.399
7.3798,41.0975,2015,3,5,0.6,0.499
7.4418,42.941,2015,3,5,0.5,0.551
12.074,-36.826,2015,3,5,3.9,0.315
-15.488,53.373,2015,3,5,4.0,0.0748
31.6779,41.8428,2015,3,5,0.8,0.803
164.3934,-19.1689,2015,3,6,0.6,0.0248
74.3766,-48.5033,2015,3,6,0.8,0.504
71.4224,-50.6296,2015,3,6,0.4,0.421
71.2805,-50.0051,2015,3,6,0.8,0.686
27.664,34.2751,2015,3,6,0.7,0.358
13.4905,-39.9243,2015,3,6,0.5,1.026
68.9731,12.036,2015,3,6,1.2,0.011
7.4138,42.9334,2015,3,6,0.7,0.0182
-24.8693,10.5752,2015,3,6,0.5,0.139
-29.1468,14.2658,2015,3,6,0.6,0.0847
-39.3549,57.8548,2015,3,6,0.6,0.018
-58.4717,61.5555,2015,3,6,0.6,0.0756
164.3528,-19.1395,2015,3,7,0.4,0.0284
-41.6184,20.6733,2015,3,7,1.1,0.00243
32.1097,-47.5725,2015,3,7,0.8,0.726
29.8408,32.4805,2015,3,7,0.7,0.0733
32.7519,42.54,2015,3,7,0.8,0.424
10.9175,39.7638,2015,3,7,0.5,0.23
3.3123,40.9497,2015,3,7,0.5,0.353
7.4008,41.0986,2015,3,7,0.7,0.549
7.3995,42.9234,2015,3,7,0.6,0.031
-26.6078,29.1715,2015,3,7,0.7,0.232
-26.1058,-36.6034,2015,3,7,0.6,0.0181
-25.0026,-41.6231,2015,3,7,0.7,0.708
-34.1867,52.8713,2015,3,7,0.6,0.115
-33.2733,62.726,2015,3,7,0.4,0.1
-24.1512,59.6081,2015,3,7,0.7,0.0949
-41.6188,20.6743,2015,3,7,0.7,0.0073
-39.1245,62.5557,2015,3,7,0.7,0.0547
-40.2554,47.0025,2015,3,7,0.5,0.281
-47.7287,59.3798,2015,3,7,0.4,0.144
-41.6191,20.6752,2015,3,7,0.3,0.00183
164.3112,-19.1159,2015,3,8,0.4,0.0213
91.3525,15.6174,2015,3,8,1.1,0.00365
74.4663,-48.5286,2015,3,8,0.7,0.601
71.3408,-50.0389,2015,3,8,0.7,0.588
-41.6203,20.6779,2015,3,8,1.3,0.00365
27.6986,34.2751,2015,3,8,0.7,0.214
19.3823,36.8254,2015,3,8,0.7,0.118
7.4054,38.7876,2015,3,8,0.6,0.795
7.372,42.9236,2015,3,8,1.1,0.0146
-38.6684,20.6705,2015,3,8,0.5,0.0288
-48.8012,57.0796,2015,3,8,0.8,0.0558
164.2659,-19.1038,2015,3,9,0.6,0.0178
7.974,-45.188,2015,3,9,4.4,0.589
71.4003,-50.6798,2015,3,9,0.6,0.619
66.0918,-51.1041,2015,3,9,0.8,0.475
12.5197,-48.8516,2015,3,9,0.8,0.41
11.7022,-48.2522,2015,3,9,0.6,0.489
89.5987,13.0666,2015,3,9,0.6,0.00912
4.1505,69.2905,2015,3,9,0.4,0.0
-3.9336,35.7338,2015,3,9,0.4,0.0864
4.5869,-42.568,2015,3,9,0.7,0.915
3.6822,-42.9359,2015,3,9,0.8,0.94
5.3744,37.8424,2015,3,9,0.7,0.334
3.3429,41.0146,2015,3,9,0.7,0.687
7.4175,41.0746,2015,3,9,0.6,0.511
-56.3785,57.1891,2015,3,9,0.6,0.00365
20.267,57.559,2015,3,9,4.8,0.313
164.1957,-19.0825,2015,3,10,0.6,0.0178
74.4786,-48.4458,2015,3,10,0.7,0.572
74.113,-48.2885,2015,3,10,0.7,0.533
71.3378,-50.0798,2015,3,10,0.6,0.544
66.4084,-51.1396,2015,3,10,0.7,0.664
27.7385,34.2813,2015,3,10,0.7,0.158
-124.987,-53.342,2015,3,10,4.6,0.572
-15.667,53.21,2015,3,10,4.4,0.19
12.735,-36.4,2015,3,10,4.1,0.0649
32.3609,42.1516,2015,3,10,0.6,1.107
164.1364,-19.0258,2015,3,11,0.3,0.0142
13.9941,-40.3015,2015,3,11,0.8,1.256
3.4543,41.0795,2015,3,11,0.7,0.988
7.4317,41.0407,2015,3,11,0.5,0.875
-23.2231,29.693,2015,3,11,0.5,0.0
-24.7247,10.5347,2015,3,11,0.0,0.163
-29.2494,14.2452,2015,3,11,0.5,0.0786
-39.3351,57.3863,2015,3,11,0.7,0.018
-58.2644,61.4213,2015,3,11,0.3,0.0756
164.0755,-18.9677,2015,3,12,0.4,0.0284
74.3531,-48.2657,2015,3,12,0.7,0.392
71.3664,-50.6851,2015,3,12,0.7,0.558
71.3486,-50.1152,2015,3,12,0.8,0.653
-51.0433,22.4966,2015,3,12,0.6,0.0164
32.2395,-47.6486,2015,3,12,0.5,0.628
29.9311,32.5157,2015,3,12,0.6,0.108
27.7842,34.2719,2015,3,12,0.7,0.334
10.8947,39.8229,2015,3,12,0.3,0.358
24.796,-43.4717,2015,3,12,0.6,1.034
7.4036,42.8426,2015,3,12,0.7,0.285
-26.4641,29.1636,2015,3,12,0.1,0.0536
-25.8298,-23.157,2015,3,12,0.8,0.00605
-26.1162,-36.6699,2015,3,12,0.6,0.0181
-24.6635,-41.5397,2015,3,12,0.5,0.468
-25.9004,-18.9075,2015,3,12,0.7,0.0073
-34.1763,52.7503,2015,3,12,0.3,0.184
-33.6275,63.0588,2015,3,12,0.7,0.062
-24.3897,59.618,2015,3,12,0.7,0.117
-38.572,62.905,2015,3,12,0.7,0.0584
-40.073,47.2784,2015,3,12,0.5,0.131
-48.4636,58.8378,2015,3,12,0.7,0.166
-51.0401,22.499,2015,3,12,0.4,0.00183
-51.0376,22.5008,2015,3,12,0.7,0.0237
163.9922,-18.8938,2015,3,13,0.1,0.032
91.3212,15.7951,2015,3,13,0.5,0.00365
1.305,-56.819,2015,3,13,4.4,0.509
-51.0303,22.5062,2015,3,13,0.0,0.0256
19.4929,36.7694,2015,3,13,0.7,0.154
7.1176,39.0302,2015,3,13,0.7,0.224
3.5994,41.2415,2015,3,13,0.3,0.879
7.469,41.0199,2015,3,13,0.7,1.075
7.3847,42.8455,2015,3,13,0.8,0.686
-48.7665,57.0817,2015,3,13,1.2,0.445
88.731,14.188,2015,3,13,4.1,0.073
163.9191,-18.8171,2015,3,14,0.7,0.0284
74.1858,-48.1105,2015,3,14,0.7,0.662
71.4456,-50.0654,2015,3,14,0.7,0.818
27.8198,34.2206,2015,3,14,0.6,0.166
13.1186,-49.2364,2015,3,14,0.6,0.45
12.1792,-48.2717,2015,3,14,0.6,0.46
89.7745,13.2007,2015,3,14,0.6,0.00912
3.138,69.1865,2015,3,14,0.8,0.0121
-4.1112,35.7212,2015,3,14,0.7,0.126
4.0791,-42.7998,2015,3,14,0.7,1.095
3.6455,-43.1777,2015,3,14,0.8,0.922
5.487,37.8278,2015,3,14,0.8,0.421
7.3801,42.8526,2015,3,14,0.6,0.566
-56.8821,56.9561,2015,3,14,0.5,0.0219
66.0036,19.8924,2015,3,15,0.6,0.239
65.7367,18.3329,2015,3,15,0.5,0.149
71.3211,-50.6841,2015,3,15,0.6,0.479
73.9572,-48.1382,2015,3,15,0.7,0.595
66.2558,-51.0174,2015,3,15,0.7,0.606
3.3449,41.3323,2015,3,15,0.6,1.087
7.4748,41.0321,2015,3,15,0.4,0.746
7.3449,42.8451,2015,3,15,0.8,0.263
-124.839,-53.111,2015,3,15,4.8,0.461
32.778,42.4229,2015,3,15,0.8,0.839
-15.765,52.443,2015,3,16,4.4,0.305
12.989,-36.238,2015,3,16,4.0,0.163
74.202,-48.0011,2015,3,16,0.6,0.731
71.5245,-50.0517,2015,3,16,0.7,0.533
27.8307,34.1112,2015,3,16,0.3,0.429
14.2131,-40.6716,2015,3,16,0.8,0.438
68.9239,12.1594,2015,3,16,0.4,0.011
7.3034,42.8515,2015,3,16,0.8,0.197
-23.2863,29.8889,2015,3,16,0.5,0.0968
-24.6637,10.4833,2015,3,16,0.4,0.157
-29.3554,14.1955,2015,3,16,0.8,0.0605
-40.4309,57.2651,2015,3,16,0.7,0.0288
-58.2765,61.3102,2015,3,16,0.8,0.468
20.151,57.511,2015,3,16,4.4,0.364
-41.5388,20.74,2015,3,17,1.1,0.00548
32.5927,-47.6403,2015,3,17,0.7,0.606
29.9488,32.5782,2015,3,17,0.7,0.0686
32.759,42.5872,2015,3,17,0.6,1.391
10.9271,39.77,2015,3,17,0.8,0.385
3.1704,41.2562,2015,3,17,0.5,0.795
7.5029,41.035,2015,3,17,0.7,0.765
7.276,42.8469,2015,3,17,0.5,0.124
-26.3616,29.2399,2015,3,17,0.7,0.173
-25.7889,-23.1213,2015,3,17,0.1,0.0121
-26.1367,-36.7443,2015,3,17,0.6,0.0484
-24.3901,-41.4202,2015,3,17,0.6,0.444
-34.1141,52.6151,2015,3,17,0.8,0.22
-34.5412,63.0314,2015,3,17,0.8,0.135
-24.7816,59.9012,2015,3,17,0.4,0.12
-41.5362,20.7417,2015,3,17,0.7,0.0
-38.1146,62.8505,2015,3,17,0.7,0.0402
-39.5503,47.1872,2015,3,17,0.7,0.237
-48.7134,58.392,2015,3,17,0.7,0.148
-41.534,20.7431,2015,3,17,1.3,0.0
91.2475,15.9466,2015,3,18,0.5,0.00365
74.5127,-47.8251,2015,3,18,0.3,0.997
71.2446,-50.7028,2015,3,18,0.3,0.432
71.5887,-50.0758,2015,3,18,0.7,0.544
3.466,-42.698,2015,3,18,4.3,0.947
-41.528,20.747,2015,3,18,1.1,0.0
27.8288,33.9791,2015,3,18,0.8,0.463
19.5678,36.6781,2015,3,18,0.2,0.236
6.8693,39.228,2015,3,18,0.8,0.215
7.2379,42.8152,2015,3,18,0.6,0.073
-38.4984,20.7111,2015,3,18,0.7,0.0036
-49.1225,56.3723,2015,3,18,0.7,0.0219
163.7737,-18.5441,2015,3,19,0.4,0.0142
8.464,-46.524,2015,3,19,4.3,0.374
65.6942,-50.8628,2015,3,19,0.8,0.608
14.0788,-49.5942,2015,3,19,0.3,0.439
12.5964,-48.412,2015,3,19,0.7,0.456
89.8369,13.409,2015,3,19,0.4,0.0146
3.9554,68.8187,2015,3,19,0.7,0.0363
-4.1477,35.7277,2015,3,19,0.6,0.634
3.8846,-43.0605,2015,3,19,0.3,1.114
3.9074,-43.3312,2015,3,19,0.8,0.752
5.5165,37.837,2015,3,19,0.6,0.519
3.0338,41.1795,2015,3,19,0.6,0.403
7.4851,41.0352,2015,3,19,0.6,0.769
7.1989,42.8066,2015,3,19,0.7,0.226
-57.2462,56.5409,2015,3,19,0.8,0.0329
75.0882,-47.7662,2015,3,20,0.6,0.709
74.0896,-48.1399,2015,3,20,0.7,0.274
71.6059,-50.052,2015,3,20,0.7,0.504
66.0501,-50.9299,2015,3,20,0.7,0.964
27.8558,33.8731,2015,3,20,0.8,0.202
7.1742,42.801,2015,3,20,0.8,0.175
33.1814,42.5898,2015,3,20,0.5,1.017
95.4519,-3.483,2015,3,21,1.0,0.0
71.1567,-50.6919,2015,3,21,0.7,0.421
-16.692,52.264,2015,3,21,3.7,0.804
12.746,-36.247,2015,3,21,4.5,0.313
14.0706,-41.1214,2015,3,21,0.7,0.569
3.0038,41.0733,2015,3,21,0.7,0.287
7.4321,41.062,2015,3,21,0.6,1.09
-170.7039,-18.2573,2015,3,21,0.6,0.071
7.1381,42.7884,2015,3,21,0.7,0.19
-24.6811,10.3966,2015,3,21,0.6,0.115
-29.4445,14.0972,2015,3,21,0.6,0.0786
-41.3263,57.3416,2015,3,21,0.8,0.036
86.464,10.474,2015,3,21,4.2,0.0803
-58.3221,61.3743,2015,3,21,0.7,0.464
75.3555,-47.6595,2015,3,22,0.7,1.094
71.6414,-49.9867,2015,3,22,0.8,0.548
-51.0118,22.5368,2015,3,22,0.7,0.0146
33.1632,-47.5743,2015,3,22,0.5,0.668
30.0504,32.5939,2015,3,22,0.6,0.0904
27.9128,33.7929,2015,3,22,0.5,0.289
11.1024,39.6974,2015,3,22,0.6,0.353
24.06,-43.4711,2015,3,22,0.9,1.022
-170.6775,-18.2569,2015,3,22,0.6,0.071
7.1142,42.7793,2015,3,22,0.7,0.146
-26.1759,29.3513,2015,3,22,0.5,0.309
-25.7597,-23.08,2015,3,22,2.0,0.0
-26.1909,-36.8508,2015,3,22,0.6,0.0181
-24.1539,-41.2586,2015,3,22,0.6,0.174
-25.0124,-18.7823,2015,3,22,0.7,0.0
-33.7177,52.4606,2015,3,22,0.7,0.259
-35.4746,63.2037,2015,3,22,0.7,0.161
-24.712,59.9426,2015,3,22,0.7,0.164
-38.6546,63.0924,2015,3,22,0.6,0.0219
-38.8499,47.1716,2015,3,22,0.8,0.628
-48.5374,58.4646,2015,3,22,0.7,0.187
-51.0112,22.5377,2015,3,22,1.3,0.00365
-51.0107,22.5384,2015,3,22,0.8,0.00548
-170.6646,-18.2509,2015,3,23,0.6,0.0675
2.037,-56.736,2015,3,23,4.8,0.431
-51.0094,22.5403,2015,3,23,0.7,0.00548
19.6419,36.6457,2015,3,23,0.8,0.177
6.6557,39.305,2015,3,23,0.7,0.186
2.9886,40.9882,2015,3,23,0.5,1.164
7.3934,41.0993,2015,3,23,0.5,0.997
7.081,42.7662,2015,3,23,0.7,0.113
88.382,14.025,2015,3,23,4.9,0.0876
-50.0914,56.3808,2015,3,23,0.5,0.0073
4.126,70.502,2015,3,23,4.2,0.0252
20.087,57.507,2015,3,23,3.9,0.346
163.6864,-18.2706,2015,3,24,0.6,0.0284
-170.6443,-18.2614,2015,3,24,0.5,0.0497
75.4979,-47.6534,2015,3,24,0.6,0.587
71.0128,-50.6752,2015,3,24,0.4,0.371
71.6804,-49.9095,2015,3,24,0.7,0.467
65.6661,-50.7746,2015,3,24,0.7,0.0576
27.9479,33.7287,2015,3,24,0.7,0.128
14.7215,-49.8554,2015,3,24,0.7,0.414
12.9559,-48.5106,2015,3,24,0.8,0.442
89.8352,13.611,2015,3,24,2.6,0.0402
5.3814,68.9905,2015,3,24,0.3,0.157
-4.1341,35.8117,2015,3,24,0.7,0.18
4.1679,-43.2977,2015,3,24,0.7,1.249
4.4302,-43.5164,2015,3,24,0.6,0.943
5.5055,37.8331,2015,3,24,0.3,1.031
7.0415,42.7683,2015,3,24,0.5,0.159
-57.571,56.6573,2015,3,24,0.6,0.0256
-3.581,64.667,2015,3,24,4.1,0.274
-170.6218,-18.2876,2015,3,25,0.4,0.0461
66.1176,19.9393,2015,3,25,0.3,0.0613
65.6692,18.2473,2015,3,25,0.6,0.101
74.5069,-47.7942,2015,3,25,0.7,0.829
65.8759,-50.8216,2015,3,25,0.8,0.526
2.9621,40.9379,2015,3,25,0.6,1.128
7.3761,41.1412,2015,3,25,0.4,0.747
7.008,42.7624,2015,3,25,0.7,0.128
33.5099,42.7098,2015,3,25,0.6,0.58
-170.6285,-18.324,2015,3,26,0.6,0.0391
75.7922,-47.5782,2015,3,26,0.6,0.4
71.6727,-49.8081,2015,3,26,0.7,0.0657
27.9861,33.6693,2015,3,26,0.7,0.0984
14.0866,-41.8243,2015,3,26,0.7,0.631
86.468,10.639,2015,3,26,4.5,0.0876
68.7914,12.315,2015,3,26,0.3,0.0292
6.9642,42.7559,2015,3,26,0.7,0.0913
-23.6364,30.1346,2015,3,26,0.4,0.0968
-17.576,52.037,2015,3,26,4.5,0.0825
-24.7727,10.2951,2015,3,26,0.5,0.127
-29.4856,13.9577,2015,3,26,0.5,0.0484
-41.9216,57.3633,2015,3,26,0.4,0.09
12.563,-36.336,2015,3,26,3.9,0.499
-58.2086,61.3148,2015,3,26,0.6,0.158
-170.6486,-18.3329,2015,3,27,0.6,0.0816
-136.338,-50.555,2015,3,27,4.5,0.631
70.9549,-50.6883,2015,3,27,0.8,0.4
-41.3399,20.6322,2015,3,27,1.1,0.00228
34.0664,-47.5587,2015,3,27,0.6,0.329
30.336,32.6632,2015,3,27,0.5,0.0825
32.7102,42.6299,2015,3,27,0.5,0.315
11.2206,39.7155,2015,3,27,0.4,0.368
3.0213,40.8672,2015,3,27,0.8,0.963
7.3474,41.1715,2015,3,27,0.8,0.776
6.9413,42.7569,2015,3,27,0.7,0.0657
18.1418,41.5525,2015,3,27,0.6,0.439
-25.9615,29.431,2015,3,27,0.7,0.232
-25.6977,-23.0292,2015,3,27,0.9,0.00605
-26.215,-36.9635,2015,3,27,0.4,0.0484
-23.9823,-40.9977,2015,3,27,0.6,0.408
-33.5458,52.5078,2015,3,27,0.7,0.475
-36.6617,62.7754,2015,3,27,0.7,0.0329
-24.5306,59.9885,2015,3,27,0.5,0.164
-39.8375,62.6292,2015,3,27,0.0,0.168
-38.3518,46.9447,2015,3,27,0.6,0.96
-48.9908,58.5915,2015,3,27,0.6,0.0396
-41.3297,20.6259,2015,3,27,1.8,0.0
-1.286,71.462,2015,3,27,4.6,0.353
-170.6664,-18.3363,2015,3,28,0.4,0.153
71.5956,-49.6474,2015,3,28,0.4,0.0474
-24.5061,60.0034,2015,3,28,0.7,0.117
-41.3166,20.6176,2015,3,28,1.4,0.0
27.9866,33.5924,2015,3,28,0.6,0.0957
19.6778,36.6743,2015,3,28,0.6,0.111
6.4577,39.3408,2015,3,28,0.8,0.546
6.9027,42.7529,2015,3,28,0.3,0.139
18.2295,41.5464,2015,3,28,0.8,0.298
-24.5002,60.0093,2015,3,28,0.8,0.0347
-50.9331,56.4086,2015,3,28,0.3,0.0219
-38.3668,20.8038,2015,3,28,0.4,0.018
-24.4945,60.0149,2015,3,28,0.8,0.161
163.625,-18.1224,2015,3,29,0.7,0.0426
-170.687,-18.3414,2015,3,29,0.7,0.103
9.498,-47.267,2015,3,29,4.0,0.481
65.6256,-50.7359,2015,3,29,0.5,0.486
-24.483,60.0264,2015,3,29,0.6,0.153
15.3909,-49.8122,2015,3,29,0.9,0.403
13.2908,-48.4201,2015,3,29,0.8,0.431
89.7228,13.8361,2015,3,29,0.4,0.011
-165.7734,-18.4711,2015,3,29,0.6,0.0144
5.9238,69.2673,2015,3,29,0.7,0.254
-4.3831,35.8574,2015,3,29,0.8,0.169
4.9336,-43.5037,2015,3,29,0.7,0.724
5.4716,37.8017,2015,3,29,0.5,0.221
3.1315,40.8008,2015,3,29,0.2,2.29
7.3211,41.1993,2015,3,29,0.5,0.9
6.8838,42.757,2015,3,29,0.7,0.073
18.3117,41.5346,2015,3,29,0.8,0.288
4.6393,-43.4251,2015,3,29,0.5,0.84
-56.9051,55.9335,2015,3,29,0.7,0.0256
-170.7043,-18.3429,2015,3,30,0.6,0.0675
76.5027,-47.4387,2015,3,30,0.6,0.0612
70.7105,-50.8687,2015,3,30,0.7,0.407
74.482,-47.9552,2015,3,30,0.7,0.0438
71.3637,-49.5694,2015,3,30,0.7,0.372
65.8026,-50.7103,2015,3,30,0.6,0.54
-24.4309,60.0404,2015,3,30,0.4,0.139
27.9896,33.5063,2015,3,30,0.7,0.0636
-165.7883,-18.486,2015,3,30,0.5,0.0072
4.7763,-43.4383,2015,3,30,0.5,0.829
6.9039,42.7466,2015,3,30,0.6,1.168
18.3893,41.5605,2015,3,30,0.7,0.465
-33.6358,52.4876,2015,3,30,0.6,0.443
-37.0673,62.3668,2015,3,30,0.6,0.0511
-24.4196,60.0442,2015,3,30,0.6,0.0347
-40.3132,62.3328,2015,3,30,0.2,0.172
-38.2753,46.7135,2015,3,30,0.8,0.442
-49.0057,58.5851,2015,3,30,0.6,0.187
-24.4085,60.0479,2015,3,30,0.6,0.144
33.7365,42.8033,2015,3,30,0.8,0.302
-165.8036,-18.4971,2015,3,31,0.2,0.0036
-170.7343,-18.3399,2015,3,31,0.4,0.0639
20.038,57.514,2015,3,31,4.8,0.396
-24.3863,60.0553,2015,3,31,0.5,0.124
14.5037,-42.1712,2015,3,31,0.7,0.61
4.9216,-43.4334,2015,3,31,0.7,0.754
3.1704,40.8778,2015,3,31,0.3,0.951
7.3015,41.2442,2015,3,31,0.5,0.8
6.9481,42.7227,2015,3,31,1.5,0.197
18.4411,41.5997,2015,3,31,0.3,0.218
-24.8817,10.203,2015,3,31,0.1,0.0908
-29.513,13.8243,2015,3,31,0.4,0.00605
-51.5523,56.4974,2015,3,31,0.8,0.0438
-42.116,56.9495,2015,3,31,0.8,0.0126
-58.5072,61.5088,2015,3,31,0.3,0.194
70.518,14.205,2015,3,31,4.9,0.0876
-18.326,52.075,2015,3,31,3.8,0.21
12.441,-36.638,2015,3,31,4.2,0.182
-165.8041,-18.5135,2015,4,1,0.6,0.0
5.0204,-43.4116,2015,4,1,0.8,0.926
-170.7624,-18.3403,2015,4,1,0.6,0.0568
70.5069,-50.9433,2015,4,1,0.4,0.432
-24.2545,60.0515,2015,4,1,0.6,0.172
-51.0826,22.5566,2015,4,1,0.1,0.0164
30.6583,32.6834,2015,4,1,0.4,0.0754
11.2111,39.7912,2015,4,1,0.4,0.614
14.6232,-42.2098,2015,4,1,0.7,0.548
23.8438,-44.1334,2015,4,1,0.9,0.756
6.9973,42.6863,2015,4,1,0.6,0.185
18.4601,41.6042,2015,4,1,0.5,0.22
-25.7768,29.474,2015,4,1,0.7,0.232
-26.1461,-37.085,2015,4,1,0.5,0.0605
-23.8267,-40.7559,2015,4,1,0.6,0.33
-24.1901,-19.2127,2015,4,1,0.5,0.0
-24.2214,60.0507,2015,4,1,0.6,0.0383
-51.0843,22.557,2015,4,1,0.6,0.00554
-56.562,56.0187,2015,4,1,0.7,0.0182
-24.1905,60.0499,2015,4,1,0.5,0.157
-51.0862,22.5576,2015,4,1,1.1,0.0146
5.1747,-43.3772,2015,4,2,0.3,0.889
-170.8056,-18.3221,2015,4,2,0.7,0.0532
71.2274,-49.4542,2015,4,2,0.7,0.449
3.448,-56.5325,2015,4,2,3.8,0.515
-24.1266,60.0483,2015,4,2,1.1,0.157
-51.0907,22.5588,2015,4,2,0.5,0.00389
14.721,-42.2349,2015,4,2,0.8,0.54
19.6634,36.6676,2015,4,2,0.5,0.0825
6.3173,39.3009,2015,4,2,0.5,0.871
7.3009,41.2649,2015,4,2,0.8,0.81
7.0408,42.645,2015,4,2,0.6,0.0256
18.5035,41.607,2015,4,2,0.6,0.202
-149.6742,-18.2701,2015,4,2,0.7,0.0361
-33.7204,52.2937,2015,4,2,0.8,0.418
-40.637,61.6913,2015,4,2,0.7,0.161
-37.5789,62.1596,2015,4,2,0.6,0.0761
-38.5694,46.3068,2015,4,2,0.6,0.241
-48.8914,58.5277,2015,4,2,0.6,0.202
-165.8155,-18.5625,2015,4,3,0.5,0.0036
5.3104,-43.3224,2015,4,3,0.6,0.848
163.3743,-17.95,2015,4,3,0.3,0.0746
-170.8331,-18.3112,2015,4,3,0.6,0.0568
-24.0271,60.0602,2015,4,3,0.6,0.212
14.815,-42.2398,2015,4,3,0.2,0.526
89.7094,14.0212,2015,4,3,1.9,0.0
-149.6642,-18.2405,2015,4,3,0.7,0.0114
5.9355,69.481,2015,4,3,0.6,0.254
-4.2971,35.6952,2015,4,3,0.7,0.18
5.423,37.7632,2015,4,3,0.7,0.175
7.0637,42.6154,2015,4,3,0.8,0.0693
18.4999,41.5929,2015,4,3,0.5,0.401
-24.0005,60.0627,2015,4,3,0.8,0.073
-52.325,57.2751,2015,4,3,0.7,0.0219
-41.8642,57.158,2015,4,3,0.4,0.0198
-58.1671,61.1922,2015,4,3,0.4,0.317
-23.9747,60.0652,2015,4,3,0.8,0.27
-3.688,64.842,2015,4,3,4.5,0.446
14.9002,-42.2282,2015,4,4,0.7,0.639
-170.8711,-18.3057,2015,4,4,0.2,0.0604
66.2288,19.9399,2015,4,4,0.2,0.0292
65.72,18.2742,2015,4,4,0.5,0.0292
77.995,-47.3859,2015,4,4,0.8,0.295
70.0993,-51.0282,2015,4,4,0.5,0.436
74.5472,-48.4155,2015,4,4,0.6,0.522
-23.9226,60.0701,2015,4,4,0.7,0.245
27.809,33.4128,2015,4,4,0.7,0.0894
-149.6346,-18.2333,2015,4,4,0.6,0.0038
5.4893,-43.2493,2015,4,4,0.7,0.889
7.0655,42.596,2015,4,4,0.7,0.128
18.4961,41.5931,2015,4,4,0.8,0.413
-56.1134,55.8324,2015,4,4,0.7,0.245
33.9474,42.8889,2015,4,4,0.7,0.257
-165.8107,-18.6321,2015,4,5,0.5,0.0108
14.9972,-42.1869,2015,4,5,0.6,0.701
-170.8995,-18.2815,2015,4,5,0.6,0.0675
71.2016,-49.203,2015,4,5,0.7,0.416
-23.9428,60.1426,2015,4,5,0.7,0.186
68.5196,12.372,2015,4,5,2.4,0.172
3.1353,41.0034,2015,4,5,0.7,0.592
7.0754,42.5781,2015,4,5,0.7,0.131
-23.7926,30.254,2015,4,5,0.3,0.0181
5.6389,-43.2019,2015,4,5,0.7,0.877
18.5241,41.6152,2015,4,5,0.7,0.266
-24.9994,10.1106,2015,4,5,0.5,0.0786
-33.5458,51.9317,2015,4,5,0.6,0.814
-29.5098,13.6774,2015,4,5,0.5,0.0181
-23.9483,60.1607,2015,4,5,0.7,0.0839
-41.2876,60.9919,2015,4,5,0.2,0.248
-37.7521,62.1269,2015,4,5,0.2,0.0547
-39.2657,46.3067,2015,4,5,0.7,0.193
-48.8697,58.6317,2015,4,5,0.7,0.295
-23.9535,60.1777,2015,4,5,0.4,0.215
-149.5917,-18.2464,2015,4,5,0.5,0.0114
-165.836,-18.6553,2015,4,6,0.6,0.0144
15.1048,-42.1261,2015,4,6,0.7,0.628
-170.909,-18.2563,2015,4,6,0.4,0.149
-19.218,52.021,2015,4,6,4.2,0.353
12.554,-37.144,2015,4,6,4.0,0.26
-23.9642,60.2127,2015,4,6,0.8,0.252
-41.0715,20.3664,2015,4,6,1.1,0.0
36.8953,-47.4871,2015,4,6,0.6,0.35
30.9113,32.7171,2015,4,6,0.5,0.044
32.643,42.6204,2015,4,6,0.6,0.2
11.1995,39.821,2015,4,6,0.7,0.436
5.7913,-43.1572,2015,4,6,0.5,0.75
7.0595,42.574,2015,4,6,0.6,0.062
18.513,41.6233,2015,4,6,0.8,0.447
-25.5066,29.4614,2015,4,6,0.5,0.19
-25.6114,-22.868,2015,4,6,0.6,0.0121
-26.0742,-37.2457,2015,4,6,0.7,0.0302
-23.7514,-40.468,2015,4,6,0.6,0.24
-52.8492,57.5742,2015,4,6,0.6,0.0511
-42.4617,57.3973,2015,4,6,1.4,0.0432
-41.0579,20.3523,2015,4,6,0.6,0.0128
-149.5835,-18.2437,2015,4,6,0.6,0.0076
-165.835,-18.664,2015,4,7,0.1,0.0108
15.1893,-42.04,2015,4,7,0.5,0.799
-170.9343,-18.2427,2015,4,7,0.6,0.0852
20.023,57.517,2015,4,7,4.5,0.356
70.013,-51.2642,2015,4,7,0.6,0.479
-23.9001,60.298,2015,4,7,0.8,0.204
-41.0412,20.3351,2015,4,7,1.1,0.0
19.5999,36.7055,2015,4,7,0.5,0.105
7.0506,42.5674,2015,4,7,0.6,0.107
6.1223,39.1363,2015,4,7,0.8,0.209
5.9583,-43.1271,2015,4,7,0.8,0.623
7.2556,41.2698,2015,4,7,0.4,1.445
18.5071,41.6217,2015,4,7,0.6,0.42
-38.1006,20.7996,2015,4,7,0.6,0.0144
-23.8811,60.3198,2015,4,7,0.8,0.0474
-56.0428,55.8155,2015,4,7,0.8,0.168
-23.8641,60.3394,2015,4,7,0.7,0.161
-165.8237,-18.6845,2015,4,8,0.7,0.0108
15.2832,-41.9413,2015,4,8,0.6,0.81
162.7687,-17.6708,2015,4,8,0.7,0.0213
-170.965,-18.2066,2015,4,8,0.4,0.0675
10.49,-47.144,2015,4,8,4.0,0.377
65.3831,-50.6564,2015,4,8,0.7,0.385
71.0975,-48.6494,2015,4,8,0.6,0.329
-23.8284,60.3805,2015,4,8,0.9,0.226
16.0454,-49.0407,2015,4,8,0.7,0.425
14.2363,-48.5323,2015,4,8,0.8,0.54
89.8043,14.1542,2015,4,8,0.5,0.00256
5.4693,69.741,2015,4,8,0.7,0.169
-4.0581,35.6939,2015,4,8,0.6,0.122
6.134,-43.1195,2015,4,8,0.4,0.709
5.9136,-43.1713,2015,4,8,0.1,0.911
5.2002,37.7929,2015,4,8,0.4,0.15
7.0368,42.5657,2015,4,8,1.2,0.606
18.4715,41.5957,2015,4,8,0.8,0.469
-32.9671,51.9414,2015,4,8,0.7,0.979
-41.7665,60.5226,2015,4,8,0.1,0.124
-38.6685,62.2274,2015,4,8,0.5,0.0347
-39.542,46.6143,2015,4,8,0.7,0.277
-49.0018,58.86,2015,4,8,0.9,0.479
-149.5224,-18.2635,2015,4,8,0.0,0.0038
6.2231,-43.1134,2015,4,9,0.4,0.945
77.6152,-48.8152,2015,4,9,0.6,0.4
75.2341,-49.0039,2015,4,9,0.7,0.595
65.6548,-50.5925,2015,4,9,0.7,0.365
-23.7588,60.428,2015,4,9,0.5,0.234
27.5943,33.2633,2015,4,9,0.5,0.0555
7.0409,42.5579,2015,4,9,1.3,0.0073
18.4169,41.572,2015,4,9,0.5,0.491
-23.7415,60.4399,2015,4,9,0.5,0.0693
-42.9281,57.521,2015,4,9,0.7,0.0396
-58.3987,61.3686,2015,4,9,0.8,0.634
-53.4482,57.6981,2015,4,9,0.4,0.0146
-23.7246,60.4515,2015,4,9,0.7,0.252
-149.4923,-18.251,2015,4,9,0.7,0.0076
34.1362,42.9778,2015,4,9,0.5,0.434
6.3836,-43.0951,2015,4,10,0.7,1.144
70.1776,-51.4163,2015,4,10,0.6,0.482
-23.6916,60.4741,2015,4,10,0.8,0.23
3.2433,41.0886,2015,4,10,0.8,0.944
18.3739,41.5343,2015,4,10,0.7,0.53
-23.879,30.384,2015,4,10,0.5,0.0121
-25.1328,10.0446,2015,4,10,0.6,0.0968
-29.4902,13.5651,2015,4,10,0.6,0.0242
-55.9058,55.5777,2015,4,10,0.8,0.102
-149.4334,-18.271,2015,4,10,0.6,0.0114
6.5068,-43.0697,2015,4,11,0.7,1.283
71.4622,-48.1182,2015,4,11,0.8,0.507
-23.71,60.4649,2015,4,11,0.8,0.179
-51.088,22.5296,2015,4,11,0.7,0.0128
31.0424,32.713,2015,4,11,0.5,0.137
-19.911,51.757,2015,4,11,4.3,0.17
11.2352,39.8196,2015,4,11,0.3,0.287
24.2128,-43.9932,2015,4,11,1.0,0.751
18.3195,41.4835,2015,4,11,0.5,0.262
-25.0961,29.4468,2015,4,11,0.7,0.107
12.929,-37.654,2015,4,11,4.3,0.204
-25.6124,-22.7996,2015,4,11,0.6,0.0121
-25.9228,-37.3503,2015,4,11,0.6,0.0605
-23.6972,-40.1283,2015,4,11,0.6,0.522
-32.4421,52.4414,2015,4,11,0.5,0.86
-23.7119,60.4623,2015,4,11,0.8,0.0693
-51.0877,22.5289,2015,4,11,1.4,0.0
-38.6903,62.407,2015,4,11,0.8,0.0219
-39.065,47.1827,2015,4,11,0.5,0.161
-50.0929,58.682,2015,4,11,0.3,0.256
-23.7137,60.4598,2015,4,11,0.5,0.208
-149.4184,-18.322,2015,4,11,0.7,0.019
-51.0874,22.528,2015,4,11,0.7,0.00912
6.6096,-43.0395,2015,4,12,0.5,1.275
-23.7174,60.4548,2015,4,12,0.7,0.23
-51.0867,22.5265,2015,4,12,0.6,0.00365
19.5356,36.7418,2015,4,12,0.7,0.0987
5.9082,39.0218,2015,4,12,0.7,0.105
7.1445,41.2628,2015,4,12,0.4,0.451
18.2915,41.4662,2015,4,12,0.5,0.24
4.859,-56.329,2015,4,12,2.5,0.325
-43.24,57.6304,2015,4,12,0.7,0.0252
-54.0034,57.9677,2015,4,12,0.7,0.161
-149.4191,-18.3122,2015,4,12,0.6,0.0114
6.715,-43.0245,2015,4,13,0.7,1.204
161.8351,-17.6291,2015,4,13,0.6,0.0816
70.3649,-51.4608,2015,4,13,0.9,0.356
-23.5817,60.4433,2015,4,13,0.7,0.175
89.9582,14.254,2015,4,13,0.4,0.00474
4.0946,69.6323,2015,4,13,0.3,0.23
-4.2135,35.8184,2015,4,13,0.8,0.346
5.0048,37.8277,2015,4,13,0.5,0.184
18.2737,41.4564,2015,4,13,0.8,0.344
-23.5441,60.4396,2015,4,13,0.6,0.0657
-55.5239,55.4001,2015,4,13,0.6,0.0292
-23.5079,60.436,2015,4,13,0.7,0.175
-149.3739,-18.3297,2015,4,13,0.6,0.0
-165.7256,-18.8296,2015,4,13,0.7,0.0072
-171.0453,-18.0509,2015,4,13,0.6,0.0497
6.8068,-42.9964,2015,4,14,0.5,0.975
66.3406,19.9401,2015,4,14,0.5,0.0175
65.8706,18.2599,2015,4,14,0.5,0.00657
19.92,57.437,2015,4,14,4.5,0.659
78.0,-49.7613,2015,4,14,0.6,0.432
76.0472,-49.0696,2015,4,14,0.7,0.453
71.9867,-47.6857,2015,4,14,0.7,0.482
-23.4352,60.4289,2015,4,14,0.7,0.172
27.525,33.0571,2015,4,14,0.7,0.0537
18.1999,41.4617,2015,4,14,0.7,0.242
-32.3095,52.6426,2015,4,14,0.7,1.156
-38.3542,62.3908,2015,4,14,0.7,0.0347
-38.6236,47.3427,2015,4,14,0.5,0.245
-49.8963,58.98,2015,4,14,0.5,0.151
-149.3637,-18.3797,2015,4,14,0.2,0.0152
34.2584,43.0688,2015,4,14,0.7,0.401
-0.734,-60.348,2015,4,15,4.6,0.313
-23.3533,60.4306,2015,4,15,0.6,0.164
3.1645,41.1288,2015,4,15,0.4,0.183
18.0114,41.4327,2015,4,15,0.7,0.275
-25.2604,10.0159,2015,4,15,0.5,0.0968
-29.4421,13.5296,2015,4,15,0.4,0.0424
-23.3333,60.4316,2015,4,15,0.8,0.0492
-43.4413,57.7588,2015,4,15,0.7,0.036
-57.658,61.5493,2015,4,15,0.3,2.167
-54.185,58.6159,2015,4,15,0.4,0.223
-23.3148,60.4326,2015,4,15,0.4,0.203
-149.3741,-18.3726,2015,4,15,0.6,0.0114
70.5625,-51.615,2015,4,16,0.4,0.0972
-23.2772,60.4346,2015,4,16,0.8,0.215
-40.8511,20.0501,2015,4,16,2.0,0.0
38.9304,-48.2411,2015,4,16,0.6,0.445
31.0295,32.7841,2015,4,16,0.6,0.0734
32.6652,42.5987,2015,4,16,0.7,0.127
11.2538,39.8513,2015,4,16,0.6,0.166
17.8965,41.3584,2015,4,16,0.5,0.365
-24.6315,29.5836,2015,4,16,0.5,0.131
-25.5918,-22.7088,2015,4,16,0.6,0.0121
-25.7603,-37.4097,2015,4,16,0.5,0.0484
-23.5167,-39.8232,2015,4,16,0.6,0.57
-40.8454,20.0412,2015,4,16,1.6,0.0
-54.7057,55.2665,2015,4,16,0.9,0.0292
-20.647,51.791,2015,4,16,4.1,0.479
13.621,-37.775,2015,4,16,3.9,0.38
-40.8401,20.0331,2015,4,16,1.2,0.0
-4.314,70.908,2015,4,16,4.4,0.259
-149.333,-18.3669,2015,4,16,0.7,0.019
72.3117,-47.3072,2015,4,17,0.8,0.431
-23.2041,60.5081,2015,4,17,0.7,0.186
-40.8285,20.0152,2015,4,17,2.5,0.0
5.78,39.0217,2015,4,17,0.7,0.148
7.0469,41.268,2015,4,17,0.4,0.276
17.8678,41.3033,2015,4,17,0.8,0.481
-32.0732,52.7322,2015,4,17,0.6,0.749
-23.1862,60.5272,2015,4,17,0.6,0.0584
-38.4046,62.1745,2015,4,17,0.8,0.0474
-38.5468,47.1383,2015,4,17,0.7,0.208
-50.1465,58.91,2015,4,17,0.3,0.202
-37.6367,20.6033,2015,4,17,0.7,0.0072
-133.861,-51.655,2015,4,17,4.7,0.467
-23.1687,60.5458,2015,4,17,0.5,0.245
-149.3024,-18.4126,2015,4,17,0.7,0.0342
161.222,-17.8498,2015,4,18,0.6,0.0639
12.912,-46.664,2015,4,18,4.1,0.58
65.0682,-50.7388,2015,4,18,0.3,0.446
-23.1331,60.5838,2015,4,18,0.9,0.292
16.7879,-48.1131,2015,4,18,0.8,0.49
16.1261,-40.3047,2015,4,18,0.3,0.701
14.3395,-48.8817,2015,4,18,0.7,0.442
90.1596,14.2914,2015,4,18,0.4,0.0347
2.9868,69.1005,2015,4,18,0.6,0.357
-4.4446,35.8868,2015,4,18,0.6,0.0036
6.9317,-43.2298,2015,4,18,0.6,0.706
4.8422,37.9044,2015,4,18,0.6,0.252
17.9381,41.2579,2015,4,18,0.6,0.527
-43.1484,57.7594,2015,4,18,0.7,0.0252
-53.7474,58.8117,2015,4,18,0.8,0.0402
-149.311,-18.4412,2015,4,18,0.6,0.038
-165.6605,-18.957,2015,4,18,0.5,0.0108
-171.1387,-17.9449,2015,4,18,0.8,0.0568
77.5972,-50.9112,2015,4,19,0.7,0.421
70.7525,-51.5753,2015,4,19,0.4,0.367
76.7321,-49.0662,2015,4,19,0.6,0.416
65.3479,-50.5429,2015,4,19,0.8,0.383
-22.9887,60.6444,2015,4,19,0.4,0.361
27.6517,32.9575,2015,4,19,0.3,0.0648
18.0755,41.2879,2015,4,19,0.8,0.399
87.297,12.077,2015,4,19,4.5,0.0511
-22.9498,60.6599,2015,4,19,0.5,0.216
-54.5503,55.2983,2015,4,19,0.4,0.0657
-22.913,60.6745,2015,4,19,0.6,0.411
-149.2869,-18.4476,2015,4,19,0.6,0.0076
34.4101,43.1151,2015,4,19,0.7,0.371
73.7551,-47.4559,2015,4,20,0.6,0.423
-22.8374,60.7046,2015,4,20,0.7,0.372
3.1598,41.1564,2015,4,20,0.6,0.0826
18.0536,41.3885,2015,4,20,0.6,0.355
-24.0879,30.6733,2015,4,20,0.3,0.0302
-25.3453,10.005,2015,4,20,0.6,0.0424
-31.6696,52.7369,2015,4,20,0.8,0.774
-29.412,13.5323,2015,4,20,0.6,0.0726
-38.1669,62.1378,2015,4,20,0.8,0.0402
-38.4151,46.7255,2015,4,20,0.5,0.244
-51.4426,58.7603,2015,4,20,0.5,3.24
-149.2726,-18.5056,2015,4,20,0.5,0.0038
19.719,57.296,2015,4,21,4.3,1.145
-22.7367,60.693,2015,4,21,0.7,0.387
-50.9758,22.5722,2015,4,21,0.7,0.00365
31.031,32.695,2015,4,21,0.7,0.029
11.2782,39.857,2015,4,21,0.7,0.178
87.137,13.767,2015,4,21,4.5,0.0511
24.2322,-43.2697,2015,4,21,1.5,0.928
17.955,41.3322,2015,4,21,0.4,0.318
-24.3468,29.6534,2015,4,21,0.6,0.0357
-25.6002,-22.6529,2015,4,21,0.5,0.0121
-25.5343,-37.4184,2015,4,21,0.4,0.0786
-23.189,-39.6283,2015,4,21,0.5,0.654
-22.5657,-18.671,2015,4,21,0.8,0.0146
-22.7113,60.6895,2015,4,21,0.8,0.197
-50.9731,22.5735,2015,4,21,1.9,0.0
-43.2658,57.5922,2015,4,21,0.8,0.0324
-53.4447,58.275,2015,4,21,0.3,4.526
-22.6869,60.686,2015,4,21,0.5,0.464
-50.97,22.5749,2015,4,21,0.8,0.00365
-149.268,-18.5478,2015,4,21,0.7,0.0228
-21.111,51.908,2015,4,21,4.2,3.411
14.451,-37.045,2015,4,22,4.0,0.436
91.5733,16.9745,2015,4,22,0.5,0.0
71.0818,-51.4611,2015,4,22,0.7,0.353
-22.6378,60.6792,2015,4,22,0.8,0.456
-50.9629,22.5783,2015,4,22,1.7,0.00365
19.4865,36.6673,2015,4,22,0.5,0.06
6.9023,41.2808,2015,4,22,0.4,0.204
5.8057,39.2247,2015,4,22,0.7,0.0988
18.0338,41.2145,2015,4,22,0.6,0.243
5.998,-56.474,2015,4,22,4.2,0.484
-53.6678,55.2625,2015,4,22,0.8,0.0803
-149.2487,-18.5906,2015,4,22,0.5,0.0114
8.196,69.292,2015,4,22,4.5,0.346
160.8728,-17.9091,2015,4,23,0.7,0.0781
75.8715,-47.2942,2015,4,23,0.5,0.38
-22.6016,60.7319,2015,4,23,0.7,0.496
90.3895,14.2183,2015,4,23,0.5,0.00548
3.328,68.8234,2015,4,23,0.6,0.315
-4.5858,35.7227,2015,4,23,0.7,0.212
4.6263,37.9656,2015,4,23,0.8,0.184
18.2072,41.2112,2015,4,23,0.8,0.215
-31.294,52.8026,2015,4,23,0.7,1.267
-22.5926,60.7457,2015,4,23,0.7,0.104
-37.9064,62.1915,2015,4,23,0.7,0.296
-38.0645,46.1942,2015,4,23,0.8,0.748
-51.8331,58.7128,2015,4,23,0.8,2.513
-22.5842,60.7586,2015,4,23,0.8,0.664
-149.214,-18.6486,2015,4,23,0.8,0.0152
-165.5861,-19.1096,2015,4,23,0.6,0.0036
-171.2416,-17.863,2015,4,23,0.6,0.0284
-3.4,64.954,2015,4,23,4.3,0.695
66.5444,19.7861,2015,4,24,0.4,0.011
66.0436,18.1552,2015,4,24,0.5,0.0182
78.9682,-50.8971,2015,4,24,0.6,0.45
77.8545,-49.8015,2015,4,24,0.7,0.376
-22.5668,60.7851,2015,4,24,0.7,0.551
27.9998,32.9579,2015,4,24,0.5,0.0509
7.0542,-42.8424,2015,4,24,0.7,0.919
18.3471,41.3107,2015,4,24,0.7,0.267
-43.444,57.3216,2015,4,24,0.6,0.191
-54.4435,57.9295,2015,4,24,0.7,5.92
-149.2046,-18.7128,2015,4,24,0.6,0.0228
71.0356,-51.312,2015,4,25,0.7,0.371
-22.5677,60.8857,2015,4,25,0.8,0.588
68.1809,12.0853,2015,4,25,0.5,0.0073
3.0014,41.0703,2015,4,25,0.2,0.258
18.3625,41.4531,2015,4,25,0.8,0.202
-25.407,10.0115,2015,4,25,0.8,0.0786
-29.3491,13.5673,2015,4,25,0.5,0.0666
-22.5674,60.9134,2015,4,25,0.7,0.146
-53.1979,55.3027,2015,4,25,0.3,0.113
-22.5671,60.9405,2015,4,25,0.5,0.471
-149.1749,-18.7515,2015,4,25,0.7,0.0152
34.5613,43.1058,2015,4,25,0.5,0.31
75.6451,-47.3567,2015,4,26,0.6,0.401
-22.5667,60.9925,2015,4,26,0.5,0.453
39.6269,-48.693,2015,4,26,0.8,0.485
30.6241,32.6196,2015,4,26,0.8,0.0401
32.6386,42.5842,2015,4,26,0.7,0.163
11.2354,39.841,2015,4,26,0.7,0.169
37.5884,-47.8398,2015,4,26,0.8,0.423
37.5748,-47.8426,2015,4,26,0.7,0.35
18.2396,41.5618,2015,4,26,0.3,0.185
-24.1301,29.6143,2015,4,26,0.6,0.0238
-25.6092,-22.5975,2015,4,26,0.6,0.0181
-25.2352,-37.4494,2015,4,26,0.6,0.0545
-22.7255,-39.6078,2015,4,26,0.7,0.426
-31.2541,52.9673,2015,4,26,0.5,1.552
-40.7315,19.952,2015,4,26,1.5,0.00365
-38.0652,62.266,2015,4,26,0.8,0.0967
-37.5081,45.6384,2015,4,26,0.8,0.92
-51.9231,58.4922,2015,4,26,0.7,6.318
-57.3413,61.9717,2015,4,26,0.6,6.358
-40.7292,19.9508,2015,4,26,1.2,0.00365
-149.1358,-18.8177,2015,4,26,0.7,0.0304
-3.932,71.008,2015,4,26,4.9,0.256
91.7702,17.0895,2015,4,27,1.9,0.00365
-21.485,51.903,2015,4,27,4.3,2.204
14.152,-36.303,2015,4,27,4.1,0.451
-22.5495,61.0412,2015,4,27,0.7,0.35
19.542,36.6105,2015,4,27,0.4,0.0647
6.6213,41.2109,2015,4,27,0.7,0.265
5.8493,39.3782,2015,4,27,0.7,0.188
37.7123,-48.0866,2015,4,27,0.8,0.482
37.6944,-48.0961,2015,4,27,0.7,0.299
18.0735,41.5634,2015,4,27,0.6,0.17
-36.9832,20.3395,2015,4,27,0.7,0.0036
-22.5401,61.0539,2015,4,27,0.7,0.201
-43.1174,56.8977,2015,4,27,0.3,0.313
-54.9585,58.2897,2015,4,27,0.4,8.939
-22.531,61.0663,2015,4,27,0.5,0.308
-149.1482,-18.8822,2015,4,27,0.6,0.0266
160.5633,-17.9129,2015,4,28,0.7,0.0639
13.268,-45.861,2015,4,28,4.4,0.672
19.72,57.27,2015,4,28,4.8,2.578
64.7375,-50.9322,2015,4,28,0.3,0.338
-22.5128,61.091,2015,4,28,0.8,0.252
17.6084,-48.3389,2015,4,28,0.8,0.317
15.8619,-39.8706,2015,4,28,0.7,0.365
19.5744,36.6172,2015,4,28,0.7,0.0768
15.1993,-49.4031,2015,4,28,0.7,0.365
90.5931,14.1141,2015,4,28,0.5,0.0146
4.9551,68.7328,2015,4,28,0.5,0.266
-4.6086,35.671,2015,4,28,0.6,0.0468
7.547,-43.2077,2015,4,28,0.7,0.749
4.4175,38.0236,2015,4,28,0.6,0.153
17.9989,41.5285,2015,4,28,0.7,0.222
-52.6265,55.0319,2015,4,28,0.3,0.139
-149.1655,-18.8982,2015,4,28,0.4,0.019
-165.5283,-19.2011,2015,4,28,0.6,0.0036
-171.373,-17.7458,2015,4,28,0.6,0.0284
81.1179,-50.1988,2015,4,29,0.7,0.414
78.2576,-50.6513,2015,4,29,0.7,0.394
76.4685,-47.2627,2015,4,29,0.8,0.387
65.0091,-50.5004,2015,4,29,0.7,0.347
-22.4563,61.0499,2015,4,29,0.8,0.307
28.372,33.0598,2015,4,29,0.6,0.0656
17.9678,41.4911,2015,4,29,0.7,0.161
-31.4663,53.1219,2015,4,29,0.5,1.098
-38.467,62.2003,2015,4,29,0.3,0.0456
-37.2063,45.2676,2015,4,29,0.3,0.529
-22.4405,61.0388,2015,4,29,0.5,0.0443
-51.4214,58.2092,2015,4,29,0.6,9.958
-57.0146,62.0644,2015,4,29,0.4,10.49
-22.4238,61.0271,2015,4,29,0.7,0.314
-149.1419,-18.9,2015,4,29,0.6,0.0266
-22.3937,61.006,2015,4,30,0.8,0.398
2.972,41.0428,2015,4,30,0.6,0.163
17.9548,41.4794,2015,4,30,0.7,0.199
-24.4484,30.6183,2015,4,30,0.4,0.00605
-25.4244,10.0258,2015,4,30,0.6,0.127
-29.3049,13.6277,2015,4,30,0.5,0.0484
-42.3216,56.7334,2015,4,30,0.5,0.551
-53.3898,59.0416,2015,4,30,0.4,11.242
-149.1436,-18.9243,2015,4,30,0.7,0.0304
34.6351,43.0789,2015,4,30,0.5,0.268
87.055,13.755,2015,5,1,4.6,0.0876
-22.4673,61.0432,2015,5,1,0.8,0.383
-50.7414,22.5597,2015,5,1,0.7,0.00365
30.5274,32.7314,2015,5,1,0.6,0.0431
11.1513,39.8176,2015,5,1,0.7,0.129
24.7813,-42.5654,2015,5,1,1.0,0.726
17.9587,41.4745,2015,5,1,0.1,0.16
-23.9629,29.5402,2015,5,1,0.6,0.0119
-22.2974,-39.7579,2015,5,1,0.5,0.354
-25.6274,-22.5702,2015,5,1,0.7,0.00605
-24.893,-37.4965,2015,5,1,0.4,0.133
-21.8018,-18.6168,2015,5,1,0.6,0.00365
-22.49,61.0532,2015,5,1,0.7,0.0602
-50.735,22.5591,2015,5,1,1.3,0.0
-52.2618,54.9661,2015,5,1,0.5,0.179
-22.5129,61.0633,2015,5,1,0.7,0.343
-50.729,22.5586,2015,5,1,1.7,0.0073
-149.17,-18.9489,2015,5,1,0.7,0.0266
91.8653,17.2029,2015,5,2,0.5,0.00146
75.8313,-47.7642,2015,5,2,0.5,0.175
-22.5573,61.0828,2015,5,2,0.8,0.347
-50.7153,22.5574,2015,5,2,1.1,0.0
11.1577,39.7965,2015,5,2,0.1,0.105
6.1715,41.0684,2015,5,2,0.7,0.152
5.8792,39.4626,2015,5,2,0.7,0.17
17.9442,41.4762,2015,5,2,0.4,0.1
-21.908,51.934,2015,5,2,4.4,2.114
13.434,-35.896,2015,5,2,4.2,0.24
-31.8502,53.2443,2015,5,2,0.7,1.04
-38.7877,62.0467,2015,5,2,0.7,0.369
-36.9613,45.0882,2015,5,2,0.3,0.329
-50.7106,58.3331,2015,5,2,0.8,8.78
-57.1092,62.1514,2015,5,2,0.8,10.073
7.53,-55.67,2015,5,2,3.7,0.259
-149.1751,-18.9619,2015,5,2,0.7,0.019
160.2183,-17.6981,2015,5,3,0.6,0.032
-22.7556,61.042,2015,5,3,0.8,0.391
11.1722,39.7688,2015,5,3,0.5,0.109
19.6399,36.588,2015,5,3,0.8,0.0984
90.7789,14.0554,2015,5,3,0.5,0.00365
6.5702,68.5107,2015,5,3,0.7,0.321
-4.6106,35.6381,2015,5,3,0.6,0.036
4.2375,38.1017,2015,5,3,0.7,0.118
17.8986,41.5148,2015,5,3,0.3,0.184
-22.8063,61.031,2015,5,3,0.7,0.303
-42.2418,56.872,2015,5,3,0.4,0.254
-51.6899,58.8749,2015,5,3,0.7,10.742
-22.8558,61.0202,2015,5,3,0.7,0.248
-149.1752,-18.9816,2015,5,3,0.6,0.0418
-165.5217,-19.2274,2015,5,3,0.5,0.0072
-3.186,64.996,2015,5,3,4.2,0.673
66.7525,19.4664,2015,5,4,0.4,0.00839
66.4591,17.8496,2015,5,4,0.5,0.0241
82.6963,-51.0735,2015,5,4,0.6,0.374
80.4037,-50.2266,2015,5,4,0.6,0.369
-22.955,60.9987,2015,5,4,0.7,0.372
28.5595,33.1565,2015,5,4,0.7,0.0599
11.1949,39.7407,2015,5,4,0.7,0.0962
19.6741,36.5852,2015,5,4,0.7,0.0781
7.1215,-43.0078,2015,5,4,0.5,0.825
17.9024,41.5526,2015,5,4,0.5,0.127
-51.8761,55.1823,2015,5,4,0.7,0.142
-149.1738,-18.9858,2015,5,4,0.6,0.038
0.778,-54.077,2015,5,5,4.1,0.277
75.9101,-47.8646,2015,5,5,0.6,0.325
-23.1313,60.9006,2015,5,5,0.3,0.438
11.2163,39.721,2015,5,5,0.3,0.109
19.7066,36.5767,2015,5,5,0.7,0.106
68.281,11.8875,2015,5,5,0.6,0.00949
3.4082,41.1114,2015,5,5,0.2,0.174
17.8942,41.5591,2015,5,5,0.8,0.112
-25.4065,10.0397,2015,5,5,1.0,0.0181
-32.1633,53.2882,2015,5,5,0.6,2.07
-36.8301,44.9583,2015,5,5,0.7,0.613
-29.308,13.7219,2015,5,5,0.4,0.0424
-23.1759,60.8751,2015,5,5,0.7,0.179
-38.8789,61.8624,2015,5,5,0.6,0.723
-49.7464,57.9667,2015,5,5,0.6,10.908
-57.2833,62.3244,2015,5,5,0.7,9.094
-23.2216,60.849,2015,5,5,0.5,0.42
-149.1299,-18.9922,2015,5,5,0.3,0.038
34.6873,43.0671,2015,5,5,0.5,0.36
-23.3088,60.7992,2015,5,6,0.6,0.464
39.9823,-48.897,2015,5,6,0.7,0.365
30.5035,32.7044,2015,5,6,0.8,0.018
32.6085,42.5463,2015,5,6,0.6,0.0545
11.2362,39.6995,2015,5,6,0.4,0.116
19.7458,36.5651,2015,5,6,0.4,0.0908
17.8627,41.5442,2015,5,6,0.7,0.0662
-23.806,29.5481,2015,5,6,0.7,0.0179
-21.9679,-39.9523,2015,5,6,0.6,0.534
-25.658,-22.5364,2015,5,6,0.3,0.0302
-24.5712,-37.5169,2015,5,6,0.4,0.321
-40.7461,20.1009,2015,5,6,0.7,0.0
-42.2485,56.4223,2015,5,6,0.6,1.462
-49.8204,57.713,2015,5,6,0.7,7.531
-50.7912,58.6399,2015,5,6,0.7,3.562
-149.1009,-19.0229,2015,5,6,0.7,0.019
-23.3999,60.6875,2015,5,7,0.8,0.5
39.7253,-48.5755,2015,5,7,0.6,0.529
39.7391,-48.5523,2015,5,7,0.8,0.427
28.6171,33.2286,2015,5,7,0.7,0.09
11.2501,39.6829,2015,5,7,0.7,0.0855
19.7814,36.5532,2015,5,7,0.7,0.119
-54.3148,-54.8408,2015,5,7,0.8,0.38
5.9369,39.5192,2015,5,7,0.8,0.0073
5.7581,40.8671,2015,5,7,0.6,0.22
17.8245,41.5231,2015,5,7,0.4,0.0622
-54.5424,-55.0348,2015,5,7,0.5,0.362
-36.3949,20.21,2015,5,7,0.7,0.0
-23.4241,60.6573,2015,5,7,0.4,0.135
-50.068,58.5252,2015,5,7,0.7,2.46
-50.2035,57.4773,2015,5,7,0.8,9.421
-51.7094,54.8676,2015,5,7,0.6,0.128
12.855,-35.889,2015,5,7,4.2,0.393
-22.36,52.129,2015,5,7,4.5,1.912
-23.4471,60.6284,2015,5,7,0.8,0.385
-149.1147,-19.0188,2015,5,7,0.7,0.0228
159.8908,-17.4365,2015,5,8,0.7,0.0142
13.638,-45.463,2015,5,8,4.2,0.848
-49.775,58.4834,2015,5,8,0.4,5.895
75.3606,-47.9967,2015,5,8,0.7,0.416
64.7287,-51.282,2015,5,8,0.6,0.324
-23.4936,60.5703,2015,5,8,0.5,0.507
18.457,-48.4785,2015,5,8,0.8,0.356
11.2484,39.6535,2015,5,8,0.1,0.0684
14.0948,-39.074,2015,5,8,0.1,0.555
19.8267,36.5473,2015,5,8,0.7,0.0928
7.9472,-42.9885,2015,5,8,0.3,0.662
15.7506,-49.4031,2015,5,8,0.7,0.354
-54.2338,-54.8977,2015,5,8,0.5,0.664
-53.7394,-55.016,2015,5,8,0.7,0.343
6.6778,68.4491,2015,5,8,0.3,0.702
-4.5318,35.6251,2015,5,8,0.7,0.0504
4.1376,38.1709,2015,5,8,0.4,0.0385
17.7838,41.486,2015,5,8,0.8,0.0676
-32.6217,53.2756,2015,5,8,0.8,2.477
-36.9144,44.9074,2015,5,8,0.6,0.511
-39.3253,61.6576,2015,5,8,0.6,0.292
-50.6646,57.3252,2015,5,8,0.5,9.086
-57.1734,62.1746,2015,5,8,0.3,6.127
-149.1032,-19.0066,2015,5,8,0.4,0.0494
-165.4144,-19.2348,2015,5,8,0.2,0.0144
-171.5836,-17.3673,2015,5,8,0.6,0.0391
84.7906,-50.7318,2015,5,9,0.7,0.414
80.7738,-50.8634,2015,5,9,0.7,0.445
64.8578,-50.6839,2015,5,9,0.7,0.361
-23.6848,60.5343,2015,5,9,0.5,0.712
11.2485,39.6291,2015,5,9,0.7,0.0873
19.8602,36.5345,2015,5,9,0.7,0.165
17.7461,41.454,2015,5,9,0.7,0.0983
-23.7365,60.5253,2015,5,9,0.7,0.27
-49.4096,58.3373,2015,5,9,0.7,5.457
-41.5973,56.6406,2015,5,9,0.8,3.128
-51.0656,57.2933,2015,5,9,0.5,9.979
-53.9795,-55.0111,2015,5,9,0.5,0.708
-54.072,-55.3058,2015,5,9,0.8,0.307
-23.7865,60.5166,2015,5,9,0.8,0.923
-149.054,-19.0293,2015,5,9,0.5,0.0608
-23.8861,60.4994,2015,5,10,0.8,0.427
28.6319,33.2908,2015,5,10,0.8,0.07
11.2504,39.5876,2015,5,10,0.8,0.0824
19.8858,36.5211,2015,5,10,0.6,0.119
31.032,-45.9236,2015,5,10,0.8,0.332
31.0347,-45.9211,2015,5,10,0.7,0.137
3.5805,41.0104,2015,5,10,0.6,0.332
17.7401,41.4257,2015,5,10,0.7,0.0818
-24.882,30.4066,2015,5,10,0.4,0.0545
-25.3106,10.0613,2015,5,10,0.9,0.0242
-29.3515,13.758,2015,5,10,0.1,0.0666
-49.3787,58.2402,2015,5,10,0.7,7.081
-51.3935,57.3841,2015,5,10,0.7,9.252
-54.2035,-55.0871,2015,5,10,0.4,0.471
-54.5705,-55.3178,2015,5,10,0.8,0.354
-51.7361,54.3558,2015,5,10,0.7,0.347
-149.0457,-19.0461,2015,5,10,0.6,0.0228
34.7543,43.0453,2015,5,10,0.5,0.207
75.9094,-48.2334,2015,5,11,0.8,0.529
-24.0884,60.4944,2015,5,11,0.6,0.376
-50.3989,22.5389,2015,5,11,0.8,0.0
30.6135,32.721,2015,5,11,0.6,0.0416
11.2512,39.5534,2015,5,11,0.7,0.0803
19.9141,36.5207,2015,5,11,0.5,0.0828
25.2898,-41.989,2015,5,11,1.3,0.591
31.0794,-45.8341,2015,5,11,0.6,0.518
31.089,-45.817,2015,5,11,0.7,0.584
17.7507,41.3862,2015,5,11,0.5,0.103
-23.717,29.6269,2015,5,11,0.6,0.0119
-21.7777,-40.1735,2015,5,11,0.6,0.438
-21.3724,-18.7357,2015,5,11,0.5,0.0
-25.6935,-22.5236,2015,5,11,0.6,0.0424
-24.2935,-37.5634,2015,5,11,0.6,0.254
-32.9943,53.2704,2015,5,11,0.6,2.578
-37.0689,44.796,2015,5,11,0.5,0.445
-24.1382,60.4934,2015,5,11,0.8,0.115
-50.3897,22.5384,2015,5,11,1.2,0.0
-49.3801,58.1945,2015,5,11,0.5,6.701
-39.6991,61.4094,2015,5,11,0.5,0.23
-51.6066,57.5748,2015,5,11,0.6,9.266
-54.4539,-55.0552,2015,5,11,0.7,0.464
-54.9772,-55.0867,2015,5,11,0.7,0.321
-57.522,62.0838,2015,5,11,0.4,7.718
-24.1868,60.4924,2015,5,11,0.8,0.491
-50.3806,22.5379,2015,5,11,0.7,0.0456
-149.0223,-19.0264,2015,5,11,0.5,0.0304
-24.2856,60.4903,2015,5,12,0.7,0.409
-50.361,22.5368,2015,5,12,1.4,0.00365
30.6583,32.7321,2015,5,12,0.6,0.0613
11.2591,39.5252,2015,5,12,0.6,0.063
19.9526,36.5211,2015,5,12,0.4,0.0729
5.9046,39.5723,2015,5,12,0.6,0.0217
31.1461,-45.7163,2015,5,12,0.7,0.5
31.1299,-45.6944,2015,5,12,0.8,0.646
5.5662,40.7469,2015,5,12,0.3,0.213
17.7624,41.3547,2015,5,12,0.5,0.0949
-49.3943,58.194,2015,5,12,0.4,7.705
-41.9422,56.8947,2015,5,12,0.8,3.791
-51.6059,57.7304,2015,5,12,0.5,8.46
-54.568,-54.9971,2015,5,12,0.7,0.515
-54.6217,-54.7892,2015,5,12,0.7,0.369
9.975,-54.649,2015,5,12,2.5,0.161
-148.9681,-19.0316,2015,5,12,0.0,0.0494
159.6202,-17.2776,2015,5,13,0.0,0.0426
-22.645,52.36,2015,5,13,4.1,0.78
12.679,-36.175,2015,5,13,4.0,0.476
-24.4222,60.4285,2015,5,13,0.8,0.613
30.7069,32.7317,2015,5,13,0.7,0.056
31.1616,-45.5931,2015,5,13,0.6,0.522
31.1441,-45.5881,2015,5,13,0.3,0.617
28.6534,33.3541,2015,5,13,0.6,0.0619
6.6458,68.3891,2015,5,13,0.7,2.172
11.2554,39.5009,2015,5,13,0.7,0.0777
19.9824,36.52,2015,5,13,0.7,0.0696
91.0904,13.9859,2015,5,13,0.6,0.011
-4.4534,35.624,2015,5,13,0.6,0.0612
4.008,38.2,2015,5,13,0.4,0.142
17.7736,41.3346,2015,5,13,0.4,0.0485
-24.4596,60.4116,2015,5,13,0.6,0.54
-49.4289,58.2207,2015,5,13,0.5,6.632
-51.4128,57.8111,2015,5,13,0.3,7.146
-51.475,53.7936,2015,5,13,0.8,0.343
-54.5911,-54.9569,2015,5,13,0.6,0.493
-53.9448,-54.7978,2015,5,13,0.6,0.431
-24.4947,60.3957,2015,5,13,0.7,0.511
143.405,-47.23,2015,5,13,3.9,0.201
-148.9504,-19.0393,2015,5,13,0.7,0.0228
-165.3076,-19.1717,2015,5,13,0.5,0.018
-171.577,-17.3463,2015,5,13,0.7,0.0461
-3.055,65.046,2015,5,13,4.6,0.763
-123.93,-51.903,2015,5,14,4.9,0.252
66.7345,19.1555,2015,5,14,3.7,0.0292
66.7197,17.6738,2015,5,14,0.4,0.00511
85.4123,-50.2706,2015,5,14,0.7,0.4
80.3458,-50.9562,2015,5,14,0.8,0.398
75.8482,-48.3172,2015,5,14,0.8,0.5
-24.5673,60.3629,2015,5,14,0.4,0.383
30.7691,32.7268,2015,5,14,0.2,0.0436
31.2035,-45.4903,2015,5,14,0.8,0.551
31.198,-45.4876,2015,5,14,0.6,0.617
11.2612,39.4829,2015,5,14,0.7,0.104
20.0092,36.5224,2015,5,14,0.7,0.129
7.721,-43.2335,2015,5,14,0.6,0.701
17.7715,41.3177,2015,5,14,0.7,0.0906
-33.1872,53.1687,2015,5,14,0.4,3.794
-37.2876,44.6631,2015,5,14,0.7,0.61
-49.4425,58.2954,2015,5,14,0.8,8.84
-39.9603,61.1692,2015,5,14,0.5,3.314
-51.0902,57.8255,2015,5,14,0.7,6.53
-57.6979,61.9116,2015,5,14,0.8,7.362
-54.6192,-54.9202,2015,5,14,0.5,0.599
-53.8735,-55.0597,2015,5,14,0.5,0.325
-148.9263,-19.0379,2015,5,14,0.7,0.0266
-24.633,60.2908,2015,5,15,0.7,0.423
30.8346,32.7223,2015,5,15,0.7,0.0499
31.2428,-45.374,2015,5,15,0.7,0.54
31.241,-45.3755,2015,5,15,0.7,0.606
11.2725,39.4596,2015,5,15,0.7,0.0958
20.0356,36.5282,2015,5,15,0.6,0.0737
68.6272,11.8768,2015,5,15,0.2,0.0
3.7329,41.1415,2015,5,15,0.3,0.319
17.7651,41.339,2015,5,15,0.7,0.0697
-25.1547,10.0854,2015,5,15,0.3,0.0302
-29.3627,13.8023,2015,5,15,0.4,0.0363
-49.4821,58.4135,2015,5,15,0.8,9.592
-41.9561,57.0337,2015,5,15,0.8,2.045
-50.7065,57.759,2015,5,15,0.8,6.642
-24.6513,60.2699,2015,5,15,0.8,0.168
-54.5052,-54.847,2015,5,15,0.6,0.529
-54.4813,-55.1167,2015,5,15,0.7,0.354
-117.832,-61.189,2015,5,15,4.9,0.202
-24.6681,60.2505,2015,5,15,0.6,0.274
-148.9034,-19.0425,2015,5,15,0.6,0.0418
34.8767,43.0642,2015,5,15,0.7,0.232
-24.7026,60.2109,2015,5,16,0.7,0.183
-40.736,20.2264,2015,5,16,1.2,0.0
40.4789,-48.2318,2015,5,16,0.8,0.442
30.9151,32.7277,2015,5,16,0.7,0.0644
31.2869,-45.2705,2015,5,16,0.3,0.701
31.2854,-45.2722,2015,5,16,0.7,0.752
28.6425,33.4496,2015,5,16,0.6,0.0379
32.5868,42.526,2015,5,16,0.4,0.0847
11.2841,39.4374,2015,5,16,0.6,0.0441
20.0645,36.5393,2015,5,16,0.8,0.061
17.7614,41.3505,2015,5,16,0.6,0.085
-23.7488,29.7657,2015,5,16,0.6,0.0119
-21.6989,-40.3707,2015,5,16,0.6,0.462
18.5195,38.2489,2015,5,16,0.7,0.133
-25.7422,-22.5044,2015,5,16,0.7,0.0302
-24.1514,-37.6576,2015,5,16,0.6,0.303
-49.5755,58.56,2015,5,16,0.2,7.165
-50.3936,57.6417,2015,5,16,0.5,7.816
-50.9406,53.4402,2015,5,16,0.7,0.949
-54.2047,-54.8287,2015,5,16,0.4,0.537
-55.1118,-55.0149,2015,5,16,0.7,0.332
-40.7353,20.2333,2015,5,16,1.5,0.0
-148.9116,-19.0448,2015,5,16,0.7,0.019
92.1493,17.5413,2015,5,17,2.3,0.00183
76.003,-48.5847,2015,5,17,0.7,0.394
40.272,-47.8563,2015,5,17,0.5,0.434
39.9591,-47.5862,2015,5,17,0.6,0.38
31.0115,32.7175,2015,5,17,0.7,0.0404
31.3347,-45.0904,2015,5,17,0.5,0.526
31.3296,-45.1312,2015,5,17,0.8,0.693
28.6128,33.4982,2015,5,17,0.7,0.0318
11.2748,39.409,2015,5,17,0.5,0.0682
20.0752,36.5558,2015,5,17,0.5,0.0651
5.8656,39.6668,2015,5,17,0.6,0.073
5.3897,40.7186,2015,5,17,0.7,0.188
18.5193,38.2743,2015,5,17,0.6,0.0805
17.7204,41.3428,2015,5,17,0.8,0.0869
-33.2262,53.0167,2015,5,17,0.6,3.262
-37.54,44.5552,2015,5,17,0.7,1.033
-36.0315,20.4316,2015,5,17,0.7,0.0036
-49.6978,58.7113,2015,5,17,0.4,6.179
-40.387,61.1934,2015,5,17,0.5,7.665
-50.1685,57.4873,2015,5,17,0.7,7.538
-58.1007,61.9681,2015,5,17,0.8,7.996
-53.8033,-54.9501,2015,5,17,0.3,0.442
-54.8223,-54.6656,2015,5,17,0.6,0.376
-148.8997,-19.0508,2015,5,17,0.6,0.0076
7.974,70.164,2015,5,17,4.0,0.5
159.3347,-17.2376,2015,5,18,0.6,0.0604
14.888,-46.081,2015,5,18,4.7,0.572
13.231,-36.209,2015,5,18,3.8,0.31
65.1591,-51.578,2015,5,18,0.2,0.302
-22.674,52.653,2015,5,18,3.9,0.532
31.125,32.6887,2015,5,18,0.3,0.0686
31.342,-44.9675,2015,5,18,0.8,0.529
31.3453,-45.0055,2015,5,18,0.6,0.631
28.573,33.5336,2015,5,18,0.5,0.0513
19.8421,-48.6012,2015,5,18,0.4,0.281
6.8604,68.3017,2015,5,18,0.6,2.16
11.2498,39.3795,2015,5,18,0.4,0.0781
14.6069,-39.9127,2015,5,18,0.7,0.416
20.0782,36.5836,2015,5,18,0.6,0.0695
7.9469,-42.7673,2015,5,18,0.7,0.587
15.7099,-49.1854,2015,5,18,0.6,0.442
87.513,12.824,2015,5,18,4.9,0.146
91.1828,13.9043,2015,5,18,0.6,0.035
-4.5932,35.7325,2015,5,18,0.7,0.036
3.9142,38.2836,2015,5,18,0.6,0.105
18.5148,38.2872,2015,5,18,0.6,0.108
17.7106,41.3104,2015,5,18,0.5,0.0774
14.5915,-39.9249,2015,5,18,1.1,0.518
-49.7845,58.8458,2015,5,18,0.4,7.125
-41.8337,57.0982,2015,5,18,0.8,1.627
-49.9926,57.3299,2015,5,18,0.5,3.557
-53.685,-55.1394,2015,5,18,0.7,0.438
-53.7651,-54.6931,2015,5,18,0.3,0.442
-148.9043,-19.0723,2015,5,18,0.4,0.0266
-165.2193,-18.9682,2015,5,18,0.6,0.0072
-171.5868,-17.4527,2015,5,18,0.7,0.0391
19.678,57.234,2015,5,18,4.8,0.756
84.9208,-49.9298,2015,5,19,0.7,0.389
79.9277,-51.0331,2015,5,19,0.7,0.442
64.6631,-51.022,2015,5,19,0.8,0.398
31.2158,32.6585,2015,5,19,0.3,0.0769
31.338,-44.8389,2015,5,19,0.7,0.657
31.346,-44.8889,2015,5,19,0.7,0.65
28.5191,33.5551,2015,5,19,0.5,0.0915
11.2327,39.3563,2015,5,19,0.8,0.058
20.0843,36.612,2015,5,19,0.7,0.0566
18.5246,38.3007,2015,5,19,0.5,0.107
17.7049,41.2733,2015,5,19,0.6,0.116
-24.4372,60.1394,2015,5,19,0.6,0.515
-49.7601,58.9402,2015,5,19,0.5,6.066
-49.8465,57.2037,2015,5,19,0.2,6.109
-50.699,53.643,2015,5,19,0.6,1.65
-54.0884,-55.1077,2015,5,19,0.7,0.423
-53.6223,-55.1447,2015,5,19,0.4,0.401
-148.9125,-19.0549,2015,5,19,0.7,0.0228
75.3679,-48.5952,2015,5,20,0.5,0.445
31.2979,32.6036,2015,5,20,0.7,0.0358
31.3116,-44.7253,2015,5,20,0.3,0.569
31.328,-44.7769,2015,5,20,0.5,0.639
28.4608,33.5665,2015,5,20,0.6,0.0636
11.2266,39.3356,2015,5,20,0.7,0.0538
20.0959,36.6309,2015,5,20,0.2,0.0538
18.5157,38.3012,2015,5,20,0.5,0.134
3.9243,41.1321,2015,5,20,0.7,0.312
17.719,41.2626,2015,5,20,0.8,0.114
-25.1821,30.1144,2015,5,20,0.3,0.0242
-25.0053,10.1235,2015,5,20,0.6,0.0181
-33.1994,52.858,2015,5,20,0.6,3.614
-37.8598,44.4563,2015,5,20,0.8,2.27
-29.3933,13.8337,2015,5,20,0.6,0.0181
-49.6434,58.9787,2015,5,20,0.7,5.752
-40.5783,61.2292,2015,5,20,0.7,2.69
-49.7707,57.1166,2015,5,20,0.8,6.948
-57.7907,62.0211,2015,5,20,0.6,8.456
-54.4358,-54.7825,2015,5,20,0.2,0.387
-54.0397,-55.1251,2015,5,20,0.6,0.307
-148.8787,-19.0753,2015,5,20,0.5,0.0038
34.9884,43.1139,2015,5,20,0.7,0.214
-49.9608,22.4261,2015,5,21,1.1,0.0
31.3528,32.5262,2015,5,21,0.7,0.0712
31.285,-44.6309,2015,5,21,0.4,0.58
31.3152,-44.6794,2015,5,21,0.7,0.69
28.4003,33.5627,2015,5,21,0.7,0.0944
11.2139,39.3198,2015,5,21,0.7,0.121
20.1094,36.6438,2015,5,21,0.6,0.0249
18.4953,38.3003,2015,5,21,0.6,0.0784
26.3493,-41.9047,2015,5,21,0.8,0.597
27.9081,35.6663,2015,5,21,0.8,0.0629
17.7518,41.2729,2015,5,21,0.8,0.273
-23.8702,29.9514,2015,5,21,0.5,0.0238
-21.7033,-40.514,2015,5,21,0.6,0.42
-21.1504,-18.7442,2015,5,21,0.6,0.0256
-25.8127,-22.4881,2015,5,21,0.5,0.0181
-24.0422,-37.841,2015,5,21,0.4,0.26
-49.9491,22.4227,2015,5,21,1.1,0.0
-49.4919,58.9422,2015,5,21,0.7,6.033
-41.9535,57.17,2015,5,21,0.3,0.612
-49.6968,57.0535,2015,5,21,0.6,8.561
-54.4473,-54.7965,2015,5,21,0.6,0.394
-53.8617,-54.5179,2015,5,21,0.7,0.445
-49.938,22.4195,2015,5,21,1.5,0.0073
-148.8758,-19.0902,2015,5,21,0.4,0.0038
-7.076,69.902,2015,5,21,4.1,0.396
92.2204,17.5701,2015,5,22,0.5,0.0292
-49.9138,22.4125,2015,5,22,0.5,0.0
31.383,32.444,2015,5,22,0.1,0.0395
31.2488,-44.5622,2015,5,22,0.7,0.558
31.2875,-44.589,2015,5,22,0.7,0.69
11.1812,39.3038,2015,5,22,0.6,0.119
20.1158,36.6566,2015,5,22,0.2,0.0821
18.4711,38.3025,2015,5,22,0.6,0.159
5.9987,39.8016,2015,5,22,1.1,0.0876
5.2853,40.7393,2015,5,22,0.4,0.346
27.8476,35.6443,2015,5,22,0.4,0.0867
28.4247,33.5632,2015,5,22,0.6,0.0281
17.7781,41.2464,2015,5,22,0.5,0.151
-24.3671,60.061,2015,5,22,0.8,1.358
-49.4318,58.8791,2015,5,22,0.8,5.486
-49.5595,57.0516,2015,5,22,0.6,5.85
-50.9877,53.705,2015,5,22,0.6,1.241
-53.4797,-54.8158,2015,5,22,0.7,0.325
-53.803,-54.5036,2015,5,22,0.5,0.394
159.0026,-17.2426,2015,5,23,0.6,0.0391
10.84,-54.239,2015,5,23,4.4,0.206
74.9719,-48.25,2015,5,23,0.7,0.391
31.4002,32.3532,2015,5,23,0.7,0.0634
31.2124,-44.512,2015,5,23,0.6,0.591
31.245,-44.5391,2015,5,23,0.6,0.639
27.8026,35.6123,2015,5,23,0.6,0.0536
7.775,68.2848,2015,5,23,0.4,4.544
11.1525,39.2885,2015,5,23,0.6,0.0696
20.1101,36.6681,2015,5,23,0.5,0.0625
18.4579,38.3022,2015,5,23,0.1,0.15
91.2439,13.8821,2015,5,23,0.5,0.0934
-4.4075,35.84,2015,5,23,0.7,0.072
3.9057,38.2969,2015,5,23,0.7,0.186
24.8273,34.1818,2015,5,23,0.6,0.0622
28.3746,33.556,2015,5,23,0.5,0.0182
17.8132,41.2259,2015,5,23,0.8,0.189
27.2482,34.5734,2015,5,23,0.7,0.0572
27.1748,34.6108,2015,5,23,0.4,0.0698
-33.1368,52.7696,2015,5,23,0.7,0.562
-38.1937,44.3849,2015,5,23,0.8,1.015
-22.164,53.071,2015,5,23,4.2,0.213
13.743,-35.711,2015,5,23,4.3,0.342
-49.3994,58.8109,2015,5,23,0.4,5.117
-40.8505,61.0046,2015,5,23,0.8,2.88
-49.4351,57.0777,2015,5,23,0.5,4.165
-58.0126,62.2174,2015,5,23,0.3,7.862
-53.3575,-54.8268,2015,5,23,0.4,0.405
-54.0422,-55.0596,2015,5,23,0.6,0.27
-148.8297,-19.0972,2015,5,23,0.2,0.0266
-165.1568,-18.8011,2015,5,23,0.6,0.0072
-171.59,-17.6059,2015,5,23,0.6,0.0355
-2.777,65.091,2015,5,23,4.5,1.354
66.7489,18.9794,2015,5,24,0.5,0.00949
66.7198,17.5374,2015,5,24,0.4,0.0073
84.6326,-49.6273,2015,5,24,0.7,0.353
79.9984,-51.0784,2015,5,24,0.6,0.372
31.1785,-44.4764,2015,5,24,0.7,0.566
31.2156,-44.5007,2015,5,24,0.6,0.606
27.762,35.6,2015,5,24,0.6,0.0787
11.1299,39.2704,2015,5,24,0.8,0.0785
20.1066,36.6889,2015,5,24,0.7,0.0554
8.3377,-43.0595,2015,5,24,0.8,0.668
18.4438,38.3056,2015,5,24,0.2,0.135
27.2472,34.5564,2015,5,24,0.6,0.0846
24.8068,34.1454,2015,5,24,0.6,0.0675
27.1863,34.598,2015,5,24,0.7,0.0828
28.3303,33.5413,2015,5,24,0.6,0.0551
17.8324,41.197,2015,5,24,0.5,0.182
-49.4002,58.7501,2015,5,24,0.8,4.577
-42.1152,57.2605,2015,5,24,0.6,3.416
-49.3872,57.1585,2015,5,24,0.7,5.278
-54.4981,-54.6723,2015,5,24,0.5,0.383
-53.7921,-54.9509,2015,5,24,0.8,0.38
-148.8316,-19.1063,2015,5,24,0.8,0.0114
31.1182,-44.441,2015,5,25,0.8,0.555
31.148,-44.4704,2015,5,25,0.6,0.657
24.7835,34.1228,2015,5,25,0.6,0.0689
27.7132,35.5921,2015,5,25,0.3,0.111
28.2876,33.5136,2015,5,25,0.5,0.0361
11.0947,39.2599,2015,5,25,0.6,0.116
20.1248,36.7023,2015,5,25,0.7,0.0689
18.4244,38.3094,2015,5,25,0.6,0.125
69.0338,12.0876,2015,5,25,1.0,0.117
3.9025,41.1368,2015,5,25,0.6,0.635
27.2197,34.5386,2015,5,25,0.6,0.0609
27.1742,34.5845,2015,5,25,0.5,0.123
17.8659,41.1577,2015,5,25,1.0,0.177
-25.2123,29.9625,2015,5,25,0.3,0.0242
-24.9108,10.1659,2015,5,25,0.5,0.0181
-29.4116,13.8479,2015,5,25,0.6,0.0121
-24.5287,59.9501,2015,5,25,0.5,1.307
-49.4285,58.6892,2015,5,25,0.7,4.643
-49.3661,57.2413,2015,5,25,0.6,5.929
-50.5199,53.9324,2015,5,25,0.6,1.599
-53.8125,-54.4297,2015,5,25,0.6,0.412
-54.1586,-54.6884,2015,5,25,0.5,0.358
-148.8222,-19.1065,2015,5,25,0.7,0.019
35.0573,43.1801,2015,5,25,0.7,0.203
75.2604,-48.1892,2015,5,26,0.7,0.46
40.1779,-47.2024,2015,5,26,0.5,0.376
31.0787,-44.4162,2015,5,26,0.6,0.58
31.0822,-44.4333,2015,5,26,0.7,0.65
27.1987,34.54,2015,5,26,0.5,0.0569
24.7637,34.1085,2015,5,26,0.5,0.0443
27.1588,34.5844,2015,5,26,0.2,0.0497
27.67,35.5897,2015,5,26,0.3,0.0939
28.2419,33.489,2015,5,26,0.3,0.0375
32.5908,42.5198,2015,5,26,0.5,0.145
11.0553,39.2443,2015,5,26,0.7,0.113
20.1217,36.7031,2015,5,26,0.2,0.0422
18.4039,38.3202,2015,5,26,0.5,0.0911
17.9008,41.1475,2015,5,26,0.6,0.2
-24.015,30.2612,2015,5,26,0.7,0.0298
-21.6904,-40.6678,2015,5,26,0.6,0.36
-25.8944,-22.4862,2015,5,26,0.7,0.0363
-23.9413,-38.0517,2015,5,26,0.5,0.296
-33.0589,52.7044,2015,5,26,0.3,0.454
-38.4576,44.4127,2015,5,26,0.7,0.162
-40.6514,20.4373,2015,5,26,0.8,0.011
-49.5042,58.6195,2015,5,26,0.8,3.646
-41.358,60.4324,2015,5,26,0.6,2.737
-49.3677,57.3567,2015,5,26,0.8,5.256
-57.6897,62.0831,2015,5,26,0.4,8.582
-53.3499,-54.7452,2015,5,26,0.5,0.329
-53.9017,-54.4235,2015,5,26,0.6,0.318
-148.7824,-19.1248,2015,5,26,0.6,0.0342
92.3292,17.5306,2015,5,27,0.4,0.0208
40.0038,-46.9007,2015,5,27,0.6,0.325
38.9486,-46.9698,2015,5,27,0.6,0.303
31.0252,-44.3994,2015,5,27,0.7,0.533
31.0258,-44.4053,2015,5,27,0.8,0.595
27.1948,34.5431,2015,5,27,0.2,0.0563
24.7407,34.1008,2015,5,27,0.6,0.0691
27.1585,34.5836,2015,5,27,0.6,0.111
27.6756,35.5839,2015,5,27,0.5,0.0928
28.2032,33.4612,2015,5,27,0.4,0.0616
10.9991,39.2261,2015,5,27,0.7,0.128
18.3854,38.3318,2015,5,27,0.4,0.122
6.2869,39.8439,2015,5,27,0.7,0.168
4.9657,40.7485,2015,5,27,0.8,0.564
20.0964,36.6891,2015,5,27,0.5,0.123
17.9236,41.1502,2015,5,27,0.6,0.17
20.0903,36.6934,2015,5,27,0.5,0.177
-36.1672,21.0394,2015,5,27,0.7,0.0144
-49.6522,58.552,2015,5,27,0.4,3.741
-42.1558,57.3162,2015,5,27,0.5,4.482
-49.3644,57.5034,2015,5,27,0.7,4.73
-53.8206,-54.9974,2015,5,27,0.4,0.409
-53.3723,-54.5298,2015,5,27,0.7,0.288
-148.7697,-19.1369,2015,5,27,0.6,0.057
28.9704,43.1601,2015,5,27,0.6,0.373
158.7151,-17.2594,2015,5,28,0.7,0.0675
15.679,-46.913,2015,5,28,4.1,0.608
30.9358,-44.3979,2015,5,28,0.6,0.544
87.621,13.063,2015,5,28,4.2,0.0657
65.861,-51.7642,2015,5,28,0.7,0.302
30.9609,-44.3909,2015,5,28,0.7,0.54
30.9166,-44.3977,2015,5,28,0.7,0.551
24.7118,34.0895,2015,5,28,0.4,0.0555
27.1806,34.5563,2015,5,28,0.7,0.0389
21.4128,-48.9715,2015,5,28,0.8,0.18
7.9736,68.1165,2015,5,28,0.7,3.914
10.9368,39.2049,2015,5,28,0.7,0.127
13.1836,-39.9446,2015,5,28,0.5,0.548
7.7302,-42.5773,2015,5,28,0.7,0.504
15.822,-49.1316,2015,5,28,0.7,0.467
91.2304,13.8804,2015,5,28,0.4,0.0365
-4.3959,35.8376,2015,5,28,0.7,0.0072
3.94,38.257,2015,5,28,0.3,0.109
20.0946,36.689,2015,5,28,0.5,0.105
17.9296,41.1521,2015,5,28,0.8,0.219
20.0883,36.6965,2015,5,28,0.3,0.17
-24.8772,59.7492,2015,5,28,0.7,1.617
-49.9197,58.5215,2015,5,28,0.6,5.632
-49.3108,57.706,2015,5,28,0.6,2.869
-50.3435,54.1658,2015,5,28,0.5,2.442
30.8945,-44.3976,2015,5,28,0.4,0.631
-54.4798,-54.7541,2015,5,28,0.5,0.329
-53.4933,-54.8344,2015,5,28,0.5,0.358
-148.7541,-19.124,2015,5,28,0.6,0.0494
-165.1031,-18.6378,2015,5,28,0.7,0.0
-171.653,-17.723,2015,5,28,0.6,0.0391
84.6432,-49.3303,2015,5,29,0.6,0.45
30.8615,-44.3883,2015,5,29,0.6,0.61
80.5554,-51.153,2015,5,29,0.7,0.307
75.1562,-48.599,2015,5,29,0.6,0.507
64.4975,-51.2333,2015,5,29,0.4,0.299
30.9059,-44.3696,2015,5,29,0.6,0.511
30.8529,-44.3847,2015,5,29,0.7,0.584
24.6783,34.0844,2015,5,29,0.5,0.0625
27.168,34.5275,2015,5,29,0.6,0.0448
10.8827,39.1847,2015,5,29,0.7,0.127
20.0848,36.6905,2015,5,29,0.6,0.0724
17.9574,41.1452,2015,5,29,0.1,0.133
20.0812,36.6971,2015,5,29,0.8,0.0612
-32.9223,52.6552,2015,5,29,0.7,0.968
-38.6306,44.4503,2015,5,29,0.3,0.175
30.8437,-44.381,2015,5,29,0.7,0.584
-50.2459,58.5238,2015,5,29,0.8,2.847
-41.3281,60.0839,2015,5,29,0.8,6.212
-49.2726,57.8788,2015,5,29,0.7,3.514
-57.9379,62.1028,2015,5,29,0.5,2.452
-53.9941,-54.4491,2015,5,29,0.6,0.343
-54.1863,-54.8679,2015,5,29,0.7,0.318
-148.7268,-19.154,2015,5,29,0.3,0.0494
30.7614,-44.3823,2015,5,30,0.8,0.591
30.811,-44.3731,2015,5,30,0.8,0.551
30.7364,-44.3823,2015,5,30,0.6,0.193
24.661,34.0755,2015,5,30,0.6,0.0519
27.1455,34.5067,2015,5,30,0.3,0.111
10.8398,39.1916,2015,5,30,0.7,0.0618
4.0483,40.9457,2015,5,30,0.5,0.192
20.069,36.6919,2015,5,30,0.6,0.0668
17.9836,41.1293,2015,5,30,0.6,0.166
20.0672,36.6966,2015,5,30,0.7,0.0807
-24.8739,10.2532,2015,5,30,0.5,0.0545
-29.429,13.8681,2015,5,30,0.7,0.0545
30.7091,-44.3822,2015,5,30,0.8,0.522
-50.6144,58.4965,2015,5,30,0.6,2.34
-42.4438,57.2717,2015,5,30,0.8,3.308
-49.2571,57.9593,2015,5,30,0.7,2.041
-53.5199,-54.5442,2015,5,30,0.7,0.307
-54.4564,-54.4715,2015,5,30,0.6,0.318
-148.7382,-19.1896,2015,5,30,0.8,0.0608
30.6563,-44.3948,2015,5,30,0.6,0.562
30.6154,-44.4004,2015,5,31,0.7,0.476
30.5992,-44.4026,2015,5,31,0.7,0.062
5.722,-43.871,2015,5,31,4.6,0.482
-49.5516,22.335,2015,5,31,0.7,0.00183
30.7643,-44.3837,2015,5,31,0.7,0.485
30.5909,-44.4036,2015,5,31,0.7,0.162
27.1683,-42.2217,2015,5,31,1.5,0.498
11.4948,40.753,2015,5,31,0.6,0.12
10.8384,39.2186,2015,5,31,0.4,0.108
20.056,36.7087,2015,5,31,0.2,0.0883
18.0189,41.1325,2015,5,31,0.1,0.144
20.0557,36.713,2015,5,31,0.4,0.0439
10.8351,39.2214,2015,5,31,0.7,0.105
-24.1208,30.7314,2015,5,31,0.7,0.0119
-21.7523,-40.7707,2015,5,31,0.5,0.306
-21.0653,-18.7335,2015,5,31,0.6,0.0256
30.5811,-44.4047,2015,5,31,0.6,0.259
-25.989,-22.4961,2015,5,31,0.7,0.0363
-23.874,-38.2626,2015,5,31,0.5,0.212
30.5722,-44.4058,2015,5,31,0.8,0.518
-25.0872,59.6066,2015,5,31,0.7,1.259
-49.5411,22.3328,2015,5,31,1.1,0.0233
-50.9913,58.4714,2015,5,31,0.5,2.372
-49.2383,58.0226,2015,5,31,0.4,2.016
-49.9466,54.1399,2015,5,31,0.7,2.245
-53.4624,-54.7099,2015,5,31,0.8,0.31
-53.7803,-54.2762,2015,5,31,0.4,0.336
30.5578,-44.4074,2015,5,31,0.7,0.54
-49.5308,22.3307,2015,5,31,1.5,0.0073
-148.7507,-19.2021,2015,5,31,0.7,0.0646
35.1009,43.2575,2015,5,31,0.5,0.313
-7.054,69.053,2015,5,31,4.2,0.666
92.45,17.5477,2015,6,1,0.4,0.0
75.2651,-48.8901,2015,6,1,0.5,0.46
30.5191,-44.4247,2015,6,1,0.8,0.232
-49.5086,22.3261,2015,6,1,1.2,0.00365
30.6738,-44.3681,2015,6,1,0.4,0.511
27.1678,34.4951,2015,6,1,0.3,0.0599
27.6789,35.5728,2015,6,1,0.6,0.0695
28.0104,33.3169,2015,6,1,0.4,0.0258
30.5127,-44.4288,2015,6,1,0.7,0.195
18.3393,38.3347,2015,6,1,0.7,0.106
20.0461,36.7235,2015,6,1,0.5,0.0423
6.3991,39.7232,2015,6,1,1.2,0.0
4.543,41.0743,2015,6,1,0.6,0.162
11.4848,40.7443,2015,6,1,0.5,0.102
10.8081,39.2293,2015,6,1,0.5,0.117
18.0942,41.1251,2015,6,1,0.5,0.114
20.0433,36.7299,2015,6,1,0.7,0.0835
10.8061,39.2315,2015,6,1,0.7,0.102
30.5075,-44.432,2015,6,1,0.7,0.197
-32.737,52.602,2015,6,1,0.3,1.328
-38.8081,44.4697,2015,6,1,0.4,0.177
30.5015,-44.4358,2015,6,1,0.7,0.568
-42.22,59.6415,2015,6,1,0.4,3.303
-49.2611,58.0552,2015,6,1,0.7,1.667
-58.2114,62.1658,2015,6,1,0.8,4.882
-54.0187,-54.725,2015,6,1,0.5,0.361
-53.4246,-54.5524,2015,6,1,0.7,0.27
30.4921,-44.4417,2015,6,1,0.8,0.606
30.4787,-44.4501,2015,6,1,0.7,0.584
-148.7448,-19.2247,2015,6,1,0.6,0.0608
28.8026,43.1019,2015,6,1,0.6,0.296
5.667,70.934,2015,6,1,4.2,0.454
19.674,57.244,2015,6,1,4.9,1.393
30.4693,-44.459,2015,6,2,0.7,0.504
158.4478,-17.2644,2015,6,2,0.4,0.0284
30.4517,-44.4683,2015,6,2,0.7,0.591
30.435,-44.4771,2015,6,2,0.7,0.496
10.84,-54.239,2015,6,2,4.3,0.224
30.4209,-44.4845,2015,6,2,0.7,0.195
30.6045,-44.4012,2015,6,2,0.7,0.416
8.0359,67.9402,2015,6,2,0.6,0.605
30.416,-44.4929,2015,6,2,0.6,0.147
20.0253,36.7375,2015,6,2,0.5,0.101
91.2084,13.8637,2015,6,2,0.3,0.011
-4.3893,35.7867,2015,6,2,0.4,0.0576
3.9771,38.1257,2015,6,2,0.1,0.103
11.4685,40.7417,2015,6,2,0.2,0.0954
10.7712,39.2466,2015,6,2,0.3,0.0936
18.1587,41.1205,2015,6,2,1.0,0.15
20.0212,36.7441,2015,6,2,0.7,0.132
10.7674,39.2503,2015,6,2,0.5,0.135
30.4117,-44.5001,2015,6,2,0.7,0.339
13.483,-34.777,2015,6,2,4.1,0.3
-42.8811,57.1965,2015,6,2,0.6,0.418
-49.263,58.023,2015,6,2,0.8,1.098
30.4067,-44.5084,2015,6,2,0.7,0.527
-21.398,53.134,2015,6,2,4.4,0.236
-54.2782,-54.3337,2015,6,2,0.8,0.318
-53.5396,-54.751,2015,6,2,0.8,0.299
30.3994,-44.5208,2015,6,2,0.8,0.569
-148.7689,-19.2784,2015,6,2,0.6,0.0494
30.3882,-44.5396,2015,6,2,0.6,0.584
-165.0239,-18.5371,2015,6,2,0.5,0.0036
-171.82,-17.7465,2015,6,2,0.3,0.0248
66.8118,18.8949,2015,6,3,0.5,0.0307
66.7081,17.531,2015,6,3,0.5,0.00292
84.727,-48.9517,2015,6,3,0.7,0.382
81.2105,-51.034,2015,6,3,0.6,0.347
8.3956,-42.8157,2015,6,3,0.8,0.626
10.728,39.2694,2015,6,3,0.3,0.0856
19.9996,36.7545,2015,6,3,0.5,0.0896
19.9935,36.7628,2015,6,3,0.5,0.129
10.7218,39.2722,2015,6,3,0.2,0.11
11.4546,40.7399,2015,6,3,0.4,0.0687
18.2093,41.1234,2015,6,3,0.5,0.129
-25.1643,59.5379,2015,6,3,0.3,0.898
-49.3207,57.9903,2015,6,3,0.7,1.894
-49.3325,54.1544,2015,6,3,0.8,3.595
-54.0325,-54.0474,2015,6,3,0.6,0.307
-54.2256,-54.6349,2015,6,3,0.8,0.332
88.3,14.006,2015,6,3,4.3,0.073
-148.7942,-19.325,2015,6,3,0.7,0.0456
75.3207,-49.1047,2015,6,4,0.6,0.431
24.6011,34.0682,2015,6,4,0.4,0.0382
27.133,34.5044,2015,6,4,0.3,0.0577
10.6694,39.294,2015,6,4,0.6,0.101
19.9802,36.7774,2015,6,4,0.6,0.0352
19.976,36.7876,2015,6,4,0.7,0.12
10.6541,39.2986,2015,6,4,0.2,0.146
69.2944,12.4119,2015,6,4,0.5,0.0985
4.1828,40.7765,2015,6,4,0.7,0.298
11.4359,40.7358,2015,6,4,0.4,0.0985
18.2349,41.1292,2015,6,4,0.6,0.123
-24.9369,30.0335,2015,6,4,0.4,0.00605
-24.853,10.3649,2015,6,4,0.9,0.0847
-32.4894,52.5435,2015,6,4,0.3,1.714
-29.4253,13.8599,2015,6,4,0.6,0.0121
-42.7577,59.5068,2015,6,4,0.4,0.266
-39.0627,44.4566,2015,6,4,0.7,0.54
-49.3949,57.9947,2015,6,4,0.5,1.03
-58.5191,62.0672,2015,6,4,0.5,0.59
-53.7111,-54.0476,2015,6,4,0.2,0.329
-54.2183,-54.2794,2015,6,4,0.7,0.296
-148.8153,-19.3729,2015,6,4,0.6,0.0342
-116.493,-61.521,2015,6,5,4.2,0.184
-40.6611,20.6947,2015,6,5,1.2,0.0
41.0407,-46.5624,2015,6,5,0.7,0.292
32.5887,42.5036,2015,6,5,0.3,0.29
19.9607,36.8259,2015,6,5,0.6,0.0538
10.606,39.3294,2015,6,5,0.8,0.113
18.2446,41.1446,2015,6,5,0.5,0.174
-24.0956,31.1294,2015,6,5,0.5,0.0
-21.8759,-40.8724,2015,6,5,0.6,0.306
-26.113,-22.5262,2015,6,5,0.7,0.0545
-23.8451,-38.531,2015,6,5,0.5,0.272
-40.6615,20.7013,2015,6,5,1.2,0.0164
-43.1795,57.0631,2015,6,5,0.5,0.356
-49.4154,58.0187,2015,6,5,0.3,0.785
-53.4022,-54.2646,2015,6,5,0.8,0.277
-53.9011,-54.152,2015,6,5,0.7,0.299
-40.6619,20.7078,2015,6,5,2.0,0.0
-148.8447,-19.4074,2015,6,5,0.6,0.0304
0.594,-60.862,2015,6,5,4.6,0.112
35.0841,43.3595,2015,6,5,0.7,0.254
92.5658,17.5281,2015,6,6,0.5,0.00365
41.1768,-46.4492,2015,6,6,0.4,0.347
39.0769,-48.3305,2015,6,6,0.8,0.292
27.0581,34.518,2015,6,6,0.7,0.0477
27.624,35.5412,2015,6,6,0.3,0.0437
27.9609,33.143,2015,6,6,0.6,0.0461
28.667,43.01,2015,6,6,0.6,0.197
18.2935,38.3184,2015,6,6,0.5,0.129
18.2481,41.1698,2015,6,6,0.7,0.143
19.9601,36.8601,2015,6,6,0.7,0.0376
10.5577,39.3532,2015,6,6,0.7,0.267
6.1565,39.6399,2015,6,6,0.7,0.0146
4.569,41.3675,2015,6,6,0.7,0.231
-25.0796,59.396,2015,6,6,0.4,0.401
-36.3411,21.7933,2015,6,6,0.6,0.0144
-52.9558,57.9944,2015,6,6,0.2,0.763
-49.3944,58.0069,2015,6,6,0.7,0.778
-48.8611,54.3241,2015,6,6,0.8,6.468
-53.7554,-54.5813,2015,6,6,0.4,0.259
-53.6828,-54.2704,2015,6,6,0.8,0.299
-148.8656,-19.419,2015,6,6,0.7,0.0418
5.919,71.11,2015,6,6,4.4,4.046
158.1702,-17.2613,2015,6,7,0.7,0.0248
17.318,-46.954,2015,6,7,4.4,0.519
75.7401,-49.0586,2015,6,7,0.6,0.383
66.5211,-51.7079,2015,6,7,0.7,0.238
22.7962,-48.9814,2015,6,7,0.5,0.23
8.1548,67.9331,2015,6,7,0.5,0.551
13.6399,-40.7942,2015,6,7,0.3,0.489
7.8621,-42.4058,2015,6,7,0.3,0.403
15.7731,-48.7577,2015,6,7,0.7,0.401
91.1721,13.826,2015,6,7,0.2,0.011
-4.3488,35.684,2015,6,7,0.7,0.0504
4.1015,37.9649,2015,6,7,0.7,0.0704
-32.4013,52.5793,2015,6,7,0.7,0.554
-42.7843,59.1008,2015,6,7,0.7,0.318
-59.421,62.1783,2015,6,7,0.7,0.223
-54.5781,-54.394,2015,6,7,0.7,0.245
-53.9964,-54.5274,2015,6,7,0.7,0.248
-148.8692,-19.4433,2015,6,7,0.6,0.0418
-164.9808,-18.3828,2015,6,7,2.4,0.0036
-172.1609,-17.6627,2015,6,7,0.6,0.0178
85.2953,-48.5969,2015,6,8,0.3,0.385
82.5721,-50.9606,2015,6,8,0.6,0.332
64.5467,-51.3479,2015,6,8,0.4,0.266
-42.9168,56.9352,2015,6,8,0.7,0.254
-49.3801,57.8848,2015,6,8,0.4,0.292
-54.6021,-53.8745,2015,6,8,0.6,0.241
-54.6319,-54.3629,2015,6,8,0.4,0.314
-148.8847,-19.4704,2015,6,8,0.4,0.0342
24.5692,34.0395,2015,6,9,0.7,0.0327
27.1174,34.5181,2015,6,9,0.4,0.0882
11.4087,40.7285,2015,6,9,0.4,0.0596
10.4982,39.372,2015,6,9,0.5,0.123
19.9091,36.8327,2015,6,9,0.2,0.113
4.2588,40.716,2015,6,9,0.6,0.151
-24.8858,10.4778,2015,6,9,0.0,0.0302
-29.4143,13.8475,2015,6,9,0.6,0.0484
-24.7699,59.1427,2015,6,9,0.5,1.792
-53.7828,58.0848,2015,6,9,0.3,0.277
-49.3789,57.7997,2015,6,9,0.7,0.158
-48.8761,54.6218,2015,6,9,0.7,7.508
-54.107,-53.8053,2015,6,9,0.4,0.255
-54.629,-53.861,2015,6,9,0.5,0.259
-148.8967,-19.4996,2015,6,9,0.6,0.0342
76.0563,-48.9098,2015,6,10,0.7,0.321
-49.3552,22.2096,2015,6,10,1.3,0.0
27.9071,-42.5822,2015,6,10,0.9,0.547
-23.7906,31.1943,2015,6,10,0.6,0.0119
-22.0342,-40.9385,2015,6,10,0.6,0.312
-21.0866,-18.7121,2015,6,10,0.7,0.0365
-26.2594,-22.5754,2015,6,10,0.6,0.0302
-23.7354,-38.7245,2015,6,10,0.5,0.278
-32.3442,52.668,2015,6,10,0.8,0.99
-43.8669,58.7881,2015,6,10,0.6,0.58
-39.5745,44.3797,2015,6,10,0.4,0.173
-49.3803,57.7049,2015,6,10,0.7,0.227
-59.448,62.2199,2015,6,10,0.4,0.212
-53.9188,-54.0128,2015,6,10,0.7,0.223
-54.2303,-53.878,2015,6,10,0.7,0.285
-49.3466,22.2028,2015,6,10,0.7,0.0
-148.9081,-19.5278,2015,6,10,0.1,0.038
35.0109,43.4372,2015,6,10,0.6,0.436
-7.224,68.88,2015,6,10,4.4,3.154
92.6194,17.3824,2015,6,11,0.1,0.0197
-49.337,22.1952,2015,6,11,1.2,0.0
26.9807,34.5399,2015,6,11,0.5,0.0394
27.5867,35.558,2015,6,11,0.4,0.0757
28.2359,33.0434,2015,6,11,0.4,0.0653
28.4299,42.6711,2015,6,11,0.7,0.303
18.2527,38.3087,2015,6,11,0.4,0.123
18.31,41.1622,2015,6,11,0.8,0.0794
20.2255,37.3671,2015,6,11,0.7,0.147
10.4745,39.472,2015,6,11,0.2,0.178
5.9612,39.7608,2015,6,11,1.2,0.0073
4.586,41.4796,2015,6,11,0.5,0.235
-42.5578,57.1022,2015,6,11,0.8,0.601
-49.3364,57.5998,2015,6,11,0.3,0.158
-54.1261,-54.2567,2015,6,11,0.5,0.237
-54.3824,-54.0544,2015,6,11,0.5,0.23
-148.9172,-19.5585,2015,6,11,0.0,0.0266
157.9049,-17.2599,2015,6,12,0.7,0.0213
30.3324,-44.5797,2015,6,12,0.7,0.558
30.6382,-44.67,2015,6,12,0.7,0.409
8.0118,67.8646,2015,6,12,0.1,0.593
91.1636,13.7712,2015,6,12,0.5,0.011
-4.3541,35.6506,2015,6,12,0.7,0.072
4.1767,37.8993,2015,6,12,0.8,0.0577
-23.6636,31.0831,2015,6,12,0.6,0.0238
-24.2339,59.1642,2015,6,12,0.5,0.777
-20.104,52.039,2015,6,12,4.2,0.269
13.741,-34.097,2015,6,12,3.9,0.56
-54.2364,58.2453,2015,6,12,0.8,0.285
-49.228,57.4835,2015,6,12,0.3,0.198
-49.1568,54.7385,2015,6,12,0.7,2.745
-54.7442,-54.3097,2015,6,12,0.6,0.252
-54.809,-54.1084,2015,6,12,0.7,0.263
-148.9447,-19.5882,2015,6,12,0.1,0.0418
-164.8785,-18.318,2015,6,12,0.7,0.0108
-172.5247,-17.6423,2015,6,12,0.4,0.0532
-2.313,65.216,2015,6,12,4.5,0.439
66.7456,18.9858,2015,6,13,0.4,0.0329
66.5456,17.728,2015,6,13,0.5,0.0281
86.3942,-48.8859,2015,6,13,0.8,0.425
83.8354,-51.0568,2015,6,13,0.8,0.31
76.2418,-48.8638,2015,6,13,0.7,0.325
8.4703,-42.7352,2015,6,13,0.8,0.446
-32.2581,52.6921,2015,6,13,0.8,0.49
88.753,14.085,2015,6,13,4.3,0.117
-44.094,59.1292,2015,6,13,0.7,2.504
-39.8266,44.3501,2015,6,13,0.8,0.887
-49.1149,57.3693,2015,6,13,0.7,0.184
-59.4013,62.2828,2015,6,13,0.4,0.295
-55.4501,-53.9248,2015,6,13,0.7,0.248
-55.249,-53.8784,2015,6,13,0.5,0.263
-148.9823,-19.6236,2015,6,13,0.1,0.0532
24.5216,34.0339,2015,6,14,0.4,0.0658
27.1482,34.5393,2015,6,14,0.1,0.0657
11.4017,40.7303,2015,6,14,0.8,0.11
10.5489,39.5152,2015,6,14,0.4,0.143
19.8388,36.8836,2015,6,14,0.6,0.083
69.4398,12.6399,2015,6,14,0.4,0.108
4.2424,40.7454,2015,6,14,0.5,0.147
-24.945,30.39,2015,6,14,0.3,0.0
-23.6359,30.9048,2015,6,14,0.6,0.0
-24.945,10.6052,2015,6,14,0.7,0.0424
-29.3865,13.8557,2015,6,14,0.7,0.0363
-42.9773,57.2824,2015,6,14,0.7,0.443
-48.9891,57.2593,2015,6,14,0.6,0.176
-54.6153,-53.6817,2015,6,14,1.3,0.223
-54.7897,-53.7053,2015,6,14,0.8,0.321
-149.0313,-19.6638,2015,6,14,0.1,0.0456
-40.6376,20.8339,2015,6,15,0.7,0.0
42.8379,-46.9804,2015,6,15,0.7,0.391
32.6224,42.4802,2015,6,15,0.4,0.169
-0.173,-54.128,2015,6,15,4.2,0.162
-22.1225,-41.0282,2015,6,15,0.7,0.252
-24.9316,30.4436,2015,6,15,0.3,0.0
-23.6537,30.8031,2015,6,15,0.7,0.0
-26.4357,-22.6517,2015,6,15,0.6,0.0302
-23.4928,-38.922,2015,6,15,0.5,0.242
-24.3983,59.4357,2015,6,15,0.7,1.026
-40.6366,20.837,2015,6,15,0.8,0.0128
-48.758,57.1329,2015,6,15,0.3,0.198
-49.2714,54.69,2015,6,15,0.6,4.573
-54.3629,58.4953,2015,6,15,0.1,0.318
-54.3413,-53.9993,2015,6,15,0.6,0.204
-54.9795,-54.0087,2015,6,15,0.4,0.263
-149.0708,-19.6788,2015,6,15,0.1,0.0418
34.8959,43.5043,2015,6,15,0.6,0.311
19.627,57.219,2015,6,15,4.6,0.583
92.5954,17.3199,2015,6,16,0.6,0.0102
76.6123,-48.9034,2015,6,16,0.8,0.296
-40.6335,20.8469,2015,6,16,1.5,0.0
43.1289,-46.9581,2015,6,16,0.8,0.146
40.7338,-48.5614,2015,6,16,0.7,0.215
26.9736,34.544,2015,6,16,0.6,0.0492
27.5993,35.526,2015,6,16,0.6,0.0576
28.5586,33.0827,2015,6,16,0.1,0.0603
18.2119,38.2847,2015,6,16,0.5,0.09
18.5412,41.2273,2015,6,16,0.6,0.111
20.7249,37.2103,2015,6,16,0.5,0.102
10.5587,39.6057,2015,6,16,0.1,0.0712
28.573,42.2022,2015,6,16,0.7,0.199
6.0406,39.9311,2015,6,16,1.7,0.0073
4.4644,41.5276,2015,6,16,0.6,0.29
-23.6876,30.7013,2015,6,16,0.6,0.00595
-24.9252,30.493,2015,6,16,0.4,0.0121
-32.2297,52.7348,2015,6,16,0.6,0.727
-36.0426,22.3349,2015,6,16,0.7,0.0036
-44.9433,59.2995,2015,6,16,0.2,1.299
-40.0917,44.3093,2015,6,16,0.4,1.657
-48.4822,57.0542,2015,6,16,0.3,0.27
-59.2187,62.2493,2015,6,16,0.4,0.108
-54.2758,-54.1051,2015,6,16,0.5,0.237
-55.4869,-53.6474,2015,6,16,0.6,0.245
-149.0939,-19.7065,2015,6,16,0.1,0.0418
6.901,71.875,2015,6,16,4.3,3.082
157.6043,-17.2979,2015,6,17,0.6,0.032
18.36,-46.627,2015,6,17,4.1,0.576
66.653,-51.5908,2015,6,17,0.4,0.227
24.242,-48.9391,2015,6,17,0.8,0.31
8.2085,67.8584,2015,6,17,0.6,0.98
14.5255,-40.2483,2015,6,17,0.6,0.409
7.77,-42.2482,2015,6,17,0.8,0.382
15.716,-48.2512,2015,6,17,0.3,0.471
91.1786,13.7054,2015,6,17,0.6,0.0124
-4.5387,35.6639,2015,6,17,0.4,0.0451
4.026,37.913,2015,6,17,0.6,0.156
-24.9282,30.5525,2015,6,17,0.3,0.0
-43.3946,57.0444,2015,6,17,0.8,0.331
-48.2385,57.0317,2015,6,17,0.6,0.277
-54.2566,-54.1195,2015,6,17,0.7,0.193
-55.0374,-53.8457,2015,6,17,0.7,0.248
-149.1299,-19.7696,2015,6,17,0.1,0.0304
-164.8296,-18.2833,2015,6,17,0.6,0.0108
-172.852,-17.6899,2015,6,17,0.6,0.0355
86.8896,-49.2792,2015,6,18,0.7,0.407
86.2164,-50.8601,2015,6,18,0.8,0.318
64.9072,-51.4742,2015,6,18,0.7,0.237
-23.8318,30.548,2015,6,18,0.4,0.0119
-24.951,59.488,2015,6,18,0.8,0.931
-48.0491,57.0137,2015,6,18,0.7,0.547
-49.3734,54.6752,2015,6,18,0.7,5.285
-54.1001,58.6507,2015,6,18,0.7,0.376
-54.1395,-54.1101,2015,6,18,0.8,0.234
-55.4921,-53.7781,2015,6,18,0.4,0.263
-149.1456,-19.8157,2015,6,18,0.0,0.038
77.1932,-49.2377,2015,6,19,0.8,0.277
24.5305,34.0515,2015,6,19,0.2,0.0935
27.108,34.5236,2015,6,19,0.4,0.104
11.4243,40.7462,2015,6,19,0.7,0.104
10.7602,39.4824,2015,6,19,0.7,0.0811
19.7717,36.9198,2015,6,19,0.5,0.0461
4.5559,40.884,2015,6,19,0.8,0.158
-23.9276,30.5012,2015,6,19,0.5,0.00595
-25.0156,10.7289,2015,6,19,0.5,0.0666
-32.2358,52.7698,2015,6,19,0.7,0.875
-29.3777,13.8852,2015,6,19,0.6,0.0424
-40.4156,44.2443,2015,6,19,0.3,0.708
-59.3486,62.0898,2015,6,19,0.8,0.209
-54.0196,-54.1246,2015,6,19,0.2,0.164
-55.1394,-53.6513,2015,6,19,0.7,0.274
-149.1484,-19.8405,2015,6,19,0.1,0.0304
-49.3923,22.2041,2015,6,20,1.1,0.00475
28.6073,-42.5456,2015,6,20,0.8,0.354
-22.2889,-41.0952,2015,6,20,0.6,0.27
-21.1262,-18.7076,2015,6,20,0.7,0.0329
-24.0347,30.4682,2015,6,20,0.5,0.0119
-24.9266,30.7778,2015,6,20,0.3,0.115
-26.6648,-22.7509,2015,6,20,0.1,0.0424
-23.1849,-39.0455,2015,6,20,0.6,0.26
-49.3939,22.2044,2015,6,20,2.0,0.0256
-43.0622,56.9173,2015,6,20,0.7,0.328
-54.0013,-54.0894,2015,6,20,0.4,0.168
-55.2867,-53.9094,2015,6,20,0.6,0.263
-49.3958,22.2048,2015,6,20,1.3,0.00365
-149.1504,-19.8664,2015,6,20,0.1,0.0456
34.7229,43.5648,2015,6,20,0.6,0.266
92.6167,17.2381,2015,6,21,0.4,0.00839
-49.399,22.2055,2015,6,21,0.7,0.0
26.9781,34.5923,2015,6,21,0.7,0.0453
27.59,35.5458,2015,6,21,0.3,0.0637
28.7834,33.2565,2015,6,21,0.3,0.0244
28.915,41.8637,2015,6,21,0.6,0.618
18.2145,38.2651,2015,6,21,0.2,0.0722
18.3775,41.3361,2015,6,21,0.0,0.113
20.3584,37.0034,2015,6,21,0.5,0.0744
10.6737,39.6682,2015,6,21,0.7,0.18
6.2587,39.8856,2015,6,21,0.6,0.0219
4.2956,41.5303,2015,6,21,0.3,0.181
-24.9104,30.8695,2015,6,21,0.2,0.0424
-24.1606,30.4416,2015,6,21,0.7,0.0119
-25.3389,59.3631,2015,6,21,0.7,1.066
-47.4375,56.8416,2015,6,21,0.7,0.648
-49.3131,54.7909,2015,6,21,0.8,4.975
-53.8914,58.6556,2015,6,21,0.8,1.288
-54.0451,-53.9634,2015,6,21,0.5,0.161
-55.6317,-53.7522,2015,6,21,0.6,0.266
-149.1831,-19.8957,2015,6,21,0.1,0.038
157.2984,-17.3523,2015,6,22,0.7,0.0213
77.7505,-49.5943,2015,6,22,0.7,0.303
30.8515,-44.7287,2015,6,22,0.7,0.369
31.2955,-44.4932,2015,6,22,0.7,0.423
8.8167,67.9818,2015,6,22,0.7,0.194
91.2104,13.7135,2015,6,22,0.4,0.031
-4.8289,35.918,2015,6,22,0.6,0.0828
3.8303,37.9204,2015,6,22,0.3,0.0924
-18.729,52.516,2015,6,22,4.4,0.504
-24.2766,30.429,2015,6,22,0.6,0.0179
-24.89,30.9471,2015,6,22,0.3,0.0
14.345,-33.4,2015,6,22,4.1,0.401
-32.2885,52.837,2015,6,22,0.7,0.346
-47.4252,60.0951,2015,6,22,0.4,0.394
-40.7368,44.0626,2015,6,22,0.7,0.485
-59.4332,61.7919,2015,6,22,0.5,0.108
-53.8814,-53.7516,2015,6,22,0.8,0.204
-55.3655,-53.6283,2015,6,22,0.5,0.281
-149.2223,-19.9284,2015,6,22,0.1,0.0266
-164.7308,-18.2582,2015,6,22,0.7,0.0108
-172.9043,-17.6959,2015,6,22,0.6,0.0355
-2.167,65.379,2015,6,22,4.6,1.876
19.676,57.24,2015,6,22,4.5,0.619
66.8869,19.215,2015,6,23,0.1,0.131
66.5524,17.9588,2015,6,23,0.5,0.154
87.4798,-49.2118,2015,6,23,0.9,0.385
87.1819,-50.9447,2015,6,23,0.7,0.336
8.2993,-42.7623,2015,6,23,0.5,0.544
-24.3801,30.4293,2015,6,23,0.6,0.00595
-24.864,31.0244,2015,6,23,0.3,0.0
-43.1323,57.1967,2015,6,23,0.6,0.72
-53.4203,-53.3464,2015,6,23,0.6,0.183
-55.3676,-53.829,2015,6,23,0.7,0.255
-153.011,-38.84,2015,6,23,4.3,0.306
-149.2625,-19.9525,2015,6,23,0.1,0.0228
24.5258,34.0394,2015,6,24,0.6,0.0691
27.1765,34.5311,2015,6,24,0.1,0.0903
11.4448,40.7173,2015,6,24,0.5,0.0765
10.7602,39.3775,2015,6,24,0.4,0.085
19.7368,36.8945,2015,6,24,0.7,0.0201
69.5277,12.5295,2015,6,24,0.2,0.0767
4.564,40.6019,2015,6,24,0.5,0.148
-24.48,30.4319,2015,6,24,0.2,0.00595
-24.8248,31.0903,2015,6,24,0.2,0.0424
-25.0965,10.8538,2015,6,24,0.0,0.0181
-29.3771,13.9321,2015,6,24,0.6,0.0484
-25.4716,59.1857,2015,6,24,0.7,1.168
-46.8404,56.5512,2015,6,24,0.6,2.29
-49.4796,54.8413,2015,6,24,0.6,2.551
-53.84,58.575,2015,6,24,0.2,4.727
-52.8987,-53.0914,2015,6,24,0.5,0.179
-55.6805,-53.8185,2015,6,24,0.3,0.259
-149.269,-19.9673,2015,6,24,0.8,0.0456
77.9276,-49.6913,2015,6,25,0.7,0.27
44.4734,-46.8181,2015,6,25,0.7,0.263
32.765,42.4573,2015,6,25,0.7,0.424
-26.9322,-22.8683,2015,6,25,0.7,0.0181
-22.9166,-39.0919,2015,6,25,0.4,0.218
-22.4032,-41.1513,2015,6,25,0.5,0.204
-32.3899,52.908,2015,6,25,0.8,1.058
-40.4339,20.8523,2015,6,25,0.5,0.00779
-40.9913,43.6041,2015,6,25,0.7,0.168
-59.3646,61.6099,2015,6,25,0.3,0.112
-52.5356,-52.8409,2015,6,25,0.6,0.215
-55.8637,-53.69,2015,6,25,0.7,0.252
-0.18,-54.018,2015,6,25,4.8,0.13
-149.2858,-19.9793,2015,6,25,0.1,0.0304
34.5326,43.6113,2015,6,25,0.5,0.234
92.6876,17.1416,2015,6,26,0.5,0.0208
-40.4162,20.8522,2015,6,26,1.2,0.0
44.7325,-46.7332,2015,6,26,0.8,0.281
40.5446,-48.2116,2015,6,26,0.8,0.183
25.374,-54.02,2015,6,26,4.9,0.35
27.0147,34.6103,2015,6,26,0.4,0.0586
27.5603,35.5639,2015,6,26,0.5,0.0404
28.8364,33.4674,2015,6,26,0.3,0.0607
29.3962,41.6351,2015,6,26,0.7,0.205
18.2294,38.2646,2015,6,26,0.5,0.0951
17.9715,41.2395,2015,6,26,0.6,0.123
19.8381,37.3018,2015,6,26,1.1,0.0561
10.7384,39.6602,2015,6,26,0.7,0.177
6.4458,39.6857,2015,6,26,1.2,0.0
4.1574,41.4895,2015,6,26,0.7,0.143
-24.6512,30.4869,2015,6,26,0.7,0.00595
-24.7287,31.1959,2015,6,26,0.3,0.0
-35.6102,22.2674,2015,6,26,0.6,0.0036
-43.543,57.164,2015,6,26,0.8,0.428
-52.4182,-52.5656,2015,6,26,0.8,0.219
-55.7332,-53.6607,2015,6,26,0.5,0.252
-149.3257,-19.9922,2015,6,26,0.6,0.0418
18.966,-46.554,2015,6,27,4.2,0.41
156.9681,-17.4292,2015,6,27,0.7,0.0816
66.538,-51.3393,2015,6,27,0.7,0.191
27.06,-48.5324,2015,6,27,0.8,0.259
9.3175,68.1821,2015,6,27,0.1,1.047
15.0017,-41.2321,2015,6,27,0.3,0.401
15.9513,-47.6995,2015,6,27,0.6,0.369
91.2163,13.8122,2015,6,27,0.2,0.0814
7.2116,-42.0407,2015,6,27,0.8,0.385
3.6647,37.9641,2015,6,27,0.8,0.0408
-24.7468,30.5391,2015,6,27,0.6,0.0119
-25.479,59.0735,2015,6,27,0.3,0.405
-46.3476,56.4257,2015,6,27,0.5,4.136
-49.408,54.9465,2015,6,27,0.3,1.263
-53.7513,58.3375,2015,6,27,0.3,2.183
-52.4967,-52.375,2015,6,27,0.7,0.245
-55.8126,-53.7658,2015,6,27,0.3,0.062
-2.06,65.387,2015,6,27,4.2,1.58
-149.3488,-20.0107,2015,6,27,0.1,0.0494
-164.5992,-18.3213,2015,6,27,0.6,0.0072
-172.9676,-17.6876,2015,6,27,0.4,0.032
89.0045,-48.6558,2015,6,28,0.8,0.139
87.2779,-50.7982,2015,6,28,0.4,0.27
77.9484,-49.6232,2015,6,28,0.6,0.245
65.4548,-51.6131,2015,6,28,0.6,0.212
-24.8128,30.6135,2015,6,28,0.7,0.0119
-32.3021,52.977,2015,6,28,0.7,1.292
-41.2631,43.1177,2015,6,28,0.4,0.982
-59.122,61.6477,2015,6,28,0.7,0.126
-53.6719,58.2915,2015,6,28,0.7,1.15
-52.6204,-52.264,2015,6,28,0.4,0.186
-56.0967,-53.7573,2015,6,28,0.7,0.104
-126.183,-51.926,2015,6,28,4.7,0.184
-149.3882,-20.0331,2015,6,28,0.1,0.0266
14.476,-39.678,2015,6,29,4.4,0.84
24.4946,34.0579,2015,6,29,0.2,0.0546
27.1437,34.4822,2015,6,29,0.1,0.11
11.461,40.6939,2015,6,29,0.6,0.129
10.6675,39.3315,2015,6,29,0.6,0.0893
19.7934,36.8725,2015,6,29,0.6,0.0343
4.693,40.7924,2015,6,29,0.6,0.0563
-24.8493,30.6938,2015,6,29,0.6,0.00595
-24.5593,31.2992,2015,6,29,0.2,0.0181
-25.199,10.9629,2015,6,29,0.0,0.00605
-29.3912,14.0029,2015,6,29,0.7,0.0666
-43.6502,56.8538,2015,6,29,0.7,0.5
-53.6117,58.2615,2015,6,29,0.5,0.807
-52.8295,-52.1916,2015,6,29,0.8,0.172
-56.4144,-53.6777,2015,6,29,0.4,0.219
-149.4273,-20.0483,2015,6,29,0.1,0.0418
19.681,57.238,2015,6,29,4.8,0.695
-49.5257,22.2089,2015,6,30,0.6,0.00365
29.0399,-42.09,2015,6,30,0.8,0.316
-21.1989,-18.6683,2015,6,30,0.6,0.0438
-24.8555,30.7735,2015,6,30,0.6,0.0119
-24.4849,31.3186,2015,6,30,0.1,0.0242
-27.2223,-23.0252,2015,6,30,0.3,0.0302
-22.7046,-39.062,2015,6,30,0.6,0.242
-22.576,-41.2062,2015,6,30,0.6,0.264
-25.4528,59.0925,2015,6,30,0.8,0.639
-49.5293,22.2089,2015,6,30,1.4,0.0
-46.328,56.2843,2015,6,30,0.4,0.601
-49.1829,54.8757,2015,6,30,0.3,0.223
-53.5486,58.2297,2015,6,30,0.7,1.657
-53.15,-52.1999,2015,6,30,0.7,0.223
-56.4474,-53.5215,2015,6,30,0.3,0.0547
-49.5329,22.2089,2015,6,30,1.3,0.0693
-149.4697,-20.0602,2015,6,30,0.1,0.0418
-6.791,67.888,2015,6,30,4.1,0.594
92.8966,17.0736,2015,7,1,0.6,0.0201
78.2259,-49.4366,2015,7,1,0.8,0.245
-49.5407,22.2089,2015,7,1,1.3,0.0
27.0414,34.6217,2015,7,1,0.6,0.0469
27.605,35.5846,2015,7,1,0.6,0.0463
28.6568,33.6017,2015,7,1,0.1,0.0563
29.8264,41.5693,2015,7,1,0.8,0.172
18.2251,38.2536,2015,7,1,0.6,0.0421
18.0757,41.0941,2015,7,1,0.5,0.153
20.2336,37.5611,2015,7,1,1.0,0.0431
10.752,39.6164,2015,7,1,0.6,0.154
6.4292,39.4943,2015,7,1,1.2,0.0073
4.05,41.3449,2015,7,1,0.5,0.11
-24.403,31.338,2015,7,1,0.2,0.0
-24.8478,30.8428,2015,7,1,0.7,0.0119
-53.3896,58.2144,2015,7,1,0.6,0.902
-53.517,-52.4075,2015,7,1,0.3,0.172
-56.1058,-53.5179,2015,7,1,0.7,0.0511
-149.513,-20.082,2015,7,1,0.1,0.0418
34.3133,43.6331,2015,7,1,0.7,0.225
6.807,71.426,2015,7,1,4.4,0.569
156.6316,-17.4538,2015,7,2,0.8,0.032
27.701,-49.207,2015,7,2,4.4,0.27
31.7093,-44.5476,2015,7,2,0.7,0.365
31.6962,-44.0799,2015,7,2,0.5,0.409
9.4518,68.2497,2015,7,2,0.8,0.78
91.1974,13.8512,2015,7,2,0.6,0.011
3.5421,38.0538,2015,7,2,0.7,0.0865
-4.3282,46.8951,2015,7,2,0.1,0.0242
-24.8225,30.9105,2015,7,2,0.6,0.00595
14.311,-32.449,2015,7,2,4.2,0.332
-17.378,52.776,2015,7,2,4.1,0.356
-53.2146,58.2819,2015,7,2,0.3,1.142
-53.7876,-52.7119,2015,7,2,0.6,0.201
-56.1238,-53.6673,2015,7,2,0.5,0.0635
-149.5744,-20.0887,2015,7,2,0.1,0.0532
-164.4865,-18.3388,2015,7,2,0.7,0.0216
-172.9567,-17.6347,2015,7,2,0.4,0.0178
-1.874,65.38,2015,7,2,4.9,0.432
66.9007,19.3698,2015,7,3,0.6,0.161
66.6715,18.2235,2015,7,3,0.7,0.0511
89.0619,-47.5588,2015,7,3,0.7,0.169
87.1533,-50.7494,2015,7,3,0.6,0.252
7.7899,-42.628,2015,7,3,0.5,0.491
-4.3171,46.9073,2015,7,3,0.7,0.0302
-24.7698,30.9682,2015,7,3,0.6,0.00595
-32.0468,53.1683,2015,7,3,0.6,1.422
-41.4025,42.7324,2015,7,3,0.2,0.518
-46.3559,56.2428,2015,7,3,0.7,0.511
-49.4034,54.7432,2015,7,3,0.5,0.135
-58.7073,61.9428,2015,7,3,0.3,0.0864
-53.261,58.375,2015,7,3,0.7,0.537
-54.0938,-52.854,2015,7,3,0.3,0.204
-56.4354,-53.6377,2015,7,3,0.4,0.133
-149.6171,-20.0643,2015,7,3,0.1,0.0456
78.7892,-49.1676,2015,7,4,0.1,0.299
24.4798,34.0644,2015,7,4,0.1,0.0513
27.0674,34.5134,2015,7,4,0.4,0.0685
11.4796,40.6695,2015,7,4,0.9,0.0738
10.5711,39.3026,2015,7,4,0.6,0.128
19.8569,36.882,2015,7,4,0.6,0.0345
69.5493,12.2921,2015,7,4,0.4,0.011
4.9129,40.6695,2015,7,4,0.7,0.0384
-4.3109,46.9224,2015,7,4,1.0,0.0302
-24.6966,31.0065,2015,7,4,0.7,0.00595
-24.2464,31.254,2015,7,4,0.2,0.0
-25.3037,11.0475,2015,7,4,0.0,0.0545
-29.3876,14.0694,2015,7,4,0.6,0.0484
-43.162,56.9361,2015,7,4,0.5,2.268
-53.4814,58.3657,2015,7,4,0.7,1.248
-54.6275,-52.8562,2015,7,4,0.7,0.201
-56.5299,-53.4663,2015,7,4,0.5,0.0613
-149.6307,-20.0812,2015,7,4,0.1,0.0456
1.336,-66.414,2015,7,5,4.9,0.0432
46.0035,-47.0811,2015,7,5,0.6,0.274
32.9545,42.4506,2015,7,5,0.8,0.163
88.7354,-20.001,2015,7,5,2.8,0.063
-4.311,46.9264,2015,7,5,2.6,0.0321
-24.6372,31.0292,2015,7,5,0.6,0.0119
-24.2045,31.2047,2015,7,5,0.2,0.00605
-27.4952,-23.2233,2015,7,5,0.7,0.0363
-22.59,-39.0359,2015,7,5,0.5,0.266
-22.7132,-41.307,2015,7,5,0.6,0.33
-25.1483,59.1779,2015,7,5,0.3,1.208
-53.4453,58.26,2015,7,5,0.7,0.982
-55.2333,-52.9781,2015,7,5,0.6,0.193
-56.3914,-53.3374,2015,7,5,0.7,0.12
88.7438,-19.9902,2015,7,5,4.2,0.0558
-149.6705,-20.1355,2015,7,5,0.1,0.0532
88.7385,-19.9822,2015,7,5,4.2,0.0504
88.185,12.41,2015,7,5,4.0,0.153
93.1831,16.9608,2015,7,6,0.4,0.0219
86.8746,-19.9768,2015,7,6,4.1,0.112
88.7446,-19.9789,2015,7,6,4.0,0.027
-113.303,-62.906,2015,7,6,4.5,0.0792
45.9994,-46.9613,2015,7,6,0.8,0.274
40.7728,-48.6902,2015,7,6,0.7,0.186
86.8669,-19.9539,2015,7,6,4.2,0.064
27.0612,34.6389,2015,7,6,0.3,0.0587
27.5923,35.5169,2015,7,6,0.6,0.0555
28.3433,33.5704,2015,7,6,0.5,0.0289
30.4337,41.6247,2015,7,6,0.6,0.108
88.7386,-19.9733,2015,7,6,3.8,0.0504
18.2249,38.2466,2015,7,6,0.7,0.0435
18.5162,41.1764,2015,7,6,1.0,0.126
20.6879,37.0039,2015,7,6,0.9,0.0737
10.7493,39.5571,2015,7,6,0.6,0.141
6.1639,39.3556,2015,7,6,1.2,0.0
4.1346,41.2227,2015,7,6,0.4,0.129
-4.3139,46.9313,2015,7,6,2.3,0.0302
-24.5786,31.0328,2015,7,6,0.4,0.0179
-46.1914,56.1815,2015,7,6,0.6,0.576
-49.3342,54.7904,2015,7,6,0.5,0.146
86.863,-19.9336,2015,7,6,4.4,0.134
-53.2664,58.2468,2015,7,6,0.7,1.015
-55.4961,-53.2152,2015,7,6,0.6,0.175
-56.1029,-53.3237,2015,7,6,0.6,0.0511
88.7489,-19.9726,2015,7,6,4.1,0.063
-149.7485,-20.15,2015,7,6,0.1,0.0456
86.8655,-19.9094,2015,7,6,4.1,0.124
88.7513,-19.9697,2015,7,6,4.1,0.0666
34.1368,43.6348,2015,7,6,0.7,0.124
19.466,-46.419,2015,7,7,4.0,0.423
156.2741,-17.4426,2015,7,7,0.5,0.0213
86.8628,-19.8835,2015,7,7,4.0,0.058
88.7581,-19.9719,2015,7,7,3.6,0.0288
79.6569,-49.264,2015,7,7,0.7,0.383
66.3099,-51.1717,2015,7,7,0.3,0.223
86.8574,-19.8575,2015,7,7,4.1,0.032
27.1479,-50.0522,2015,7,7,0.7,0.288
88.7538,-19.9752,2015,7,7,4.3,0.0396
9.4751,68.2883,2015,7,7,0.2,1.283
15.6255,-40.8506,2015,7,7,0.5,0.266
17.6758,-47.0961,2015,7,7,0.8,0.358
91.1861,13.8395,2015,7,7,0.6,0.0329
3.4394,38.0747,2015,7,7,0.6,0.0769
-4.3233,46.9316,2015,7,7,1.3,0.0424
-24.5239,31.003,2015,7,7,0.6,0.00595
86.844,-19.8277,2015,7,7,4.1,0.116
-53.1732,58.2614,2015,7,7,0.3,0.883
-55.786,-53.6965,2015,7,7,0.7,0.204
-55.9923,-53.5135,2015,7,7,0.7,0.0547
88.7676,-19.9854,2015,7,7,4.3,0.0522
-149.7787,-20.1392,2015,7,7,0.1,0.0418
86.8372,-19.7997,2015,7,7,3.9,0.086
88.7707,-19.9868,2015,7,7,2.9,0.0684
-164.2686,-18.5251,2015,7,7,0.5,0.0108
-172.7378,-17.6177,2015,7,7,0.3,0.032
86.827,-19.7699,2015,7,8,4.1,0.072
88.7802,-19.9962,2015,7,8,3.7,0.009
88.8883,-46.6614,2015,7,8,0.9,0.299
87.2011,-50.39,2015,7,8,0.7,0.296
65.8938,-51.7254,2015,7,8,0.5,0.234
86.8143,-19.7353,2015,7,8,4.0,0.078
88.7761,-20.0058,2015,7,8,4.1,0.045
-4.333,46.9243,2015,7,8,0.1,0.0424
-24.462,30.9551,2015,7,8,0.6,0.00595
-24.1308,30.9757,2015,7,8,0.0,0.00605
-31.7807,53.3647,2015,7,8,0.3,1.904
-40.9014,43.0483,2015,7,8,0.7,1.139
-58.8806,62.0907,2015,7,8,0.5,0.23
-53.1287,58.2811,2015,7,8,0.3,1.153
-56.4577,-53.8026,2015,7,8,0.7,0.204
-56.4081,-53.5784,2015,7,8,0.7,0.0767
86.8027,-19.7038,2015,7,8,4.0,0.118
88.7865,-20.0185,2015,7,8,3.8,0.0486
78.4757,-20.4942,2015,7,8,4.0,0.101
78.4707,-20.4923,2015,7,8,0.3,0.103
-149.7685,-20.1642,2015,7,8,0.1,0.0342
86.7843,-19.6633,2015,7,8,4.2,0.11
88.7844,-20.0282,2015,7,8,4.0,0.0342
-133.234,-52.912,2015,7,9,4.2,0.153
78.4502,-20.4798,2015,7,9,4.3,0.0722
78.4441,-20.4756,2015,7,9,0.5,0.0714
86.7585,-19.6231,2015,7,9,4.1,0.03
88.7888,-20.0442,2015,7,9,3.8,0.0126
78.4243,-20.4714,2015,7,9,4.1,0.0551
78.4116,-20.4646,2015,7,9,0.5,0.0945
24.485,34.0206,2015,7,9,0.5,0.0631
27.0568,34.5286,2015,7,9,0.9,0.0641
86.7277,-19.6006,2015,7,9,4.1,0.084
11.48,40.7192,2015,7,9,0.5,0.0876
10.4628,39.3066,2015,7,9,0.6,0.0729
19.9192,36.9324,2015,7,9,0.5,0.0414
88.7869,-20.0599,2015,7,9,4.0,0.0558
4.6049,40.8579,2015,7,9,0.7,0.0672
-4.341,46.9163,2015,7,9,2.8,0.0384
-24.4135,30.8717,2015,7,9,0.7,0.00595
-25.3819,11.0922,2015,7,9,0.5,0.0181
-29.3681,14.1242,2015,7,9,0.7,0.0666
-43.4575,57.2192,2015,7,9,0.7,3.013
-46.4261,56.0767,2015,7,9,0.8,0.695
-48.9268,54.8338,2015,7,9,0.6,0.383
-53.125,58.2873,2015,7,9,0.6,2.11
-56.9737,-53.5599,2015,7,9,0.6,0.201
-56.5725,-53.3983,2015,7,9,0.3,0.106
78.3769,-20.5007,2015,7,9,4.1,0.137
86.6983,-19.5767,2015,7,9,2.8,0.086
78.3745,-20.4835,2015,7,9,0.3,0.151
88.7926,-20.0765,2015,7,9,4.0,0.0576
-149.7938,-20.1778,2015,7,9,0.1,0.0266
78.3532,-20.5242,2015,7,9,4.0,0.095
88.792,-20.0959,2015,7,9,4.0,0.045
86.6651,-19.5533,2015,7,9,2.6,0.074
78.3382,-20.5246,2015,7,10,0.9,0.103
86.6329,-19.5202,2015,7,10,3.9,0.024
78.322,-20.5392,2015,7,10,4.1,0.0361
88.7972,-20.115,2015,7,10,4.2,0.036
81.0743,-49.5444,2015,7,10,0.6,0.31
-12.165,59.849,2015,7,10,4.9,0.992
78.3048,-20.5308,2015,7,10,0.1,0.124
-49.7314,22.1668,2015,7,10,1.4,0.0
28.6288,-41.6357,2015,7,10,0.8,0.282
86.5847,-19.4957,2015,7,10,4.2,0.078
78.2829,-20.5467,2015,7,10,4.3,0.171
88.7929,-20.1381,2015,7,10,4.3,0.063
-21.3331,-18.5671,2015,7,10,0.6,0.0365
-4.3473,46.9104,2015,7,10,0.2,0.0363
-24.3872,30.7778,2015,7,10,0.5,0.00595
-24.1169,30.7732,2015,7,10,0.2,0.0
-27.6527,-23.4726,2015,7,10,0.7,0.0363
-22.5277,-39.016,2015,7,10,0.6,0.303
-22.8264,-41.4447,2015,7,10,0.7,0.342
-24.8461,59.2501,2015,7,10,0.6,1.628
78.2746,-20.533,2015,7,10,0.2,0.212
-49.7367,22.1655,2015,7,10,1.4,0.0365
-53.1421,58.2767,2015,7,10,0.6,2.482
-56.9524,-53.2305,2015,7,10,0.6,0.215
-56.3565,-53.2839,2015,7,10,0.8,0.0639
8.745,-44.143,2015,7,10,3.9,0.371
86.5473,-19.4723,2015,7,10,4.3,0.072
88.113,12.291,2015,7,10,4.4,0.139
88.7993,-20.1558,2015,7,10,4.3,0.0648
78.2558,-20.5639,2015,7,10,4.2,0.152
-149.8388,-20.178,2015,7,10,0.1,0.0342
78.2558,-20.5519,2015,7,10,0.2,0.143
-49.7429,22.1641,2015,7,10,1.0,0.00511
-6.616,67.349,2015,7,10,4.6,0.637
88.7957,-20.172,2015,7,11,4.0,0.0558
86.5153,-19.4505,2015,7,11,3.9,0.054
78.2311,-20.5838,2015,7,11,4.3,0.144
93.3201,16.8616,2015,7,11,0.7,0.00986
78.2359,-20.577,2015,7,11,0.4,0.0924
86.4773,-19.4289,2015,7,11,4.0,0.008
78.2116,-20.5915,2015,7,11,3.7,0.0722
88.7962,-20.1965,2015,7,11,4.2,0.0432
-49.7532,22.1618,2015,7,11,1.2,0.0
27.143,34.6194,2015,7,11,0.5,0.0977
27.5229,35.4877,2015,7,11,0.6,0.0654
28.1285,33.3363,2015,7,11,0.5,0.0699
30.9615,41.6414,2015,7,11,0.6,0.104
18.2335,38.2223,2015,7,11,0.7,0.0724
18.6673,40.8967,2015,7,11,0.8,0.129
20.3134,36.6735,2015,7,11,0.2,0.0769
10.7496,39.4771,2015,7,11,0.7,0.161
78.2099,-20.5847,2015,7,11,0.4,0.145
5.7852,39.3532,2015,7,11,0.7,0.0
4.2887,41.3223,2015,7,11,0.5,0.115
86.427,-19.4025,2015,7,11,4.0,0.088
-4.3431,46.9054,2015,7,11,2.8,0.0253
-24.3806,30.6743,2015,7,11,0.6,0.0
-24.1229,30.6693,2015,7,11,0.2,0.0605
78.1786,-20.6,2015,7,11,4.4,0.19
88.7951,-20.2241,2015,7,11,4.1,0.0648
-53.1642,58.2585,2015,7,11,0.1,2.628
-56.5068,-53.0145,2015,7,11,0.7,0.215
-56.083,-53.3044,2015,7,11,0.3,0.0456
91.466,18.049,2015,7,11,4.3,0.139
78.1792,-20.5955,2015,7,11,2.8,0.225
86.3796,-19.3755,2015,7,11,4.1,0.088
88.7988,-20.242,2015,7,11,2.6,0.0576
78.1491,-20.6092,2015,7,11,4.2,0.22
-149.8692,-20.1809,2015,7,11,0.1,0.0228
33.9463,43.6414,2015,7,11,0.7,0.131
78.1502,-20.6151,2015,7,12,0.4,0.141
156.0147,-17.3767,2015,7,12,0.5,0.0178
88.7918,-20.2582,2015,7,12,4.0,0.036
86.3312,-19.3563,2015,7,12,4.3,0.074
78.1184,-20.6228,2015,7,12,4.3,0.0285
78.1248,-20.6304,2015,7,12,2.0,0.0378
78.095,-20.6268,2015,7,12,4.1,0.0817
88.7929,-20.2767,2015,7,12,3.9,0.101
86.2779,-19.3402,2015,7,12,4.2,0.04
32.3823,-43.902,2015,7,12,0.6,0.299
31.8388,-43.7645,2015,7,12,0.7,0.38
9.5174,68.4955,2015,7,12,0.7,2.299
91.2159,13.8748,2015,7,12,0.4,0.0365
3.3043,38.0849,2015,7,12,0.5,0.0816
-16.822,52.759,2015,7,12,4.3,0.609
-4.3343,46.8951,2015,7,12,1.6,0.0302
-24.3995,30.5518,2015,7,12,0.7,0.0119
13.356,-31.656,2015,7,12,4.1,0.317
78.0862,-20.6415,2015,7,12,0.2,0.134
30.849,-49.564,2015,7,12,4.7,0.292
-47.1118,55.9137,2015,7,12,0.3,0.644
-49.1483,54.8615,2015,7,12,0.6,0.288
88.796,-20.2991,2015,7,12,4.0,0.189
-53.2073,58.2459,2015,7,12,0.7,2.931
-55.9508,-52.9537,2015,7,12,0.7,0.212
-56.0799,-53.4769,2015,7,12,0.5,0.23
86.2336,-19.3318,2015,7,12,4.1,0.098
78.058,-20.6359,2015,7,12,4.2,0.158
89.289,14.034,2015,7,12,4.0,0.102
78.055,-20.6564,2015,7,12,0.2,0.141
88.7976,-20.3111,2015,7,12,4.0,0.196
-149.892,-20.1922,2015,7,12,0.1,0.0304
86.1988,-19.3228,2015,7,12,4.1,0.1
-164.0142,-18.7055,2015,7,12,0.8,0.0108
-172.264,-18.0543,2015,7,12,0.8,0.0178
78.0302,-20.6517,2015,7,12,4.2,0.142
-1.543,65.439,2015,7,12,4.7,0.828
67.101,19.4857,2015,7,13,0.6,0.177
66.8438,18.4193,2015,7,13,0.2,0.142
78.0196,-20.6777,2015,7,13,0.3,0.0777
88.7911,-20.3311,2015,7,13,2.6,0.108
86.1451,-19.31,2015,7,13,4.2,0.036
78.0026,-20.6699,2015,7,13,4.2,0.0418
89.6172,-46.4912,2015,7,13,0.7,0.385
86.9578,-49.9999,2015,7,13,0.7,0.23
82.4464,-48.6408,2015,7,13,0.8,0.307
77.9724,-20.6956,2015,7,13,0.4,0.0882
88.7871,-20.3563,2015,7,13,4.0,0.0504
86.1037,-19.2992,2015,7,13,4.3,0.056
6.9963,-42.4807,2015,7,13,0.3,0.428
77.9725,-20.6801,2015,7,13,4.0,0.112
-4.321,46.889,2015,7,13,2.4,0.0298
-24.4248,30.4483,2015,7,13,0.0,0.0179
-24.1812,30.4456,2015,7,13,0.3,0.0
-31.5872,53.5737,2015,7,13,0.3,1.019
-41.1315,43.8103,2015,7,13,0.8,0.438
-59.1871,62.1519,2015,7,13,0.7,0.122
-53.2426,58.229,2015,7,13,0.7,3.256
-55.6351,-53.0019,2015,7,13,0.8,0.208
-56.4351,-53.5342,2015,7,13,0.7,0.0803
88.7879,-20.381,2015,7,13,4.0,0.054
86.0526,-19.2934,2015,7,13,4.1,0.112
77.9381,-20.7162,2015,7,13,0.3,0.139
77.9548,-20.6979,2015,7,13,4.2,0.184
-149.9197,-20.2173,2015,7,13,0.1,0.0228
88.7874,-20.4014,2015,7,13,3.9,0.0468
19.728,57.24,2015,7,13,4.6,0.774
86.0158,-19.284,2015,7,13,2.9,0.114
77.927,-20.7396,2015,7,14,0.3,0.132
77.9503,-20.7244,2015,7,14,4.0,0.16
88.7842,-20.4228,2015,7,14,4.2,0.009
85.9771,-19.2796,2015,7,14,4.1,0.026
77.9451,-20.7469,2015,7,14,4.1,0.0456
77.9205,-20.7678,2015,7,14,0.3,0.0441
24.5301,33.975,2015,7,14,0.4,0.0666
27.039,34.5361,2015,7,14,0.6,0.078
11.5034,40.7212,2015,7,14,0.4,0.0477
10.4286,39.3005,2015,7,14,0.6,0.0686
19.9931,37.0319,2015,7,14,0.5,0.0419
69.5803,12.0545,2015,7,14,0.4,0.0427
88.7774,-20.4465,2015,7,14,2.6,0.0504
85.9331,-19.2725,2015,7,14,4.1,0.09
4.8614,40.9956,2015,7,14,1.1,0.186
-4.3075,46.8865,2015,7,14,0.7,0.0363
77.9326,-20.7682,2015,7,14,4.2,0.125
-24.4746,30.3421,2015,7,14,0.6,0.00595
-24.2239,30.3225,2015,7,14,0.1,0.0242
-25.4776,11.0899,2015,7,14,0.8,0.0181
-29.3692,14.1573,2015,7,14,0.7,0.0424
77.906,-20.799,2015,7,14,0.2,0.145
-43.6988,57.1295,2015,7,14,0.7,0.968
-53.2756,58.2199,2015,7,14,0.7,2.493
-55.5689,-53.0374,2015,7,14,0.6,0.204
-56.5393,-53.429,2015,7,14,0.4,0.0368
88.7681,-20.4714,2015,7,14,4.1,0.054
85.8942,-19.2744,2015,7,14,2.9,0.126
77.9135,-20.8022,2015,7,14,2.6,0.137
77.8904,-20.8393,2015,7,14,2.0,0.118
-149.9322,-20.2399,2015,7,14,0.1,0.0342
88.7602,-20.4981,2015,7,14,4.3,0.045
85.8552,-19.2769,2015,7,14,4.3,0.032
77.8982,-20.8397,2015,7,15,4.4,0.0513
77.8767,-20.8757,2015,7,15,0.6,0.124
88.7492,-20.5206,2015,7,15,4.0,0.018
47.9361,-47.3177,2015,7,15,0.4,0.303
-85.3539,-62.913,2015,7,15,4.6,0.0333
32.8313,42.4384,2015,7,15,0.5,0.103
77.8884,-20.8675,2015,7,15,3.8,0.16
88.7346,-20.5443,2015,7,15,3.9,0.0612
85.781,-19.2882,2015,7,15,2.1,0.088
-4.2904,46.8875,2015,7,15,1.2,0.0381
-24.531,30.2572,2015,7,15,0.7,0.0179
77.8696,-20.9128,2015,7,15,0.3,0.151
-27.6824,-23.7154,2015,7,15,0.7,0.0242
-22.5108,-38.9598,2015,7,15,0.5,0.339
-22.8485,-41.584,2015,7,15,0.6,0.258
-25.0671,59.1924,2015,7,15,0.5,1.705
88.01,12.253,2015,7,15,4.9,0.161
-47.5987,55.9999,2015,7,15,0.4,0.986
-48.957,54.9131,2015,7,15,0.5,0.675
-53.2825,58.1978,2015,7,15,0.7,2.321
-55.5591,-53.1834,2015,7,15,0.6,0.193
-56.2975,-53.4293,2015,7,15,0.5,0.139
77.8761,-20.8976,2015,7,15,4.3,0.181
88.7192,-20.5711,2015,7,15,4.1,0.054
85.7404,-19.2946,2015,7,15,4.1,0.094
77.8637,-20.9432,2015,7,15,0.1,0.153
-149.9594,-20.2757,2015,7,15,0.1,0.038
77.8739,-20.9175,2015,7,15,4.1,0.152
88.7041,-20.5956,2015,7,16,3.9,0.054
85.7007,-19.2986,2015,7,16,4.1,0.108
77.8646,-20.9771,2015,7,16,0.3,0.13
93.3544,16.7968,2015,7,16,0.2,0.0248
77.8651,-20.9351,2015,7,16,3.9,0.0513
83.2072,-48.2904,2015,7,16,0.8,0.31
88.6698,-20.629,2015,7,16,4.3,0.0144
85.6605,-19.3076,2015,7,16,4.0,0.026
47.6919,-47.1402,2015,7,16,0.7,0.277
41.8413,-48.5886,2015,7,16,0.7,0.245
27.1883,34.5958,2015,7,16,0.1,0.0634
27.4885,35.3973,2015,7,16,0.3,0.0897
28.1848,33.0881,2015,7,16,0.3,0.0836
31.4302,41.6222,2015,7,16,0.9,0.196
77.8531,-21.0095,2015,7,16,0.3,0.145
18.2281,38.1781,2015,7,16,0.8,0.0987
18.7819,40.6956,2015,7,16,0.8,0.143
20.0484,37.0346,2015,7,16,0.7,0.0806
10.7526,39.4176,2015,7,16,0.7,0.107
5.597,39.4824,2015,7,16,2.0,0.0
4.2403,41.4032,2015,7,16,0.6,0.101
85.6231,-19.3154,2015,7,16,3.9,0.134
-4.2737,46.8917,2015,7,16,1.8,0.0397
77.861,-20.9419,2015,7,16,4.0,0.179
-24.3609,30.1365,2015,7,16,0.2,0.0484
-35.5013,21.6663,2015,7,16,0.8,0.018
88.6418,-20.6536,2015,7,16,4.2,0.0432
-53.2635,58.1733,2015,7,16,0.7,1.843
-55.635,-53.4352,2015,7,16,0.5,0.186
-56.4319,-53.6063,2015,7,16,0.8,0.0438
77.8437,-21.0243,2015,7,16,0.3,0.17
85.5903,-19.3294,2015,7,16,3.9,0.08
77.8605,-20.9523,2015,7,16,4.3,0.209
88.6231,-20.6736,2015,7,16,4.0,0.045
-149.9956,-20.2897,2015,7,16,0.1,0.038
20.11,-46.204,2015,7,17,4.6,0.415
85.5647,-19.3295,2015,7,17,3.9,0.086
77.8471,-21.0435,2015,7,17,0.5,0.139
155.7145,-17.2706,2015,7,17,0.7,0.071
77.8625,-20.973,2015,7,17,4.0,0.139
88.6,-20.7035,2015,7,17,4.1,0.0432
77.8551,-21.0698,2015,7,17,0.4,0.0945
88.5797,-20.7331,2015,7,17,3.7,0.0324
85.5336,-19.3414,2015,7,17,4.4,0.01
66.0499,-50.8503,2015,7,17,0.8,0.194
77.8639,-20.9947,2015,7,17,4.2,0.116
29.1841,-50.7748,2015,7,17,0.6,0.32
10.0748,68.617,2015,7,17,0.5,0.92
14.4646,-40.9902,2015,7,17,0.3,0.245
19.3249,-47.5548,2015,7,17,0.6,0.343
91.2614,13.8656,2015,7,17,0.6,0.0547
7.0398,-41.6799,2015,7,17,0.8,0.36
3.1716,38.076,2015,7,17,0.5,0.0653
-4.2563,46.8994,2015,7,17,1.4,0.0424
-24.721,30.1361,2015,7,17,0.6,0.0179
85.4997,-19.3472,2015,7,17,4.0,0.134
77.8719,-21.0818,2015,7,17,0.2,0.185
77.8656,-21.0103,2015,7,17,4.0,0.182
-53.2613,58.1499,2015,7,17,0.5,2.018
-55.9779,-53.6676,2015,7,17,0.4,0.197
-56.8957,-53.5252,2015,7,17,0.7,0.135
88.5365,-20.7751,2015,7,17,3.9,0.054
85.4681,-19.3574,2015,7,17,3.9,0.128
77.8648,-21.032,2015,7,17,4.1,0.137
88.5107,-20.7965,2015,7,17,3.9,0.0504
-163.7212,-18.7847,2015,7,17,0.5,0.0216
33.6938,43.671,2015,7,17,0.7,0.133
-171.9344,-18.2245,2015,7,17,0.5,0.0426
77.8831,-21.1089,2015,7,17,0.4,0.164
85.4368,-19.3723,2015,7,18,4.0,0.066
77.8597,-21.0606,2015,7,18,3.7,0.0646
88.4903,-20.8236,2015,7,18,4.1,0.027
77.8812,-21.1383,2015,7,18,0.4,0.0588
89.7406,-46.8337,2015,7,18,0.6,0.414
86.5245,-50.3051,2015,7,18,0.3,0.175
66.3098,-51.78,2015,7,18,0.8,0.226
88.4642,-20.8451,2015,7,18,3.0,0.0324
85.4189,-19.3838,2015,7,18,4.3,0.02
77.8603,-21.0862,2015,7,18,4.1,0.116
77.8939,-21.1657,2015,7,18,0.3,0.103
-4.2443,46.9097,2015,7,18,1.6,0.0264
-24.8235,30.0926,2015,7,18,2.6,0.00595
-31.6374,53.8338,2015,7,18,0.8,0.153
-41.3467,44.0735,2015,7,18,0.4,0.321
-48.0362,56.1633,2015,7,18,0.6,1.39
-49.2398,54.8815,2015,7,18,0.7,0.385
-59.6561,62.0575,2015,7,18,0.7,0.31
-53.2624,58.12,2015,7,18,0.7,2.183
-56.693,-53.7578,2015,7,18,0.8,0.172
-56.794,-53.2548,2015,7,18,0.5,0.117
85.3966,-19.3901,2015,7,18,2.5,0.146
77.8618,-21.1141,2015,7,18,4.4,0.135
88.4424,-20.868,2015,7,18,4.2,0.0612
77.9084,-21.1925,2015,7,18,0.2,0.0966
85.3762,-19.3971,2015,7,18,4.0,0.17
77.8641,-21.1379,2015,7,18,4.2,0.122
88.4066,-20.8895,2015,7,18,4.2,0.0612
-126.743,-53.035,2015,7,19,4.6,0.238
77.9148,-21.214,2015,7,19,0.3,0.109
85.3561,-19.4045,2015,7,19,4.0,0.206
88.3835,-20.9146,2015,7,19,4.2,0.0288
77.8579,-21.1624,2015,7,19,4.2,0.0741
83.7426,-48.5427,2015,7,19,0.3,0.277
77.9104,-21.2342,2015,7,19,1.9,0.128
85.3385,-19.4158,2015,7,19,3.9,0.032
24.5876,33.9224,2015,7,19,0.5,0.0726
27.0192,34.5416,2015,7,19,0.7,0.116
88.3569,-20.9332,2015,7,19,4.1,0.054
11.4294,40.714,2015,7,19,0.9,0.0749
10.3663,39.2484,2015,7,19,0.9,0.0579
20.0552,37.141,2015,7,19,0.2,0.0385
5.276,40.7574,2015,7,19,0.4,0.0221
77.8537,-21.1863,2015,7,19,3.8,0.175
-4.2423,46.9238,2015,7,19,0.0,0.0363
-24.9483,30.054,2015,7,19,0.6,0.0119
-25.5884,11.0382,2015,7,19,0.5,0.0302
-29.3846,14.1733,2015,7,19,0.3,0.00605
-43.4412,56.7408,2015,7,19,0.5,1.242
77.885,-21.473,2015,7,19,0.3,0.151
-53.2557,58.0844,2015,7,19,0.4,2.248
-57.2053,-53.7042,2015,7,19,0.7,0.19
-56.4347,-53.1365,2015,7,19,0.8,0.241
85.3204,-19.4162,2015,7,19,3.8,0.13
142.869,-47.798,2015,7,19,4.5,0.113
88.3318,-20.9521,2015,7,19,2.8,0.072
77.8363,-21.2286,2015,7,19,3.9,0.165
85.2999,-19.4212,2015,7,19,2.8,0.12
77.8977,-21.3008,2015,7,19,0.5,0.147
88.2961,-20.9745,2015,7,19,2.5,0.063
77.8359,-21.2649,2015,7,20,4.0,0.141
85.2831,-19.4213,2015,7,20,4.0,0.052
88.2663,-20.9926,2015,7,20,4.1,0.0144
77.8363,-21.2999,2015,7,20,4.3,0.0342
77.8921,-21.3473,2015,7,20,0.3,0.0357
-49.9918,22.0389,2015,7,20,0.6,0.0073
85.2615,-19.429,2015,7,20,3.5,0.06
28.4701,-40.8918,2015,7,20,0.7,0.321
88.235,-21.0091,2015,7,20,3.9,0.0468
-4.2467,46.9327,2015,7,20,2.8,0.0424
-25.0751,30.0182,2015,7,20,0.7,0.0
-24.746,29.9022,2015,7,20,0.1,0.0666
-27.5669,-23.8295,2015,7,20,0.7,0.0181
-22.5566,-38.8874,2015,7,20,0.6,0.333
-22.8251,-41.7231,2015,7,20,0.7,0.27
-21.513,-18.3844,2015,7,20,0.6,0.062
-25.2574,59.0813,2015,7,20,0.7,1.194
77.8307,-21.3243,2015,7,20,4.2,0.213
-49.9986,22.0355,2015,7,20,1.2,0.00365
77.8639,-21.4203,2015,7,20,0.3,0.174
-53.2625,58.0583,2015,7,20,0.6,2.467
-57.4129,-53.5875,2015,7,20,0.5,0.172
-56.2087,-53.1806,2015,7,20,0.6,0.0654
85.2386,-19.4258,2015,7,20,3.5,0.084
88.2121,-21.0275,2015,7,20,4.2,0.0522
77.8141,-21.3647,2015,7,20,3.9,0.199
-50.0053,22.032,2015,7,20,0.6,0.00183
85.2118,-19.4291,2015,7,20,4.3,0.124
-6.645,66.877,2015,7,20,4.7,0.482
-0.901,78.038,2015,7,20,4.6,0.378
88.1797,-21.0467,2015,7,21,4.2,0.0558
77.84,-21.5217,2015,7,21,0.5,0.189
77.8092,-21.4013,2015,7,21,4.1,0.131
93.3275,16.7368,2015,7,21,0.5,0.00912
85.1928,-19.4316,2015,7,21,3.7,0.026
88.1567,-21.0626,2015,7,21,4.2,0.0072
77.8473,-21.5649,2015,7,21,0.3,0.103
-50.0196,22.0247,2015,7,21,0.6,0.00183
77.8109,-21.4474,2015,7,21,4.3,0.118
27.217,34.5729,2015,7,21,0.8,0.0552
27.4823,35.3785,2015,7,21,0.7,0.0785
28.3725,32.9343,2015,7,21,0.9,0.0293
31.7549,41.5296,2015,7,21,0.6,0.202
18.2452,38.1279,2015,7,21,0.5,0.0502
20.5601,37.0838,2015,7,21,0.4,0.1
10.7874,39.335,2015,7,21,0.7,0.121
85.1714,-19.4433,2015,7,21,4.1,0.098
5.65,39.6424,2015,7,21,1.2,0.0
4.2287,41.2695,2015,7,21,0.6,0.116
18.644,40.8457,2015,7,21,0.5,0.144
88.1266,-21.0786,2015,7,21,4.0,0.0486
-4.2516,46.9371,2015,7,21,2.1,0.0335
-25.2081,30.0033,2015,7,21,0.6,0.0
-48.1664,56.1294,2015,7,21,0.8,1.534
-49.0825,54.879,2015,7,21,0.5,1.285
77.858,-21.6171,2015,7,21,0.2,0.231
-53.2342,58.0578,2015,7,21,0.7,2.42
-57.4809,-53.5092,2015,7,21,0.5,0.172
-56.1748,-53.2361,2015,7,21,0.7,0.0365
77.8158,-21.4766,2015,7,21,3.9,0.207
85.1394,-19.4415,2015,7,21,4.0,0.126
88.0952,-21.0935,2015,7,21,4.3,0.0504
-150.1265,-20.2976,2015,7,21,0.1,0.0114
77.8231,-21.5044,2015,7,21,4.3,0.199
77.8733,-21.6612,2015,7,21,0.2,0.218
2.494,71.369,2015,7,21,4.1,0.371
85.1141,-19.4447,2015,7,21,4.0,0.124
155.531,-17.4766,2015,7,22,0.5,0.0852
88.0537,-21.1088,2015,7,22,4.0,0.0324
77.8262,-21.5326,2015,7,22,4.2,0.0513
85.0928,-19.4537,2015,7,22,3.9,0.022
77.6697,-21.8212,2015,7,22,0.2,0.0588
83.6314,-48.5497,2015,7,22,0.7,0.281
88.0288,-21.1232,2015,7,22,4.0,0.009
33.0976,-43.6393,2015,7,22,0.6,0.38
32.0204,-43.648,2015,7,22,0.9,0.358
9.6001,68.5406,2015,7,22,0.8,1.779
-15.976,52.62,2015,7,22,4.1,0.741
77.8281,-21.5639,2015,7,22,3.9,0.116
91.3399,13.9024,2015,7,22,0.5,0.0672
3.0556,38.0637,2015,7,22,1.1,0.0748
77.9005,-21.7382,2015,7,22,0.5,0.206
85.0753,-19.4648,2015,7,22,4.2,0.148
-4.2633,46.9369,2015,7,22,1.9,0.0365
-25.3248,30.0026,2015,7,22,0.6,0.0119
88.0108,-21.1369,2015,7,22,4.0,0.0576
12.737,-31.261,2015,7,22,4.0,0.391
-53.1573,58.0662,2015,7,22,0.6,2.639
-56.1762,-53.2568,2015,7,22,0.8,0.0584
85.0586,-19.4674,2015,7,22,3.9,0.126
77.8326,-21.5961,2015,7,22,4.2,0.158
77.9217,-21.7858,2015,7,22,0.4,0.185
87.9883,-21.1464,2015,7,22,4.3,0.0594
-163.4379,-18.7398,2015,7,22,0.5,0.0036
33.5601,43.7601,2015,7,22,0.8,0.126
-171.6624,-17.9621,2015,7,22,0.6,0.032
-1.344,65.433,2015,7,22,4.8,0.756
85.038,-19.4743,2015,7,22,4.1,0.126
77.852,-21.6265,2015,7,23,4.3,0.177
66.633,19.6058,2015,7,23,0.5,0.215
66.9515,18.3656,2015,7,23,0.6,0.22
77.9432,-21.8161,2015,7,23,0.3,0.124
89.3778,-46.8708,2015,7,23,0.5,0.389
87.8119,-50.0851,2015,7,23,0.7,0.139
77.8662,-21.6522,2015,7,23,4.2,0.038
77.9638,-21.855,2015,7,23,0.2,0.0903
5.9912,-42.2342,2015,7,23,0.6,0.401
77.8752,-21.6806,2015,7,23,4.2,0.101
-4.2711,46.9372,2015,7,23,1.7,0.0242
-25.443,30.0175,2015,7,23,0.6,0.0179
-32.1613,53.9185,2015,7,23,0.4,0.81
-41.8115,44.1928,2015,7,23,0.8,0.261
-59.8285,61.8426,2015,7,23,0.2,0.126
-53.0621,58.0963,2015,7,23,0.8,2.245
-57.4785,-53.3846,2015,7,23,0.6,0.175
-56.2682,-53.1949,2015,7,23,0.7,0.073
77.9806,-21.8986,2015,7,23,0.2,0.137
77.8893,-21.7176,2015,7,23,4.2,0.0969
87.9499,-21.1958,2015,7,23,4.1,0.0576
84.9805,-19.493,2015,7,23,4.1,0.148
78.0096,-21.9411,2015,7,24,0.2,0.157
77.916,-21.7468,2015,7,24,4.3,0.0893
77.9341,-21.7714,2015,7,24,4.2,0.0646
78.0392,-21.9979,2015,7,24,0.4,0.042
24.6148,33.9252,2015,7,24,0.6,0.0508
27.0384,34.5491,2015,7,24,0.5,0.108
11.4552,40.745,2015,7,24,0.4,0.0355
10.3029,39.2488,2015,7,24,0.3,0.0917
20.1863,37.1925,2015,7,24,0.7,0.039
69.6319,12.0435,2015,7,24,0.1,0.12
5.0291,40.3623,2015,7,24,0.7,0.0926
-4.2776,46.9328,2015,7,24,2.0,0.0363
77.9532,-21.7953,2015,7,24,4.0,0.12
-25.5512,30.0614,2015,7,24,0.5,0.0179
-25.6882,10.9473,2015,7,24,0.8,0.0363
-29.3649,14.1777,2015,7,24,0.5,0.0242
78.0685,-22.0423,2015,7,24,0.4,0.116
-42.8947,56.9613,2015,7,24,0.6,0.126
-48.2948,56.0441,2015,7,24,0.7,0.457
-48.512,55.0206,2015,7,24,0.8,1.226
-52.9624,58.1459,2015,7,24,0.6,1.489
-57.5142,-53.3029,2015,7,24,0.5,0.172
-56.2511,-53.0255,2015,7,24,0.8,0.0712
87.9109,-21.2508,2015,7,24,3.9,0.0612
78.0939,-22.0791,2015,7,24,0.3,0.391
77.9701,-21.8241,2015,7,24,4.3,0.135
84.9385,-19.5217,2015,7,24,3.9,0.114
78.0026,-21.8461,2015,7,25,4.2,0.0684
78.1247,-22.1071,2015,7,25,0.2,0.0819
83.7203,-48.5948,2015,7,25,0.7,0.241
48.9263,-46.9041,2015,7,25,0.7,0.329
78.0241,-21.8485,2015,7,25,4.2,0.0437
32.761,42.4344,2015,7,25,0.9,0.206
78.1554,-22.1452,2015,7,25,0.4,0.0861
-4.2753,46.9274,2015,7,25,1.0,0.0322
-25.6436,30.107,2015,7,25,0.6,0.0238
-25.2373,29.7823,2015,7,25,0.2,0.593
-27.3643,-23.747,2015,7,25,0.8,0.0181
-22.627,-38.8279,2015,7,25,0.7,0.29
-22.7665,-41.8497,2015,7,25,0.6,0.198
-25.1227,59.0978,2015,7,25,0.5,0.566
-52.877,58.2044,2015,7,25,0.3,1.347
-57.602,-53.2305,2015,7,25,0.3,0.153
-56.198,-52.9949,2015,7,25,0.7,0.0292
78.0558,-21.854,2015,7,25,4.3,0.122
78.1903,-22.1831,2015,7,25,0.3,0.126
87.8663,-21.3191,2015,7,25,4.1,0.0468
78.083,-21.8569,2015,7,25,4.3,0.103
84.9007,-19.5521,2015,7,25,4.0,0.146
78.22,-22.2135,2015,7,26,0.4,0.12
93.2555,16.6908,2015,7,26,0.5,0.0197
78.124,-21.8458,2015,7,26,4.3,0.0209
78.2522,-22.2422,2015,7,26,0.2,0.233
48.691,-46.7392,2015,7,26,0.3,0.307
42.8224,-47.8853,2015,7,26,0.2,0.241
27.257,34.5542,2015,7,26,0.1,0.0838
27.4093,35.3611,2015,7,26,0.4,0.0918
28.5599,32.8818,2015,7,26,0.8,0.0377
18.2581,38.0485,2015,7,26,0.5,0.0651
19.9585,36.7551,2015,7,26,0.6,0.0876
10.7749,39.2693,2015,7,26,0.6,0.0966
31.8291,41.5309,2015,7,26,0.5,0.65
5.7801,39.7183,2015,7,26,1.5,0.0146
4.4788,41.372,2015,7,26,0.6,0.0702
18.697,40.6147,2015,7,26,0.7,0.144
78.1542,-21.8402,2015,7,26,4.1,0.101
-4.276,46.9189,2015,7,26,2.2,0.0328
-25.7338,30.1644,2015,7,26,0.7,0.0238
-35.3962,21.6516,2015,7,26,0.6,0.0072
78.2844,-22.2874,2015,7,26,0.3,0.0966
-52.8166,58.272,2015,7,26,0.7,0.909
-57.8222,-53.1949,2015,7,26,0.7,0.168
-56.1388,-52.9387,2015,7,26,0.7,0.0474
-0.085,-53.952,2015,7,26,4.8,0.166
78.177,-21.8283,2015,7,26,4.0,0.11
87.8197,-21.3703,2015,7,26,4.0,0.063
-150.2364,-20.2818,2015,7,26,0.1,0.038
78.3164,-22.3076,2015,7,26,0.2,0.0861
84.8549,-19.5936,2015,7,26,4.0,0.172
78.193,-21.8262,2015,7,27,4.1,0.127
155.3516,-17.5224,2015,7,27,0.7,0.032
21.214,-45.914,2015,7,27,4.1,0.413
78.3438,-22.3197,2015,7,27,0.2,0.0357
78.2146,-21.8261,2015,7,27,4.3,0.0437
66.0198,-50.2776,2015,7,27,0.5,0.212
31.0161,-49.6459,2015,7,27,0.7,0.288
9.0681,68.4889,2015,7,27,0.5,0.436
13.5432,-41.4024,2015,7,27,0.7,0.482
19.6013,-48.9772,2015,7,27,0.8,0.288
91.4298,13.9263,2015,7,27,0.6,0.0547
6.5654,-41.2669,2015,7,27,0.7,0.151
2.9861,38.0436,2015,7,27,0.8,0.0817
78.3748,-22.3271,2015,7,27,0.1,0.0777
-4.2659,46.9141,2015,7,27,0.9,0.0424
78.2375,-21.8287,2015,7,27,3.9,0.133
-25.7997,30.2368,2015,7,27,0.5,0.0298
-48.9277,55.8635,2015,7,27,0.7,0.839
-47.7466,54.774,2015,7,27,0.7,0.365
-52.785,58.3396,2015,7,27,0.3,0.42
-58.1077,-53.2566,2015,7,27,0.5,0.226
-56.0697,-52.833,2015,7,27,0.7,0.0712
87.7813,-21.4366,2015,7,27,4.0,0.0702
78.2596,-21.8272,2015,7,27,4.1,0.114
84.8103,-19.6444,2015,7,27,4.1,0.186
-163.1648,-18.6171,2015,7,27,0.6,0.0108
-172.0413,-17.136,2015,7,27,0.6,0.071
19.589,57.052,2015,7,27,4.7,0.749
89.2839,-46.9174,2015,7,28,0.8,0.4
87.3383,-49.2293,2015,7,28,0.7,0.19
83.3914,-48.8489,2015,7,28,0.7,0.248
66.6715,-51.8719,2015,7,28,0.7,0.237
78.4569,-22.3258,2015,7,28,0.2,0.0903
-4.2585,46.908,2015,7,28,1.2,0.0666
-25.8483,30.3103,2015,7,28,0.6,0.0238
-25.4883,29.7873,2015,7,28,0.1,0.103
-32.3794,53.7425,2015,7,28,0.7,3.096
-42.7723,44.3637,2015,7,28,0.5,0.102
-59.9999,61.5374,2015,7,28,0.4,0.194
-52.8205,58.3941,2015,7,28,0.7,0.777
-58.2956,-53.3389,2015,7,28,0.6,0.252
-55.8975,-52.7202,2015,7,28,0.7,0.111
87.736,-21.5149,2015,7,28,4.2,0.0702
78.276,-21.7808,2015,7,28,4.3,0.101
84.7835,-19.6946,2015,7,28,4.2,0.19
33.5147,43.777,2015,7,28,0.7,0.13
24.6106,33.9307,2015,7,29,0.7,0.0566
27.0853,34.56,2015,7,29,0.1,0.0887
11.3762,40.7355,2015,7,29,0.6,0.0953
10.2397,39.2969,2015,7,29,0.1,0.0796
4.7739,40.3558,2015,7,29,0.3,0.0483
-4.2491,46.906,2015,7,29,1.9,0.0424
-25.8955,30.3868,2015,7,29,0.6,0.0179
-25.8076,10.8559,2015,7,29,0.1,0.0242
78.552,-22.3316,2015,7,29,0.1,0.0903
-29.3515,14.1797,2015,7,29,0.1,0.0424
-43.3898,57.096,2015,7,29,0.7,0.198
-52.9128,58.4426,2015,7,29,0.5,0.285
-58.4655,-53.3909,2015,7,29,0.8,0.259
-55.5715,-52.6728,2015,7,29,0.4,0.0164
87.6721,-21.5719,2015,7,29,4.2,0.0756
78.284,-21.725,2015,7,29,3.9,0.169
84.7677,-19.7537,2015,7,29,4.0,0.21
-50.346,21.8535,2015,7,30,1.3,0.0
28.1392,-40.5204,2015,7,30,0.6,0.45
-4.2394,46.9042,2015,7,30,1.9,0.0337
-25.9068,30.4733,2015,7,30,0.6,0.0357
78.6135,-22.329,2015,7,30,0.3,0.105
-27.215,-23.5242,2015,7,30,0.7,0.0242
-22.6919,-38.7691,2015,7,30,0.5,0.26
-22.6451,-41.9115,2015,7,30,0.4,0.294
-21.757,-18.1862,2015,7,30,0.6,0.0693
-24.984,59.0571,2015,7,30,0.7,1.088
-49.5605,55.5041,2015,7,30,0.6,1.073
-47.8726,54.3462,2015,7,30,0.6,0.683
-53.0402,58.4989,2015,7,30,0.8,0.642
-58.6058,-53.4602,2015,7,30,0.6,0.292
-55.2964,-52.8522,2015,7,30,0.8,0.0529
87.628,-21.6156,2015,7,30,2.7,0.054
78.2754,-21.6723,2015,7,30,4.2,0.125
84.761,-19.8134,2015,7,30,3.7,0.202
-50.3648,21.8438,2015,7,30,1.4,0.0
9.436,-43.583,2015,7,30,4.9,0.367
-6.689,66.228,2015,7,30,4.3,1.12
93.0858,16.5367,2015,7,31,0.3,0.0292
83.7425,-48.8368,2015,7,31,0.5,0.266
-50.3844,21.8336,2015,7,31,1.7,0.00365
48.6997,-46.361,2015,7,31,0.8,0.372
43.5081,-47.8631,2015,7,31,0.7,0.285
27.3086,34.5584,2015,7,31,0.5,0.0856
27.3919,35.356,2015,7,31,0.2,0.0907
28.6934,32.898,2015,7,31,0.4,0.0523
31.9915,41.664,2015,7,31,0.7,0.181
18.2003,37.9669,2015,7,31,0.7,0.0579
18.8867,40.3171,2015,7,31,0.9,0.212
20.4836,37.0432,2015,7,31,0.6,0.059
10.6802,39.2129,2015,7,31,0.6,0.0935
6.0249,39.7104,2015,7,31,1.1,0.0
4.3963,41.4122,2015,7,31,0.6,0.0744
-4.2268,46.9084,2015,7,31,1.1,0.0302
-25.8903,30.5429,2015,7,31,0.4,0.0298
-25.6968,29.8629,2015,7,31,0.0,0.157
78.677,-22.3295,2015,7,31,0.4,0.116
-53.1622,58.5501,2015,7,31,0.7,1.08
-58.6889,-53.5433,2015,7,31,0.3,0.259
-55.7019,-53.0121,2015,7,31,0.3,0.151
87.5873,-21.6671,2015,7,31,3.9,0.0756
84.766,-19.8723,2015,7,31,4.4,0.218
78.2634,-21.6196,2015,7,31,4.1,0.181
-150.3575,-20.2856,2015,7,31,0.1,0.0418
1.147,70.988,2015,7,31,4.5,0.727
155.0568,-17.4248,2015,8,1,0.8,0.0071
89.56,13.632,2015,8,1,4.0,0.102
-16.576,52.377,2015,8,1,4.4,1.154
33.6389,-43.1065,2015,8,1,0.6,0.347
32.3168,-43.4796,2015,8,1,0.6,0.336
9.2818,68.605,2015,8,1,0.8,1.658
91.6136,13.8653,2015,8,1,0.4,0.0781
2.978,38.0037,2015,8,1,0.7,0.179
-4.2153,46.9125,2015,8,1,1.5,0.0276
-25.846,30.6138,2015,8,1,0.5,0.0357
12.04,-31.16,2015,8,1,4.1,0.615
-58.7582,-53.6054,2015,8,1,0.5,0.303
-55.7751,-52.7306,2015,8,1,0.7,0.0256
78.7661,-22.3139,2015,8,1,0.3,0.0924
87.5361,-21.7258,2015,8,1,4.1,0.0648
84.7773,-19.9441,2015,8,1,4.2,0.21
78.2632,-21.5733,2015,8,1,4.1,0.142
-162.8878,-18.4497,2015,8,1,0.7,0.036
-172.5693,-17.0754,2015,8,1,0.6,0.0284
-1.333,65.413,2015,8,1,4.1,0.994
66.411,19.7103,2015,8,2,0.5,0.621
66.9907,18.0968,2015,8,2,0.5,0.265
89.2506,-47.0241,2015,8,2,0.5,0.515
85.9755,-48.6942,2015,8,2,0.7,0.292
19.543,57.064,2015,8,2,4.9,0.446
5.1726,-42.1941,2015,8,2,0.6,0.416
-4.2053,46.922,2015,8,2,1.3,0.0121
-25.7847,30.6639,2015,8,2,0.6,0.0357
-32.3917,53.6486,2015,8,2,0.7,3.038
-43.5979,44.5052,2015,8,2,0.4,0.23
-59.8227,61.1488,2015,8,2,0.8,0.292
-58.9216,-53.6347,2015,8,2,0.6,0.292
-55.3992,-52.4639,2015,8,2,0.6,0.0274
78.8208,-22.3168,2015,8,2,0.4,0.084
87.4813,-21.7722,2015,8,2,2.9,0.0522
78.2637,-21.5408,2015,8,2,4.2,0.11
84.7865,-20.0059,2015,8,2,4.1,0.158
83.1674,-49.1782,2015,8,3,0.8,0.369
24.5913,33.9316,2015,8,3,0.8,0.0803
27.1062,34.5725,2015,8,3,1.1,0.0885
19.556,57.065,2015,8,3,4.9,0.479
11.3961,40.7818,2015,8,3,0.3,0.0757
10.2612,39.3857,2015,8,3,0.7,0.129
20.4755,36.9899,2015,8,3,0.6,0.0642
69.6282,12.1899,2015,8,3,0.4,0.0248
4.7409,40.4553,2015,8,3,0.7,0.104
-4.2021,46.933,2015,8,3,0.5,0.0302
-25.7302,30.6852,2015,8,3,0.4,0.0417
-25.9604,10.7981,2015,8,3,0.5,0.0484
-29.3515,14.1654,2015,8,3,0.1,0.0424
-43.1793,56.7279,2015,8,3,0.7,0.187
87.4346,-21.8188,2015,8,3,4.0,0.0648
-59.0846,-53.5875,2015,8,3,0.5,0.255
-54.9696,-52.2891,2015,8,3,0.8,0.0511
78.8748,-22.3165,2015,8,3,0.2,0.0777
84.815,-20.0523,2015,8,3,3.8,0.146
78.2693,-21.5176,2015,8,3,4.2,0.0988
87.747,12.368,2015,8,3,4.2,0.139
33.5314,43.7579,2015,8,3,0.8,0.133
48.6592,-46.0242,2015,8,4,0.8,0.339
32.7153,42.5369,2015,8,4,0.4,0.0786
-4.2039,46.9421,2015,8,4,2.0,0.0247
-25.6647,30.6984,2015,8,4,0.7,0.0476
-27.1824,-23.1978,2015,8,4,0.4,0.0242
-22.7777,-38.748,2015,8,4,0.4,0.23
-22.3976,-41.9837,2015,8,4,0.7,0.198
-24.7921,58.9441,2015,8,4,0.4,1.434
19.571,57.052,2015,8,4,4.9,0.421
-50.1594,56.0906,2015,8,4,0.7,0.781
-47.9339,54.7158,2015,8,4,0.6,1.329
87.382,-21.8718,2015,8,4,4.2,0.063
-59.209,-53.4727,2015,8,4,0.6,0.365
-54.499,-52.4497,2015,8,4,0.5,0.0583
78.9401,-22.3334,2015,8,4,0.2,0.0651
84.854,-20.0858,2015,8,4,3.9,0.138
78.261,-21.4867,2015,8,4,3.9,0.122
19.568,57.053,2015,8,4,4.2,0.464
91.112,17.598,2015,8,5,4.3,0.19
92.8756,16.3901,2015,8,5,0.5,0.0164
19.566,57.059,2015,8,5,4.3,0.421
48.4289,-45.8197,2015,8,5,0.7,0.329
44.6524,-48.0014,2015,8,5,0.8,0.245
19.569,57.067,2015,8,5,4.7,0.464
27.2666,34.5253,2015,8,5,0.1,0.0772
27.3975,35.3666,2015,8,5,0.9,0.0706
28.8181,32.9325,2015,8,5,0.8,0.0327
32.371,41.9905,2015,8,5,0.7,0.149
18.1398,37.9585,2015,8,5,0.6,0.0553
18.8021,40.1277,2015,8,5,0.6,0.173
20.0019,36.7306,2015,8,5,0.7,0.081
10.5921,39.1523,2015,8,5,0.4,0.104
6.4555,39.6907,2015,8,5,0.8,0.0
4.3428,41.4178,2015,8,5,0.6,0.131
-4.2138,46.9482,2015,8,5,3.3,0.0363
-25.5824,30.6667,2015,8,5,0.7,0.0357
87.3234,-21.9295,2015,8,5,4.0,0.0648
-53.6234,58.7193,2015,8,5,0.7,1.358
-59.288,-53.3758,2015,8,5,0.5,0.245
-54.911,-52.4042,2015,8,5,0.7,0.0402
78.9776,-22.3491,2015,8,5,0.2,0.0756
84.8929,-20.1038,2015,8,5,3.9,0.152
78.249,-21.4436,2015,8,5,3.9,0.0969
-150.5466,-20.2456,2015,8,5,0.1,0.0494
23.048,-45.894,2015,8,6,4.1,0.383
154.6811,-17.322,2015,8,6,0.5,0.0106
83.2909,-48.4971,2015,8,6,0.5,0.263
66.5198,-49.8029,2015,8,6,0.4,0.238
34.063,-48.4052,2015,8,6,0.4,0.281
14.2335,-42.7434,2015,8,6,0.7,0.329
21.4629,-47.4779,2015,8,6,0.7,0.383
91.7706,13.8481,2015,8,6,0.4,0.201
8.9936,68.7902,2015,8,6,0.7,0.998
6.203,-40.7288,2015,8,6,0.7,0.414
2.9465,37.9778,2015,8,6,0.2,0.0985
-4.2251,46.9558,2015,8,6,3.5,0.0342
-25.54,30.6078,2015,8,6,0.6,0.0595
87.259,-21.9816,2015,8,6,4.1,0.0486
-59.3854,-53.3898,2015,8,6,0.5,0.325
-54.7912,-52.2173,2015,8,6,0.7,0.109
79.0046,-22.3412,2015,8,6,0.3,0.223
84.9415,-20.106,2015,8,6,4.0,0.176
78.237,-21.399,2015,8,6,4.1,0.123
-162.6831,-18.2438,2015,8,6,0.7,0.054
-172.7205,-17.1567,2015,8,6,0.7,0.0284
89.2467,-46.935,2015,8,7,0.5,0.374
84.9375,-48.6362,2015,8,7,0.6,0.23
67.0751,-51.8991,2015,8,7,0.7,0.212
-4.2303,46.9543,2015,8,7,2.9,0.0363
-25.5236,30.5442,2015,8,7,0.5,0.0595
-32.3435,53.6409,2015,8,7,0.7,2.736
87.1979,-22.0131,2015,8,7,4.2,0.0756
-44.6402,44.6662,2015,8,7,0.6,0.0803
-60.019,61.0042,2015,8,7,0.2,0.32
-53.7332,58.7853,2015,8,7,0.7,1.332
-59.4566,-53.4671,2015,8,7,0.7,0.358
-54.1857,-52.02,2015,8,7,0.5,0.168
79.0294,-22.3147,2015,8,7,0.3,0.0987
84.9934,-20.0899,2015,8,7,3.8,0.148
78.2137,-21.3639,2015,8,7,4.1,0.224
24.592,33.9467,2015,8,8,0.4,0.0772
27.1344,34.5624,2015,8,8,0.7,0.14
11.3923,40.7787,2015,8,8,0.9,0.141
10.2844,39.4017,2015,8,8,1.0,0.0886
20.5087,36.8621,2015,8,8,0.3,0.0653
4.3829,40.4743,2015,8,8,0.7,0.0394
-4.2364,46.951,2015,8,8,2.3,0.0276
-25.5215,30.4754,2015,8,8,0.3,0.0654
-26.1233,10.7388,2015,8,8,0.9,0.0484
-29.3429,14.114,2015,8,8,0.5,0.0424
87.1522,-22.059,2015,8,8,4.2,0.0504
-42.754,56.9346,2015,8,8,0.7,0.0936
-54.0797,-52.1743,2015,8,8,0.3,0.00912
-59.4212,-53.5302,2015,8,8,0.6,0.31
79.0463,-22.2893,2015,8,8,0.6,0.0882
85.0502,-20.0663,2015,8,8,3.9,0.136
78.1768,-21.3163,2015,8,8,4.2,0.144
83.7515,-48.5079,2015,8,9,0.6,0.27
-11.24,59.678,2015,8,9,4.3,1.265
-50.5978,21.6857,2015,8,9,1.3,0.00365
27.6946,-40.2926,2015,8,9,1.3,0.473
-4.2382,46.9436,2015,8,9,1.1,0.034
87.0983,-22.1072,2015,8,9,3.8,0.0594
-27.2187,-22.8762,2015,8,9,0.4,0.0545
-22.8882,-38.7075,2015,8,9,0.5,0.206
-22.1934,-41.974,2015,8,9,0.8,0.192
-21.8687,-17.9755,2015,8,9,0.6,0.102
-24.8264,58.777,2015,8,9,0.6,1.686
-49.181,55.5735,2015,8,9,0.3,0.299
-48.5416,54.4281,2015,8,9,0.8,0.299
-53.8384,58.8074,2015,8,9,0.8,0.606
-59.3613,-53.5947,2015,8,9,0.6,0.277
-54.3938,-51.9682,2015,8,9,0.8,0.0511
79.0572,-22.2832,2015,8,9,1.7,0.0987
85.1022,-20.0432,2015,8,9,4.2,0.14
78.1447,-21.2795,2015,8,9,4.0,0.144
-50.6095,21.6773,2015,8,9,0.7,0.0256
33.5454,43.7501,2015,8,9,0.7,0.194
-6.476,65.753,2015,8,9,4.8,1.411
92.6728,16.247,2015,8,10,0.5,0.00621
48.0224,-45.3318,2015,8,10,0.6,0.321
45.7142,-47.9386,2015,8,10,0.6,0.241
-50.6224,21.6678,2015,8,10,1.7,0.00365
27.2198,34.4851,2015,8,10,0.7,0.0666
27.3494,35.3519,2015,8,10,0.6,0.095
28.931,32.9655,2015,8,10,0.2,0.0681
32.5898,42.2291,2015,8,10,0.7,0.154
18.0884,37.9972,2015,8,10,1.3,0.0539
19.0086,40.2046,2015,8,10,0.6,0.122
20.2467,37.0786,2015,8,10,0.4,0.086
10.4981,39.1467,2015,8,10,0.8,0.119
6.8514,39.7077,2015,8,10,1.5,0.0
4.2892,41.4617,2015,8,10,0.5,0.114
-4.2333,46.9379,2015,8,10,0.2,0.0363
-25.5413,30.3272,2015,8,10,0.5,0.0476
-26.249,30.3826,2015,8,10,0.1,0.0908
87.0319,-22.1504,2015,8,10,2.3,0.0594
-59.3679,-53.6746,2015,8,10,0.6,0.277
-54.3024,-51.6269,2015,8,10,0.3,0.0383
85.1246,-20.003,2015,8,10,4.0,0.184
79.0737,-22.289,2015,8,10,0.2,0.122
78.1022,-21.2542,2015,8,10,4.1,0.114
-150.6945,-20.1913,2015,8,10,0.1,0.038
-0.339,70.933,2015,8,10,4.4,1.105
154.3138,-17.2909,2015,8,11,0.7,0.0284
-17.486,52.324,2015,8,11,3.9,2.548
34.158,-42.6299,2015,8,11,0.3,0.354
32.6091,-43.3162,2015,8,11,0.6,0.307
8.8375,68.8156,2015,8,11,0.7,1.107
91.9195,13.9099,2015,8,11,0.6,0.146
2.9363,37.934,2015,8,11,0.2,0.103
-4.2287,46.9365,2015,8,11,1.8,0.0484
-25.5766,30.2369,2015,8,11,0.7,0.0298
86.9693,-22.195,2015,8,11,4.1,0.072
11.484,-31.34,2015,8,11,3.8,0.585
-53.9404,58.8326,2015,8,11,0.6,1.624
-59.3945,-53.7395,2015,8,11,0.6,0.288
-53.9647,-51.3833,2015,8,11,0.7,0.1
85.1575,-19.9495,2015,8,11,3.8,0.13
78.0414,-21.2199,2015,8,11,4.2,0.141
79.076,-22.2863,2015,8,11,0.3,0.298
-162.5087,-18.1421,2015,8,11,0.7,0.0396
-172.8524,-17.0199,2015,8,11,0.3,0.0213
66.2807,19.8269,2015,8,12,0.1,0.518
67.0036,17.6929,2015,8,12,0.6,0.261
89.2814,-46.7023,2015,8,12,0.7,0.382
84.8615,-48.8303,2015,8,12,0.6,0.347
83.682,-49.1604,2015,8,12,0.7,0.281
4.3905,-42.1423,2015,8,12,0.8,0.476
-4.2233,46.9328,2015,8,12,2.2,0.0545
-25.6182,30.1623,2015,8,12,0.7,0.0595
86.9103,-22.236,2015,8,12,4.2,0.0648
11.407,-31.399,2015,8,12,4.3,0.525
-32.121,53.6346,2015,8,12,0.6,3.575
-45.543,43.9409,2015,8,12,0.8,0.109
-59.662,61.0006,2015,8,12,0.8,0.133
-59.3991,-53.7167,2015,8,12,0.6,0.168
-53.5072,-51.2864,2015,8,12,0.2,0.0693
85.2152,-19.904,2015,8,12,2.7,0.104
77.9878,-21.1924,2015,8,12,4.3,0.184
79.083,-22.2838,2015,8,12,0.3,0.166
-154.184,-39.129,2015,8,12,4.0,0.241
89.103,3.951,2015,8,13,4.8,0.234
24.5854,33.9773,2015,8,13,0.7,0.0898
27.1636,34.5539,2015,8,13,0.3,0.096
11.3878,40.7943,2015,8,13,0.1,0.0775
10.2578,39.3864,2015,8,13,0.7,0.0474
20.5045,36.737,2015,8,13,0.3,0.0785
69.5857,12.3633,2015,8,13,0.3,0.0956
4.2501,40.6006,2015,8,13,0.6,0.056
86.8517,-22.2828,2015,8,13,3.9,0.0648
11.323,-31.457,2015,8,13,4.0,0.479
-4.2116,46.9323,2015,8,13,0.1,0.0363
-25.6911,30.1012,2015,8,13,0.4,0.0773
-26.2721,10.6969,2015,8,13,0.7,0.0302
-29.3191,14.0399,2015,8,13,0.5,0.0363
87.774,12.549,2015,8,13,4.7,0.124
-43.1827,57.2481,2015,8,13,0.7,0.702
-54.0397,58.8914,2015,8,13,0.7,1.65
-59.4635,-53.5325,2015,8,13,0.7,0.183
-53.2175,-51.3801,2015,8,13,0.5,0.0602
85.2606,-19.8568,2015,8,13,3.8,0.056
77.9473,-21.167,2015,8,13,4.1,0.169
79.0829,-22.2867,2015,8,13,0.3,0.139
48.0037,-45.1546,2015,8,14,0.6,0.329
32.7451,42.5271,2015,8,14,0.5,0.127
11.243,-31.508,2015,8,14,4.2,0.351
86.8001,-22.3269,2015,8,14,4.1,0.0702
-4.199,46.9339,2015,8,14,1.4,0.0877
-25.7497,30.0608,2015,8,14,0.6,0.0536
-27.2251,-22.689,2015,8,14,0.7,0.0484
-23.0237,-38.6656,2015,8,14,0.4,0.212
-21.9893,-41.9399,2015,8,14,0.7,0.204
-25.0701,58.4912,2015,8,14,0.6,1.577
-49.5261,55.2859,2015,8,14,0.5,1.04
-47.9987,54.2741,2015,8,14,0.3,0.482
-59.6151,-53.4388,2015,8,14,0.6,0.183
-53.2399,-51.4943,2015,8,14,0.5,0.0438
85.299,-19.7909,2015,8,14,4.1,0.044
77.9058,-21.1448,2015,8,14,4.3,0.198
79.0764,-22.2986,2015,8,14,1.9,0.128
92.4092,16.1941,2015,8,15,2.5,0.0146
82.7004,-49.5352,2015,8,15,0.8,0.314
11.163,-31.559,2015,8,15,4.2,0.224
47.3159,-44.7099,2015,8,15,0.8,0.252
46.6354,-47.663,2015,8,15,0.7,0.215
27.2675,34.4936,2015,8,15,0.7,0.0744
27.3612,35.337,2015,8,15,0.7,0.14
28.9857,32.9722,2015,8,15,1.1,0.0507
32.8216,42.3478,2015,8,15,0.8,0.119
18.1274,38.0515,2015,8,15,0.7,0.0582
19.0445,40.3131,2015,8,15,0.4,0.0849
20.1124,36.6828,2015,8,15,0.3,0.122
10.3604,39.0818,2015,8,15,0.7,0.139
7.073,39.7657,2015,8,15,1.1,0.0949
4.301,41.5543,2015,8,15,0.4,0.147
-4.1851,46.9405,2015,8,15,1.4,0.0335
-25.8064,30.0316,2015,8,15,0.5,0.0476
-34.8666,21.7719,2015,8,15,0.6,0.0036
11.134,-31.603,2015,8,15,4.0,0.425
-54.0767,58.9368,2015,8,15,0.7,1.423
-59.6816,-53.3646,2015,8,15,0.7,0.252
-53.3086,-51.4595,2015,8,15,0.4,0.0274
85.3331,-19.7371,2015,8,15,3.9,0.046
77.8409,-21.1017,2015,8,15,4.1,0.142
86.7412,-22.3429,2015,8,15,4.3,0.0918
-150.8905,-20.1646,2015,8,15,0.1,0.0494
11.107,-31.648,2015,8,15,4.0,0.344
33.4287,43.6701,2015,8,15,0.7,0.238
24.012,-46.682,2015,8,16,4.2,0.362
154.007,-17.3259,2015,8,16,0.3,0.128
79.0638,-22.2912,2015,8,16,0.1,0.206
11.08,-31.704,2015,8,16,4.0,0.339
65.9234,-49.614,2015,8,16,0.3,0.241
37.0933,-48.1249,2015,8,16,0.7,0.27
8.9302,68.8817,2015,8,16,0.7,0.992
15.3447,-42.4858,2015,8,16,0.7,0.358
23.067,-48.5785,2015,8,16,0.5,0.219
92.1133,14.0775,2015,8,16,0.6,0.0146
6.8789,-40.6724,2015,8,16,0.6,0.392
2.9459,37.8947,2015,8,16,0.1,0.163
-4.1749,46.9501,2015,8,16,1.5,0.0808
-25.8947,30.0088,2015,8,16,0.5,0.0476
11.054,-31.766,2015,8,16,4.1,0.669
-59.7258,-53.319,2015,8,16,0.6,0.215
-53.4226,-51.3495,2015,8,16,0.7,0.0547
77.7445,-21.0688,2015,8,16,4.2,0.148
86.6994,-22.3751,2015,8,16,3.8,0.0792
85.3455,-19.6794,2015,8,16,4.2,0.058
-162.3641,-18.1622,2015,8,16,0.4,0.0072
-172.9242,-16.6533,2015,8,16,0.3,0.0923
11.033,-31.848,2015,8,17,4.1,0.471
89.7072,-46.572,2015,8,17,0.8,0.36
84.6825,-48.6827,2015,8,17,0.5,0.361
79.055,-22.2952,2015,8,17,0.2,0.0735
67.4427,-51.9262,2015,8,17,0.7,0.219
11.023,-31.908,2015,8,17,4.0,0.398
-4.1753,46.9623,2015,8,17,2.5,0.0363
-25.976,30.0093,2015,8,17,0.7,0.0476
-31.7947,53.6071,2015,8,17,0.7,4.14
-43.9239,43.9513,2015,8,17,0.7,0.0803
11.007,-31.973,2015,8,17,3.9,0.394
-59.6283,60.7244,2015,8,17,0.7,0.241
-54.1104,58.957,2015,8,17,0.7,0.821
-59.666,-53.2664,2015,8,17,0.7,0.255
-53.5184,-51.2163,2015,8,17,0.7,0.108
77.6382,-21.0566,2015,8,17,4.2,0.095
85.3572,-19.6059,2015,8,17,4.1,0.05
86.6643,-22.3937,2015,8,17,4.1,0.0702
10.998,-32.028,2015,8,17,4.2,0.387
-7.215,76.305,2015,8,18,4.3,1.095
82.5012,-49.1826,2015,8,18,0.5,0.259
79.0529,-22.2803,2015,8,18,1.8,0.0399
10.991,-32.104,2015,8,18,4.0,0.283
24.52,34.0249,2015,8,18,0.7,0.0792
27.2114,34.5564,2015,8,18,0.9,0.113
11.4149,40.8294,2015,8,18,0.7,0.13
10.2427,39.3711,2015,8,18,0.7,0.0669
20.4211,36.6958,2015,8,18,0.0,0.124
4.2961,40.9098,2015,8,18,0.1,0.126
-4.1784,46.971,2015,8,18,1.2,0.0363
-26.0498,30.0234,2015,8,18,0.5,0.0833
-26.3625,10.6738,2015,8,18,0.4,0.0847
-29.2955,13.9485,2015,8,18,0.5,0.0363
-43.5976,57.2848,2015,8,18,0.7,0.77
10.986,-32.164,2015,8,18,4.3,0.338
-53.5365,-50.9836,2015,8,18,0.8,0.0511
-59.5016,-53.2355,2015,8,18,0.5,0.193
86.623,-22.403,2015,8,18,4.0,0.0864
77.5378,-21.0341,2015,8,18,4.4,0.114
85.3731,-19.5655,2015,8,18,3.7,0.048
79.0461,-22.2613,2015,8,19,0.3,0.0588
10.972,-32.239,2015,8,19,4.0,0.305
-50.7284,21.4819,2015,8,19,1.3,0.0
27.3991,-40.1265,2015,8,19,1.0,0.676
-4.1855,46.9742,2015,8,19,1.0,0.0424
-26.1358,30.0446,2015,8,19,0.5,0.0595
-27.1741,-22.6352,2015,8,19,0.6,0.0726
-23.144,-38.6288,2015,8,19,0.6,0.284
-21.8071,-41.8678,2015,8,19,0.7,0.21
-21.8364,-17.7961,2015,8,19,0.5,0.193
-25.0074,58.1124,2015,8,19,0.4,1.694
91.726,17.219,2015,8,19,4.8,0.153
-49.8206,55.0884,2015,8,19,0.7,0.839
-48.1663,54.8054,2015,8,19,0.5,0.558
-50.7309,21.4775,2015,8,19,2.0,0.01
-54.1665,58.9793,2015,8,19,0.7,0.215
-59.3038,-53.2429,2015,8,19,0.6,0.208
-53.4073,-50.7112,2015,8,19,0.8,0.0402
77.4492,-21.0057,2015,8,19,4.1,0.125
85.3747,-19.5242,2015,8,19,3.7,0.054
86.5973,-22.4192,2015,8,19,4.2,0.063
-50.7336,21.4726,2015,8,19,1.8,0.0073
-6.232,65.509,2015,8,19,4.5,1.292
92.1268,16.0639,2015,8,20,3.5,0.0
79.0422,-22.2642,2015,8,20,0.3,0.0567
46.37,-44.2752,2015,8,20,0.6,0.307
47.2053,-47.4435,2015,8,20,0.7,0.252
-50.7402,21.4605,2015,8,20,1.6,0.0011
27.3216,34.4936,2015,8,20,0.6,0.0547
27.3802,35.2851,2015,8,20,0.5,0.0995
29.0279,33.01,2015,8,20,0.7,0.0762
33.0326,42.3916,2015,8,20,0.7,0.0569
18.2149,38.0894,2015,8,20,0.7,0.0717
19.1394,40.2302,2015,8,20,0.7,0.0819
20.0242,37.1907,2015,8,20,0.8,0.142
10.2408,39.0004,2015,8,20,0.4,0.118
89.721,13.08,2015,8,20,4.3,0.0803
7.1787,39.8709,2015,8,20,0.6,0.062
4.468,41.6633,2015,8,20,0.6,0.0988
-4.1911,46.9756,2015,8,20,1.5,0.0242
-26.2094,30.0755,2015,8,20,0.5,0.0714
-59.1859,-53.2399,2015,8,20,0.3,0.172
-53.1789,-50.4957,2015,8,20,0.8,0.062
77.3688,-21.0035,2015,8,20,4.2,0.144
86.5703,-22.4504,2015,8,20,4.2,0.0828
85.3789,-19.471,2015,8,20,4.0,0.22
-151.078,-20.1169,2015,8,20,0.1,0.0304
153.7456,-17.3496,2015,8,21,0.7,0.0497
-17.212,52.285,2015,8,21,4.6,2.929
79.0291,-22.2605,2015,8,21,0.4,0.0441
82.8743,-49.0964,2015,8,21,0.8,0.314
34.8553,-42.7061,2015,8,21,0.8,0.339
32.7673,-43.26,2015,8,21,0.7,0.336
8.4202,69.2983,2015,8,21,0.2,0.424
2.9601,37.8845,2015,8,21,0.6,0.109
-4.1983,46.978,2015,8,21,0.2,0.0302
-26.2661,30.1266,2015,8,21,0.5,0.149
-54.2037,59.0599,2015,8,21,0.2,0.223
-59.1455,-53.243,2015,8,21,0.5,0.157
-52.9869,-50.4024,2015,8,21,0.7,0.0438
77.2843,-20.9952,2015,8,21,4.0,0.173
86.5377,-22.4902,2015,8,21,4.0,0.0702
85.3937,-19.4483,2015,8,21,3.9,0.066
-162.258,-18.2254,2015,8,21,0.5,0.018
33.2962,43.5513,2015,8,21,0.8,0.189
-173.0147,-16.6261,2015,8,21,0.7,0.0994
-1.357,65.422,2015,8,21,4.2,1.098
66.0511,19.9387,2015,8,22,0.6,0.261
67.0176,17.4208,2015,8,22,0.5,0.129
-17.32,52.209,2015,8,22,4.3,3.44
90.4052,-46.5959,2015,8,22,0.7,0.342
84.8338,-48.5364,2015,8,22,0.7,0.383
79.0238,-22.2478,2015,8,22,0.7,0.0483
3.8189,-42.1172,2015,8,22,0.6,0.521
-4.2099,46.9758,2015,8,22,1.2,0.0424
-26.3426,30.1806,2015,8,22,0.6,0.143
-31.1867,53.6384,2015,8,22,0.7,4.46
-44.0665,44.5003,2015,8,22,0.7,0.0292
-59.7856,60.7598,2015,8,22,0.3,0.184
-59.2372,-53.2839,2015,8,22,0.8,0.161
-52.8591,-50.3124,2015,8,22,0.6,0.0301
77.1805,-20.9741,2015,8,22,4.3,0.146
86.5162,-22.5167,2015,8,22,4.0,0.0576
85.393,-19.4282,2015,8,22,4.2,0.05
-17.505,52.213,2015,8,23,4.3,2.681
79.0553,-22.2339,2015,8,23,0.3,0.0357
24.4925,34.0949,2015,8,23,0.8,0.0621
27.2544,34.5632,2015,8,23,0.6,0.0827
11.4035,40.8113,2015,8,23,0.3,0.0322
10.2695,39.3872,2015,8,23,0.1,0.0642
20.3496,36.6679,2015,8,23,0.7,0.0499
69.486,12.52,2015,8,23,0.6,0.00657
4.1931,41.3533,2015,8,23,0.6,0.146
-4.2168,46.971,2015,8,23,3.0,0.0323
-26.3725,30.2309,2015,8,23,0.4,0.0
-26.426,10.6363,2015,8,23,0.4,0.0363
-29.2564,13.843,2015,8,23,0.7,0.0605
-43.8846,57.2136,2015,8,23,0.6,1.148
-54.1894,59.1744,2015,8,23,0.7,0.193
-59.2376,-53.2767,2015,8,23,0.5,0.12
-52.8406,-50.1778,2015,8,23,0.6,0.0675
77.1129,-20.9787,2015,8,23,3.9,0.106
85.3908,-19.3815,2015,8,23,4.1,0.036
86.5013,-22.5564,2015,8,23,4.0,0.054
-17.58,52.28,2015,8,24,4.4,3.45
79.0788,-22.2386,2015,8,24,0.3,0.0273
83.4792,-49.1448,2015,8,24,0.6,0.329
46.3545,-44.1567,2015,8,24,0.4,0.361
32.7029,42.5806,2015,8,24,0.6,0.133
-4.2194,46.9637,2015,8,24,4.9,0.0371
-26.3921,30.2839,2015,8,24,0.7,0.0179
-27.0805,-22.7152,2015,8,24,0.7,0.0363
-23.2758,-38.6081,2015,8,24,0.4,0.23
-21.5924,-41.7998,2015,8,24,0.6,0.156
-24.2581,58.1942,2015,8,24,0.8,1.664
-49.4439,54.9578,2015,8,24,0.6,0.248
-48.3847,54.5044,2015,8,24,0.7,0.172
-59.2605,-53.2547,2015,8,24,0.7,0.219
-52.9014,-50.0625,2015,8,24,1.1,0.0402
85.4072,-19.362,2015,8,24,4.1,0.03
86.4847,-22.6,2015,8,24,4.0,0.0486
77.0289,-20.9891,2015,8,24,4.2,0.11
91.985,17.128,2015,8,24,4.7,0.0803
-17.544,52.357,2015,8,25,4.3,1.978
92.01,17.176,2015,8,25,4.8,0.109
91.9028,15.8441,2015,8,25,0.6,0.00073
79.0896,-22.2542,2015,8,25,0.1,0.0021
45.4124,-44.0376,2015,8,25,0.8,0.383
47.6323,-47.0873,2015,8,25,0.3,0.263
27.3665,34.4643,2015,8,25,0.5,0.0757
27.3319,35.2351,2015,8,25,0.7,0.0717
29.1251,33.0945,2015,8,25,0.3,0.0486
33.2708,42.4588,2015,8,25,0.6,0.153
18.2901,38.0676,2015,8,25,0.8,0.105
20.178,36.7658,2015,8,25,0.3,0.0993
10.142,38.9637,2015,8,25,0.1,0.133
7.2187,40.0188,2015,8,25,1.2,0.0
4.5857,41.7463,2015,8,25,0.1,0.109
18.8628,40.1009,2015,8,25,0.6,0.142
-4.2184,46.9525,2015,8,25,0.5,0.0711
-34.673,21.8863,2015,8,25,0.8,0.22
-59.292,-53.2418,2015,8,25,0.7,0.142
-53.0216,-49.9802,2015,8,25,0.7,0.0657
76.9323,-21.0001,2015,8,25,4.2,0.125
86.4568,-22.6497,2015,8,25,4.1,0.0342
92.115,17.253,2015,8,25,4.7,0.0876
85.3962,-19.3508,2015,8,25,4.2,0.022
-151.2509,-20.058,2015,8,25,0.1,0.0494
-17.41,52.403,2015,8,25,4.2,2.649
92.134,17.284,2015,8,25,4.3,0.0657
-1.675,70.24,2015,8,25,4.4,2.254
24.987,-47.12,2015,8,26,4.2,0.336
153.497,-17.2584,2015,8,26,0.7,0.0248
79.0933,-22.2778,2015,8,26,0.3,0.021
65.6811,-49.28,2015,8,26,0.0,0.245
7.4589,69.7197,2015,8,26,0.6,0.768
14.4992,-42.3795,2015,8,26,0.7,0.759
23.4741,-49.2238,2015,8,26,0.6,0.292
92.5405,14.6577,2015,8,26,0.6,0.0256
7.3282,-40.8596,2015,8,26,0.6,0.544
2.998,37.9102,2015,8,26,1.1,0.111
-4.2052,46.9475,2015,8,26,0.4,7.109
92.245,17.393,2015,8,26,4.7,0.0803
-117.096,-61.418,2015,8,26,4.6,0.158
-53.1435,-49.956,2015,8,26,0.7,0.108
-59.321,-53.2259,2015,8,26,0.5,0.146
76.8411,-20.9948,2015,8,26,4.1,0.122
85.3691,-19.318,2015,8,26,4.3,0.022
92.288,17.412,2015,8,26,4.4,0.073
86.4257,-22.699,2015,8,26,4.0,0.054
-17.283,52.384,2015,8,26,4.2,2.674
-162.1375,-18.3218,2015,8,26,0.5,0.0
-173.0781,-16.5158,2015,8,26,0.4,0.0071
92.321,17.431,2015,8,26,4.9,0.0803
-1.306,65.416,2015,8,26,4.7,0.612
13.811,-40.135,2015,8,27,4.3,2.431
92.361,17.44,2015,8,27,4.0,0.0657
90.8376,-46.6692,2015,8,27,0.7,0.342
85.0787,-48.3023,2015,8,27,0.6,0.296
79.0938,-22.2849,2015,8,27,0.8,0.0987
84.0202,-49.2907,2015,8,27,0.7,0.314
67.8295,-51.9218,2015,8,27,0.8,0.186
92.388,17.452,2015,8,27,4.6,0.0876
3.5602,-42.0869,2015,8,27,0.5,0.649
-4.1987,46.9443,2015,8,27,0.0,0.0666
-26.3327,30.4272,2015,8,27,0.6,0.0
-30.9664,53.9075,2015,8,27,0.6,2.538
92.421,17.469,2015,8,27,4.7,0.102
-44.1764,44.3604,2015,8,27,0.6,0.0657
-59.6392,60.4511,2015,8,27,0.7,0.508
-53.1656,-49.9586,2015,8,27,0.6,0.175
-59.3177,-53.2149,2015,8,27,0.4,0.102
76.7653,-21.002,2015,8,27,4.3,0.0665
86.397,-22.736,2015,8,27,4.2,0.0378
-17.258,52.294,2015,8,27,4.3,2.495
85.3727,-19.2976,2015,8,27,4.0,0.022
92.446,17.462,2015,8,27,4.5,0.102
33.1167,43.5183,2015,8,27,0.5,0.202
-9.206,75.871,2015,8,28,4.5,2.007
79.1105,-22.2977,2015,8,28,0.3,0.12
24.5447,34.1389,2015,8,28,0.5,0.0776
27.2677,34.558,2015,8,28,0.5,0.0773
11.4228,40.7876,2015,8,28,0.1,0.0967
10.2172,39.431,2015,8,28,0.8,0.0983
20.2274,36.5805,2015,8,28,0.2,0.0932
92.478,17.491,2015,8,28,4.4,0.0657
4.5035,41.5474,2015,8,28,0.1,0.0806
-4.1848,46.9423,2015,8,28,1.2,0.0302
-26.2838,30.4128,2015,8,28,0.6,0.00595
-26.4891,10.5986,2015,8,28,0.2,0.0121
-29.1753,13.7471,2015,8,28,0.5,0.0363
-43.8168,57.1509,2015,8,28,0.7,0.734
-53.8972,59.5201,2015,8,28,0.6,0.591
-59.3108,-53.2112,2015,8,28,0.3,0.263
-53.2103,-49.9535,2015,8,28,0.7,0.0529
92.505,17.498,2015,8,28,4.9,0.0949
76.6707,-21.0218,2015,8,28,4.3,0.0627
-17.374,52.208,2015,8,28,4.3,1.921
85.362,-19.2901,2015,8,28,4.1,0.028
86.3767,-22.7856,2015,8,28,4.0,0.0342
92.531,17.511,2015,8,28,4.4,0.0584
92.565,17.515,2015,8,29,4.3,0.0511
79.1314,-22.3243,2015,8,29,0.4,0.0378
11.048,-32.506,2015,8,29,4.1,0.484
92.587,17.507,2015,8,29,4.3,0.0584
45.4204,-43.8578,2015,8,29,0.6,0.416
-50.7098,21.2784,2015,8,29,1.5,0.0
27.5246,-39.8192,2015,8,29,0.7,0.788
-21.3847,-41.7574,2015,8,29,0.7,0.162
-21.7628,-17.6892,2015,8,29,0.8,0.285
-4.1701,46.948,2015,8,29,2.3,0.0313
-26.2433,30.3755,2015,8,29,0.4,0.0119
-26.9489,-22.8815,2015,8,29,0.3,0.0302
-23.4161,-38.6634,2015,8,29,0.5,0.23
-24.0179,58.7006,2015,8,29,0.7,1.34
-50.7089,21.2742,2015,8,29,1.9,0.0
-49.1895,55.1028,2015,8,29,0.7,0.446
-48.4511,55.033,2015,8,29,0.6,0.726
-59.3556,-53.2746,2015,8,29,0.6,0.31
-53.16,-50.0092,2015,8,29,0.7,0.0438
76.5466,-21.0275,2015,8,29,4.3,0.0665
86.3397,-22.844,2015,8,29,4.2,0.0288
85.3241,-19.2638,2015,8,29,3.9,0.022
-50.708,21.2691,2015,8,29,0.7,0.0
92.647,17.505,2015,8,30,4.7,0.109
84.3572,-49.4388,2015,8,30,0.6,0.31
79.144,-22.3735,2015,8,30,0.1,0.0672
44.5493,-43.9493,2015,8,30,0.7,0.398
47.8339,-46.6401,2015,8,30,0.8,0.23
-50.7057,21.2574,2015,8,30,1.4,0.0
27.5163,34.4314,2015,8,30,0.6,0.0732
27.3789,35.2492,2015,8,30,0.5,0.0964
29.2372,33.2469,2015,8,30,0.2,0.0562
33.5482,42.5318,2015,8,30,0.7,0.206
92.663,17.507,2015,8,30,4.5,0.161
18.3188,38.0078,2015,8,30,0.9,0.124
19.1193,39.9392,2015,8,30,0.9,0.123
20.2262,37.1824,2015,8,30,1.0,0.0847
10.0238,38.9183,2015,8,30,0.4,0.124
7.1796,40.1558,2015,8,30,1.3,0.0
4.5949,41.7882,2015,8,30,0.7,0.112
-4.155,46.9594,2015,8,30,0.2,0.0302
92.703,17.504,2015,8,30,4.3,0.161
-53.0679,-50.1248,2015,8,30,0.7,0.0584
-59.3658,-53.2674,2015,8,30,0.6,0.329
86.2958,-22.9035,2015,8,30,4.2,0.0378
85.31,-19.2383,2015,8,30,4.1,0.02
76.4255,-21.0214,2015,8,30,4.4,0.0684
92.715,17.482,2015,8,30,4.7,0.153
-151.4376,-20.0354,2015,8,30,0.1,0.0114
92.734,17.479,2015,8,31,4.4,0.102
153.2875,-17.2471,2015,8,31,0.7,0.0
79.1456,-22.4362,2015,8,31,2.2,0.0147
65.5869,-49.174,2015,8,31,0.8,0.234
35.4495,-43.284,2015,8,31,0.8,0.219
32.8686,-43.2469,2015,8,31,0.7,0.343
6.9921,69.843,2015,8,31,0.2,1.319
14.8874,-42.7756,2015,8,31,0.8,0.398
92.6673,14.9963,2015,8,31,2.5,0.00548
7.3486,-41.1047,2015,8,31,0.8,0.652
3.0114,37.9803,2015,8,31,1.0,0.0756
92.763,17.467,2015,8,31,4.3,0.109
-4.1508,46.9663,2015,8,31,0.3,0.0424
-26.2271,30.2754,2015,8,31,0.5,0.0119
-59.3529,-53.256,2015,8,31,0.4,0.354
-53.0039,-50.1911,2015,8,31,0.7,0.0913
92.8,17.459,2015,8,31,4.2,0.0949
76.3031,-21.0139,2015,8,31,4.1,0.0798
85.3058,-19.225,2015,8,31,3.8,0.016
86.2454,-22.9496,2015,8,31,4.0,0.0396
92.809,17.441,2015,8,31,4.5,0.0949
-161.9814,-18.3999,2015,8,31,0.7,0.0108
-173.1266,-16.5092,2015,8,31,0.7,0.0497
65.9609,20.0494,2015,9,1,0.2,0.283
92.84,17.435,2015,9,1,4.3,0.0803
67.1377,17.3936,2015,9,1,0.5,0.234
91.3258,-46.5877,2015,9,1,0.7,0.324
85.1055,-48.0906,2015,9,1,0.3,0.303
79.1404,-22.4756,2015,9,1,0.2,0.0084
67.9001,-51.9337,2015,9,1,0.7,0.193
92.861,17.403,2015,9,1,4.2,0.0876
-4.1517,46.9725,2015,9,1,1.0,0.0363
92.881,17.389,2015,9,1,4.2,0.0876
-31.1243,54.3999,2015,9,1,0.6,1.548
-43.5398,44.4548,2015,9,1,0.8,0.0985
-59.5791,60.4016,2015,9,1,0.7,0.238
-59.2397,-53.2611,2015,9,1,0.6,0.318
-52.629,-50.0376,2015,9,1,0.7,0.0566
76.2237,-21.0048,2015,9,1,4.1,0.0608
86.1904,-22.9894,2015,9,1,4.2,0.0378
92.898,17.359,2015,9,1,4.5,0.0949
85.2896,-19.1993,2015,9,1,3.9,0.028
87.574,12.667,2015,9,1,4.0,0.234
92.902,17.339,2015,9,2,4.8,0.0803
84.4659,-49.6987,2015,9,2,0.7,0.299
79.1444,-22.5056,2015,9,2,0.4,0.0231
24.5299,34.1528,2015,9,2,0.6,0.078
27.2931,34.5394,2015,9,2,0.1,0.0968
11.439,40.7792,2015,9,2,1.1,0.0979
10.1628,39.4892,2015,9,2,0.3,0.0898
19.9741,36.5372,2015,9,2,0.4,0.0606
69.3821,12.6658,2015,9,2,0.4,0.00584
4.5822,41.3881,2015,9,2,0.8,0.0898
-4.1557,46.9764,2015,9,2,0.2,0.0
-26.3022,30.1936,2015,9,2,0.6,0.0179
-26.5289,10.5975,2015,9,2,0.4,0.0363
-29.0614,13.6872,2015,9,2,0.6,0.0181
-43.8475,57.2193,2015,9,2,0.6,0.637
92.956,17.284,2015,9,2,4.5,0.109
-52.7919,59.8438,2015,9,2,0.7,0.42
-58.9638,-53.3022,2015,9,2,0.7,0.248
-52.6811,-49.8986,2015,9,2,0.6,0.0584
86.139,-23.0279,2015,9,2,3.8,0.036
76.138,-21.0336,2015,9,2,4.4,0.0532
85.2878,-19.163,2015,9,2,4.0,0.028
32.9481,43.5403,2015,9,2,0.5,0.184
92.986,17.222,2015,9,3,4.5,0.117
79.1488,-22.5339,2015,9,3,0.3,0.0357
32.721,42.5508,2015,9,3,0.7,0.163
-21.1875,-41.6796,2015,9,3,0.6,0.234
-4.1656,46.9782,2015,9,3,0.5,0.0181
93.004,17.161,2015,9,3,4.8,0.153
-26.3456,30.159,2015,9,3,0.6,0.0238
-26.8371,-23.0904,2015,9,3,0.4,0.0363
-23.5455,-38.8174,2015,9,3,0.6,0.188
-23.7563,58.9706,2015,9,3,0.7,1.106
-48.8695,54.9908,2015,9,3,0.7,0.63
-52.8689,-49.8392,2015,9,3,0.7,0.0876
-48.0986,55.0842,2015,9,3,0.6,0.639
-58.8551,-53.2895,2015,9,3,0.2,0.263
76.0371,-21.0665,2015,9,3,4.1,0.0722
86.0824,-23.0621,2015,9,3,4.3,0.036
85.2867,-19.1235,2015,9,3,3.8,0.026
93.0,17.144,2015,9,3,4.7,0.131
93.004,17.124,2015,9,3,4.8,0.131
-6.96,64.686,2015,9,3,4.1,1.271
91.9806,15.7852,2015,9,4,0.5,0.0
79.1544,-22.5845,2015,9,4,0.4,0.021
43.97,-43.8483,2015,9,4,0.6,0.409
47.9789,-46.4004,2015,9,4,0.4,0.259
27.678,34.4372,2015,9,4,0.8,0.0799
27.4393,35.1997,2015,9,4,0.5,0.071
29.2506,33.4951,2015,9,4,0.6,0.0586
33.7776,42.6671,2015,9,4,0.8,0.187
18.3228,37.9354,2015,9,4,0.6,0.073
19.1576,40.1401,2015,9,4,0.4,0.0871
20.3447,36.6964,2015,9,4,1.0,0.0954
9.9333,38.8765,2015,9,4,0.4,0.194
7.0823,40.2663,2015,9,4,0.3,0.0219
4.5937,41.8609,2015,9,4,0.4,0.109
-4.178,46.9766,2015,9,4,0.3,0.0424
-26.398,30.1227,2015,9,4,0.0,0.0119
93.044,17.033,2015,9,4,4.4,0.161
-34.4259,22.0409,2015,9,4,0.8,0.018
-52.9646,-49.9391,2015,9,4,0.8,0.0329
-58.8189,-53.2812,2015,9,4,0.7,0.245
75.9543,-21.096,2015,9,4,4.2,0.0931
85.2674,-19.0964,2015,9,4,4.0,0.028
86.0267,-23.0945,2015,9,4,2.5,0.0342
93.04,16.987,2015,9,4,4.6,0.109
-151.6378,-19.9395,2015,9,4,0.1,0.0228
93.033,16.958,2015,9,5,4.5,0.102
25.479,-46.729,2015,9,5,4.5,0.48
153.1493,-17.1864,2015,9,5,0.6,0.00355
93.039,16.925,2015,9,5,4.8,0.117
84.5252,-50.169,2015,9,5,0.7,0.288
79.1632,-22.6521,2015,9,5,1.6,0.0147
65.5405,-49.164,2015,9,5,0.5,0.09
35.6444,-43.5565,2015,9,5,0.6,0.496
32.9669,-43.1997,2015,9,5,0.8,0.38
25.0189,-49.2186,2015,9,5,0.7,0.343
15.2154,-42.5844,2015,9,5,0.7,0.467
7.2195,-41.2737,2015,9,5,0.3,0.562
93.033,16.889,2015,9,5,4.0,0.241
92.7769,15.3492,2015,9,5,0.4,0.0602
6.9252,69.9974,2015,9,5,0.6,1.143
3.0336,38.0537,2015,9,5,0.2,0.102
-4.1867,46.9714,2015,9,5,1.5,0.0369
-26.441,30.0819,2015,9,5,2.5,0.0238
-58.7314,-53.2525,2015,9,5,0.7,0.277
-52.9126,-50.2315,2015,9,5,1.2,0.0438
93.038,16.869,2015,9,5,4.4,0.204
85.9595,-23.1228,2015,9,5,4.3,0.0414
75.894,-21.1476,2015,9,5,4.2,0.0779
85.2313,-19.0554,2015,9,5,3.7,0.05
93.045,16.835,2015,9,5,4.4,0.183
-161.7866,-18.3803,2015,9,5,0.7,0.0144
-173.0913,-16.4531,2015,9,5,0.6,0.0
-116.55,-61.225,2015,9,5,4.7,0.144
93.057,16.79,2015,9,6,4.9,0.0876
92.203,-46.2296,2015,9,6,0.6,0.31
85.1054,-47.765,2015,9,6,0.5,0.285
79.1683,-22.7148,2015,9,6,0.4,0.0483
67.9947,-51.9428,2015,9,6,0.7,0.172
93.063,16.74,2015,9,6,4.4,0.139
3.1774,-42.0209,2015,9,6,0.8,0.45
-4.1937,46.9649,2015,9,6,0.6,0.0363
-26.4978,30.044,2015,9,6,0.0,0.0238
-31.3092,54.8111,2015,9,6,0.9,1.868
-44.21,44.8679,2015,9,6,0.8,0.139
92.991,16.77,2015,9,6,4.6,0.19
-59.2627,60.4014,2015,9,6,0.8,0.68
-58.6683,-53.2027,2015,9,6,0.2,0.307
75.7989,-21.2223,2015,9,6,4.2,0.0703
85.9062,-23.151,2015,9,6,4.3,0.0468
85.1957,-19.0056,2015,9,6,3.8,0.032
93.042,16.643,2015,9,7,4.8,0.109
93.054,16.608,2015,9,7,4.9,0.0876
79.1863,-22.7742,2015,9,7,0.3,0.0147
24.5118,34.1393,2015,9,7,0.6,0.0671
27.3483,34.5531,2015,9,7,0.9,0.0761
11.4355,40.7735,2015,9,7,0.4,0.116
10.1054,39.5375,2015,9,7,0.6,0.117
19.7782,36.4539,2015,9,7,0.6,0.0365
93.062,16.573,2015,9,7,4.2,0.0949
-4.1979,46.9612,2015,9,7,2.8,0.0492
-26.5673,30.0239,2015,9,7,0.0,0.0654
-26.5548,10.5876,2015,9,7,0.6,0.0484
-130.869,-53.46,2015,9,7,4.6,0.186
-28.9348,13.7058,2015,9,7,0.9,0.0242
-44.0369,57.3137,2015,9,7,0.5,0.598
-52.1061,59.7654,2015,9,7,0.6,1.321
-58.6232,-53.1768,2015,9,7,0.5,0.266
-18.039,52.126,2015,9,7,4.1,1.075
75.6952,-21.2549,2015,9,7,4.1,0.0874
93.06,16.511,2015,9,7,4.0,0.0949
85.8501,-23.1843,2015,9,7,4.1,0.0324
85.1514,-18.9812,2015,9,7,3.9,0.022
93.05,16.451,2015,9,8,4.3,0.0803
11.091,-31.579,2015,9,8,4.0,0.54
84.5694,-50.6665,2015,9,8,0.6,0.277
79.2102,-22.8289,2015,9,8,0.4,0.0294
44.2123,-43.6931,2015,9,8,0.8,0.255
-50.5313,21.2108,2015,9,8,0.6,0.109
27.183,-39.3822,2015,9,8,1.3,0.642
-21.0859,-41.5772,2015,9,8,0.6,0.198
-21.5609,-17.519,2015,9,8,2.1,0.0
-4.1987,46.9578,2015,9,8,1.8,0.0505
-26.6332,30.0211,2015,9,8,0.1,0.0357
-26.7191,-23.2171,2015,9,8,0.7,0.0605
-23.6128,-39.0107,2015,9,8,0.5,0.266
-23.8213,59.1058,2015,9,8,0.7,1.084
-48.4574,54.8888,2015,9,8,0.6,0.907
-47.5846,55.2032,2015,9,8,0.5,0.803
-58.5271,-53.1432,2015,9,8,0.7,0.339
93.004,16.363,2015,9,8,4.5,0.102
85.8006,-23.2149,2015,9,8,4.3,0.0522
89.586,12.767,2015,9,8,4.6,0.109
75.5951,-21.3063,2015,9,8,3.9,0.137
85.1066,-18.9433,2015,9,8,3.9,0.042
-50.5224,21.2088,2015,9,8,1.3,0.0
93.004,16.34,2015,9,8,4.5,0.0803
32.6511,43.5625,2015,9,8,0.5,0.198
-6.999,64.314,2015,9,8,4.2,1.159
93.003,16.307,2015,9,9,4.2,0.0657
91.7215,15.943,2015,9,9,0.5,0.0
79.2394,-22.8892,2015,9,9,0.6,0.0231
43.8921,-43.6369,2015,9,9,0.5,0.245
48.0002,-46.1994,2015,9,9,0.8,0.321
93.002,16.251,2015,9,9,4.4,0.0876
-50.5113,21.2064,2015,9,9,2.4,0.0
27.8351,34.4336,2015,9,9,0.9,0.0787
27.4268,35.1564,2015,9,9,0.6,0.0598
29.0306,33.7919,2015,9,9,0.5,0.0643
33.8745,42.8219,2015,9,9,1.0,0.254
6.9442,40.3488,2015,9,9,0.1,0.00365
18.3125,37.879,2015,9,9,0.1,0.0646
18.9359,40.2905,2015,9,9,0.2,0.122
19.674,36.797,2015,9,9,1.1,0.0771
9.8488,38.8187,2015,9,9,0.7,0.113
4.6566,41.9104,2015,9,9,0.6,0.0882
-4.1945,46.9558,2015,9,9,1.8,0.0605
-26.7022,30.0234,2015,9,9,0.0,0.0536
92.989,16.203,2015,9,9,4.9,0.139
-58.4196,-53.1174,2015,9,9,0.7,0.307
75.5086,-21.3749,2015,9,9,4.2,0.137
85.7389,-23.2411,2015,9,9,3.9,0.0594
85.0644,-18.9057,2015,9,9,3.9,0.052
92.972,16.163,2015,9,9,4.1,0.102
-151.8295,-19.8103,2015,9,9,0.1,0.0342
92.948,16.12,2015,9,10,4.5,0.102
153.0026,-17.074,2015,9,10,0.2,0.0178
92.928,16.102,2015,9,10,4.4,0.19
79.2659,-22.9417,2015,9,10,0.3,0.0168
65.4364,-49.1223,2015,9,10,0.6,0.256
36.3614,-49.586,2015,9,10,0.7,0.13
35.8893,-43.745,2015,9,10,0.1,0.391
33.1238,-43.1425,2015,9,10,0.7,0.595
25.6346,-48.8249,2015,9,10,0.7,0.347
7.0466,70.2459,2015,9,10,0.7,1.186
14.983,-42.1141,2015,9,10,0.7,0.416
6.9323,-41.3896,2015,9,10,0.6,0.461
92.916,16.086,2015,9,10,4.5,0.241
92.8675,15.6161,2015,9,10,0.5,0.0701
3.0177,38.1262,2015,9,10,0.5,0.0949
-4.1822,46.9566,2015,9,10,1.6,0.053
-26.783,30.0278,2015,9,10,0.0,0.0476
-58.3702,-53.1002,2015,9,10,0.6,0.285
92.911,16.066,2015,9,10,4.3,0.19
75.3769,-21.4402,2015,9,10,4.3,0.188
85.6759,-23.2666,2015,9,10,3.8,0.0522
85.0192,-18.8829,2015,9,10,3.9,0.092
92.906,16.037,2015,9,10,4.6,0.175
-161.5387,-18.2851,2015,9,10,0.2,0.0108
-172.9653,-16.4408,2015,9,10,0.4,0.0391
92.903,16.005,2015,9,11,4.3,0.139
65.8257,20.0695,2015,9,11,0.1,0.0496
93.2234,-45.699,2015,9,11,0.7,0.277
85.4098,-47.5708,2015,9,11,0.9,0.336
85.2019,-50.8422,2015,9,11,0.5,0.354
79.2873,-22.9828,2015,9,11,0.3,0.0168
68.1807,-51.9575,2015,9,11,0.7,0.208
92.89,15.969,2015,9,11,4.5,0.102
3.0418,-41.9899,2015,9,11,0.4,0.375
87.493,12.152,2015,9,11,4.9,0.343
-4.1655,46.9588,2015,9,11,2.3,0.0484
92.872,15.94,2015,9,11,4.6,0.131
-26.88,30.034,2015,9,11,0.0,0.0536
-31.467,54.9978,2015,9,11,0.2,1.818
-44.0745,44.449,2015,9,11,0.7,0.117
-58.8866,60.3253,2015,9,11,0.7,1.318
-58.3053,-53.0993,2015,9,11,0.6,0.292
84.9777,-18.8441,2015,9,11,3.9,0.052
92.849,15.911,2015,9,11,4.4,0.117
85.6115,-23.2947,2015,9,11,3.9,0.0396
75.2718,-21.4621,2015,9,11,3.8,0.321
92.834,15.894,2015,9,11,4.7,0.117
92.823,15.87,2015,9,12,4.3,0.0803
79.3171,-23.0169,2015,9,12,1.9,0.0147
24.5215,34.102,2015,9,12,0.6,0.0922
27.371,34.554,2015,9,12,1.0,0.0641
92.806,15.853,2015,9,12,4.7,0.117
11.4111,40.7828,2015,9,12,0.1,0.108
19.7354,36.331,2015,9,12,0.2,0.0493
69.3203,12.7062,2015,9,12,0.4,0.0263
4.9228,40.7876,2015,9,12,0.2,0.0972
-4.1469,46.9659,2015,9,12,0.9,0.0484
-26.9901,30.0484,2015,9,12,0.0,0.0952
-26.5188,10.6258,2015,9,12,0.6,0.0242
-28.812,13.6964,2015,9,12,0.6,0.0363
-51.0943,59.7834,2015,9,12,0.3,1.635
-44.0674,57.1623,2015,9,12,0.6,0.684
92.806,15.842,2015,9,12,4.9,0.109
-58.2682,-53.0791,2015,9,12,0.6,0.212
75.1744,-21.5025,2015,9,12,4.3,0.158
84.943,-18.8055,2015,9,12,3.7,0.052
24.968,-56.316,2015,9,12,4.1,0.511
85.5486,-23.3206,2015,9,12,3.8,0.0378
92.803,15.817,2015,9,12,4.4,0.0876
92.809,15.787,2015,9,13,4.3,0.0876
79.3529,-23.056,2015,9,13,0.2,0.0252
92.8,15.749,2015,9,13,4.4,0.0803
44.2586,-43.5234,2015,9,13,0.7,0.314
32.7654,42.6288,2015,9,13,0.6,0.417
-21.0014,-41.5199,2015,9,13,0.7,0.234
-4.1314,46.9775,2015,9,13,0.2,0.145
-27.1247,30.1011,2015,9,13,0.0,0.0654
-26.5967,-23.2844,2015,9,13,0.6,0.0181
-23.6044,-39.2311,2015,9,13,0.5,0.333
-24.0825,59.3037,2015,9,13,0.5,0.73
92.788,15.704,2015,9,13,4.8,0.139
-48.0152,54.8879,2015,9,13,0.7,1.393
-48.0545,55.59,2015,9,13,0.6,1.256
-58.2392,-53.0779,2015,9,13,0.4,0.263
75.0744,-21.5552,2015,9,13,4.2,0.12
85.4732,-23.358,2015,9,13,4.1,0.0396
84.9062,-18.7837,2015,9,13,4.3,0.088
32.3642,43.5302,2015,9,13,0.7,0.259
92.773,15.667,2015,9,14,4.4,0.124
91.6112,15.9433,2015,9,14,0.6,0.00073
86.2794,-50.934,2015,9,14,0.7,0.314
79.3906,-23.0928,2015,9,14,1.9,0.124
44.1225,-43.4244,2015,9,14,0.8,0.307
48.0068,-45.9455,2015,9,14,0.6,0.365
27.9269,34.3822,2015,9,14,0.2,0.0636
27.4164,35.1361,2015,9,14,0.7,0.0924
28.8372,33.9384,2015,9,14,0.1,0.0287
6.7904,40.3948,2015,9,14,1.4,0.0
18.2781,37.8273,2015,9,14,0.5,0.0664
18.9224,40.3718,2015,9,14,0.1,0.06
20.4202,36.8924,2015,9,14,1.0,0.0993
9.7392,38.7983,2015,9,14,0.1,0.19
92.772,15.626,2015,9,14,4.2,0.183
4.5879,41.8308,2015,9,14,0.6,0.114
-4.1209,46.9897,2015,9,14,2.1,0.153
-27.2448,30.1916,2015,9,14,0.0,0.125
-34.2407,22.0749,2015,9,14,0.7,0.0072
-58.1254,-53.0475,2015,9,14,0.8,0.23
92.78,15.597,2015,9,14,4.4,0.139
85.3945,-23.3901,2015,9,14,4.2,0.0522
84.8532,-18.7534,2015,9,14,2.6,0.04
74.9884,-21.6017,2015,9,14,4.3,0.125
92.77,15.577,2015,9,14,4.1,0.109
-152.0473,-19.6614,2015,9,14,0.1,0.0114
1.033,69.032,2015,9,14,4.7,1.901
26.04,-46.242,2015,9,15,4.3,0.389
152.8777,-17.0124,2015,9,15,0.6,0.0213
92.773,15.545,2015,9,15,4.2,0.0876
79.4284,-23.1265,2015,9,15,2.0,0.0147
92.745,15.532,2015,9,15,4.5,0.0803
65.4514,-49.1034,2015,9,15,0.3,0.295
35.9934,-49.5827,2015,9,15,1.0,0.0683
36.0473,-43.8815,2015,9,15,0.6,0.507
33.2813,-43.0082,2015,9,15,0.6,0.361
26.062,-48.4619,2015,9,15,0.6,0.31
7.6615,70.4346,2015,9,15,0.6,1.682
14.0036,-41.7871,2015,9,15,0.8,0.445
6.6184,-41.5127,2015,9,15,0.5,0.662
92.9151,15.7997,2015,9,15,0.6,0.0281
2.9558,38.2111,2015,9,15,1.0,0.114
92.751,15.511,2015,9,15,4.8,0.124
-4.1139,46.9986,2015,9,15,0.5,0.121
-27.344,30.2767,2015,9,15,0.0,0.143
-58.0791,-53.0169,2015,9,15,0.7,0.219
74.9191,-21.6525,2015,9,15,4.3,0.228
85.318,-23.4002,2015,9,15,3.9,0.0648
84.8002,-18.7144,2015,9,15,4.0,0.052
92.755,15.475,2015,9,15,4.1,0.0949
-161.2425,-18.1591,2015,9,15,0.6,0.0072
-172.5694,-16.5872,2015,9,15,0.3,0.0284
92.768,15.448,2015,9,16,4.4,0.109
93.8861,-45.416,2015,9,16,0.6,0.418
86.2945,-47.4757,2015,9,16,0.4,0.285
-115.598,-60.989,2015,9,16,4.0,0.173
79.4673,-23.1623,2015,9,16,0.5,0.0609
68.4273,-51.9128,2015,9,16,0.7,0.201
2.8844,-41.9508,2015,9,16,0.5,0.517
-4.1082,47.0126,2015,9,16,1.4,0.094
-27.4075,30.3639,2015,9,16,0.5,0.232
-31.4847,55.1622,2015,9,16,0.5,1.202
92.759,15.394,2015,9,16,4.7,0.175
-43.7608,44.8722,2015,9,16,0.4,0.124
-58.7974,60.1602,2015,9,16,0.6,1.112
-58.0142,-52.9572,2015,9,16,0.5,0.255
74.8532,-21.7326,2015,9,16,4.2,0.122
85.2525,-23.4069,2015,9,16,3.8,0.0432
84.7549,-18.6848,2015,9,16,4.2,0.032
92.745,15.349,2015,9,17,4.2,0.124
-11.634,75.149,2015,9,17,4.9,1.956
79.509,-23.1869,2015,9,17,0.4,0.0189
92.752,15.306,2015,9,17,4.1,0.204
-4.1064,47.0206,2015,9,17,2.6,0.0944
-129.698,-53.169,2015,9,17,4.6,0.292
92.759,15.288,2015,9,17,4.3,0.146
-17.514,52.551,2015,9,17,4.1,1.246
85.1956,-23.4175,2015,9,17,2.3,0.054
74.7923,-21.8009,2015,9,17,4.1,0.106
84.6952,-18.6624,2015,9,17,4.0,0.02
10.267,-30.898,2015,9,18,3.9,0.463
79.5575,-23.1986,2015,9,18,2.0,0.0546
44.4466,-43.3046,2015,9,18,0.5,0.42
-50.2367,21.2576,2015,9,18,1.3,0.0073
89.509,12.681,2015,9,18,4.8,0.372
25.3898,-38.3282,2015,9,18,1.0,0.307
92.769,15.17,2015,9,18,4.5,0.131
-23.5226,-39.4184,2015,9,18,0.6,0.351
-20.9423,-41.4493,2015,9,18,0.7,0.246
-21.2855,-17.2954,2015,9,18,0.6,0.241
-4.1052,47.0263,2015,9,18,1.4,0.113
-27.5233,30.4962,2015,9,18,0.0,0.101
-26.4902,-23.2659,2015,9,18,0.4,0.0121
-24.176,59.3092,2015,9,18,0.4,0.734
-48.2462,54.8876,2015,9,18,0.0,1.055
-48.754,55.3137,2015,9,18,0.6,1.161
-57.9039,-52.8305,2015,9,18,0.3,0.0546
92.794,15.15,2015,9,18,4.7,0.117
74.7416,-21.8742,2015,9,18,4.1,0.192
84.645,-18.6347,2015,9,18,3.6,0.018
85.1246,-23.4349,2015,9,18,4.0,0.0468
-50.2222,21.2601,2015,9,18,1.2,0.00365
-6.909,63.87,2015,9,18,4.6,1.93
91.2404,16.0,2015,9,19,0.5,0.00438
79.6048,-23.2114,2015,9,19,0.3,0.0063
44.4822,-43.1865,2015,9,19,0.6,1.099
47.9187,-45.5305,2015,9,19,0.6,0.394
-50.2039,21.2633,2015,9,19,1.2,0.00365
27.9865,34.3693,2015,9,19,0.1,0.0591
28.6937,33.9556,2015,9,19,0.1,0.0911
33.8154,43.1458,2015,9,19,0.8,0.203
6.5837,40.4069,2015,9,19,0.4,0.0
18.22,37.7804,2015,9,19,0.8,0.0987
27.3904,35.1196,2015,9,19,0.5,0.0702
18.9523,40.4318,2015,9,19,1.0,0.199
19.689,36.8589,2015,9,19,0.0,0.127
9.6479,38.7426,2015,9,19,0.5,0.184
4.5052,41.7943,2015,9,19,0.6,0.115
-4.1099,47.0297,2015,9,19,1.6,0.0879
-27.5456,30.5641,2015,9,19,0.0,0.119
-57.8341,-52.8084,2015,9,19,0.4,0.212
74.6829,-21.9478,2015,9,19,4.2,0.114
85.0486,-23.4558,2015,9,19,4.0,0.054
84.5905,-18.5964,2015,9,19,4.0,0.016
-152.3208,-19.5556,2015,9,19,0.1,0.0114
32.024,43.5559,2015,9,19,0.8,0.238
152.8347,-16.9522,2015,9,20,2.4,0.0
86.9441,-50.4727,2015,9,20,0.5,0.263
79.6572,-23.2164,2015,9,20,1.9,0.0168
65.4971,-49.1263,2015,9,20,0.5,0.281
35.687,-49.5439,2015,9,20,0.8,0.0773
36.1264,-43.9645,2015,9,20,0.3,0.478
33.3955,-42.8545,2015,9,20,0.8,0.248
26.9046,-48.6432,2015,9,20,0.7,0.332
7.8329,70.3045,2015,9,20,0.4,0.883
13.2867,-41.669,2015,9,20,0.3,0.562
6.2759,-41.6013,2015,9,20,0.7,0.731
92.9715,15.9104,2015,9,20,0.1,0.0234
2.9018,38.2687,2015,9,20,0.1,0.0908
-4.1171,47.0292,2015,9,20,1.4,0.0424
-27.5505,30.6352,2015,9,20,0.0,0.0863
-57.7424,-52.7639,2015,9,20,0.6,0.23
84.9639,-23.4611,2015,9,20,4.0,0.0306
84.5469,-18.5643,2015,9,20,4.0,0.02
92.948,14.988,2015,9,20,4.0,0.0584
74.6314,-21.9983,2015,9,20,4.2,0.0589
-161.0092,-18.0917,2015,9,20,0.3,0.0396
-172.1565,-16.6389,2015,9,20,0.6,0.0178
65.6987,20.0962,2015,9,21,0.6,0.121
67.3701,17.7931,2015,9,21,0.5,0.0387
94.1544,-45.327,2015,9,21,0.7,0.374
87.4995,-47.4438,2015,9,21,0.3,0.153
87.519,11.658,2015,9,21,4.6,0.226
79.7049,-23.2269,2015,9,21,0.2,0.021
68.6179,-51.8175,2015,9,21,0.7,0.179
2.7534,-41.939,2015,9,21,0.8,0.716
-4.1224,47.0272,2015,9,21,2.4,0.0968
-27.5363,30.696,2015,9,21,0.0,0.143
-31.2774,55.3095,2015,9,21,0.7,0.889
-44.2613,45.0332,2015,9,21,0.7,0.073
-58.3845,60.0575,2015,9,21,0.6,1.163
-57.7362,-52.7822,2015,9,21,0.7,0.212
74.5883,-22.052,2015,9,21,4.3,0.0684
84.876,-23.4562,2015,9,21,4.1,0.0234
84.4887,-18.5283,2015,9,21,4.0,0.008
79.7537,-23.2231,2015,9,22,4.0,0.0105
69.2051,12.7721,2015,9,22,0.6,0.0788
-4.1195,47.0236,2015,9,22,1.3,0.0605
-27.4925,30.7525,2015,9,22,0.0,0.149
-26.3781,10.7461,2015,9,22,1.0,0.00605
-28.467,13.9526,2015,9,22,0.8,0.0363
-50.9393,59.3784,2015,9,22,0.6,1.033
-57.7044,-52.8033,2015,9,22,0.7,0.226
74.5472,-22.121,2015,9,22,4.0,0.0646
84.4289,-18.4864,2015,9,22,4.3,0.012
84.7783,-23.4412,2015,9,22,4.2,0.0324
85.9543,-50.2598,2015,9,23,0.7,0.288
79.7867,-23.2168,2015,9,23,0.4,0.0147
44.8578,-43.2415,2015,9,23,0.8,0.186
24.6081,34.1536,2015,9,23,0.6,0.0718
27.5243,34.5198,2015,9,23,0.7,0.149
32.7605,42.7403,2015,9,23,0.7,0.175
11.3038,40.8318,2015,9,23,0.9,0.0838
10.2578,39.6993,2015,9,23,1.0,0.0918
19.9368,36.1237,2015,9,23,0.4,0.071
5.2762,40.549,2015,9,23,0.8,0.116
-23.3037,-39.5513,2015,9,23,0.5,0.212
-20.8445,-41.3554,2015,9,23,0.3,0.144
-4.1193,47.0182,2015,9,23,1.2,0.0666
-27.45,30.7924,2015,9,23,0.0,0.155
-26.4122,-23.2469,2015,9,23,0.6,0.0
-23.9107,59.3426,2015,9,23,0.1,0.65
-44.123,56.7958,2015,9,23,0.8,0.72
-48.5171,55.3224,2015,9,23,2.9,1.051
-47.7234,54.6195,2015,9,23,0.6,1.253
-57.5339,-52.8258,2015,9,23,0.7,0.237
74.4896,-22.2037,2015,9,23,4.2,0.123
84.6913,-23.4086,2015,9,23,4.0,0.0432
84.385,-18.4638,2015,9,23,3.9,0.016
90.9459,15.8261,2015,9,24,0.5,0.00548
79.8111,-23.2123,2015,9,24,0.3,0.0882
45.0672,-43.1632,2015,9,24,0.7,0.241
47.6552,-44.9464,2015,9,24,0.8,0.343
28.0743,34.3404,2015,9,24,0.2,0.105
27.3673,35.1117,2015,9,24,0.4,0.13
28.5999,33.933,2015,9,24,0.1,0.0738
20.3407,36.7652,2015,9,24,0.1,0.0695
33.6854,43.2547,2015,9,24,0.7,0.446
6.3191,40.3457,2015,9,24,0.7,0.0511
18.1754,37.7394,2015,9,24,0.3,0.0977
18.9624,40.3392,2015,9,24,0.6,0.0724
4.5462,41.8008,2015,9,24,0.4,0.182
9.5047,38.6931,2015,9,24,0.1,0.0841
-4.1134,47.0146,2015,9,24,2.9,0.133
-27.388,30.8259,2015,9,24,0.1,0.155
-34.0368,21.918,2015,9,24,0.8,0.0216
-57.5049,-52.8316,2015,9,24,0.8,0.131
74.4567,-22.2698,2015,9,24,4.2,0.105
84.6179,-23.3723,2015,9,24,4.3,0.0684
84.3334,-18.4389,2015,9,24,3.9,0.02
-152.5759,-19.5376,2015,9,24,0.0,0.0152
31.9449,43.606,2015,9,24,0.5,0.162
1.78,68.621,2015,9,24,4.9,1.145
27.339,-46.074,2015,9,25,4.4,0.379
152.7806,-16.9145,2015,9,25,0.8,0.0071
79.8337,-23.1867,2015,9,25,0.2,0.0168
65.518,-49.1168,2015,9,25,0.7,0.256
34.8561,-49.5554,2015,9,25,0.8,0.00943
33.5011,-42.7018,2015,9,25,0.6,0.759
27.6903,-49.124,2015,9,25,0.7,0.365
7.2913,70.2486,2015,9,25,0.8,1.059
12.8594,-41.6555,2015,9,25,0.8,0.485
5.9487,-41.6104,2015,9,25,0.7,0.691
93.0326,15.9414,2015,9,25,0.5,0.00584
2.8727,38.3148,2015,9,25,0.4,0.123
-4.1045,47.0134,2015,9,25,0.7,0.0484
-27.3286,30.8377,2015,9,25,0.0,0.244
-57.4777,-52.8228,2015,9,25,0.8,0.175
74.4378,-22.3291,2015,9,25,4.3,0.196
84.5536,-23.3432,2015,9,25,4.2,0.0414
84.2709,-18.3955,2015,9,25,4.1,0.018
-160.7912,-18.1221,2015,9,25,0.6,0.0
-172.1058,-16.7243,2015,9,25,0.4,0.0142
94.3169,-45.3435,2015,9,26,0.8,0.27
88.4602,-47.5144,2015,9,26,0.6,0.299
85.378,-49.7512,2015,9,26,0.6,0.23
79.8732,-23.1527,2015,9,26,0.3,0.0399
68.6879,-51.7017,2015,9,26,0.7,0.179
2.6617,-41.9724,2015,9,26,0.7,0.544
-4.0952,47.0142,2015,9,26,2.4,0.0657
-27.2595,30.846,2015,9,26,0.0,0.107
-31.1245,55.4314,2015,9,26,0.5,0.868
-44.437,44.6306,2015,9,26,0.3,0.0876
-58.4275,60.0252,2015,9,26,0.7,1.336
-57.4109,-52.7874,2015,9,26,0.7,0.157
-114.406,-60.481,2015,9,26,4.4,0.209
84.4453,-23.3353,2015,9,26,4.3,0.0486
74.3977,-22.4019,2015,9,26,4.2,0.142
84.2287,-18.3871,2015,9,26,4.0,0.036
-13.637,74.511,2015,9,27,4.5,1.307
79.932,-23.1255,2015,9,27,0.4,0.0735
-4.0823,47.0159,2015,9,27,0.7,0.182
-27.1916,30.8464,2015,9,27,0.0,0.119
-26.2958,10.7596,2015,9,27,0.9,0.0121
-28.3192,14.0488,2015,9,27,1.0,0.103
-50.7894,59.1439,2015,9,27,0.6,1.215
-57.3744,-52.7506,2015,9,27,0.8,0.281
-18.049,52.676,2015,9,27,4.2,1.21
74.3698,-22.4381,2015,9,27,4.0,0.175
84.1533,-18.3652,2015,9,27,3.7,0.026
84.3509,-23.3018,2015,9,27,4.2,0.0432
89.618,12.788,2015,9,28,4.6,0.102
9.207,-31.11,2015,9,28,4.1,0.306
79.9792,-23.088,2015,9,28,0.2,0.0147
93.018,14.594,2015,9,28,4.2,0.0292
45.401,-43.2661,2015,9,28,0.6,1.431
-49.9598,21.3536,2015,9,28,0.7,0.00365
24.6579,34.2548,2015,9,28,0.1,0.0656
27.6101,34.5289,2015,9,28,0.7,0.0636
11.3064,40.8248,2015,9,28,0.4,0.149
10.2246,39.6698,2015,9,28,0.5,0.13
19.8995,36.1678,2015,9,28,0.6,0.0706
26.2073,-37.4012,2015,9,28,0.6,0.356
5.3312,40.4932,2015,9,28,0.6,0.108
-23.0311,-39.5653,2015,9,28,0.8,0.182
-20.8157,-41.2251,2015,9,28,0.6,0.174
-21.1622,-17.1561,2015,9,28,0.8,0.113
-4.0721,47.0216,2015,9,28,0.8,0.0424
-27.1091,30.8305,2015,9,28,0.1,0.131
-23.6823,59.0421,2015,9,28,0.7,0.85
-44.077,56.7881,2015,9,28,0.7,0.799
-47.0704,54.9177,2015,9,28,0.7,1.04
-49.1674,55.6856,2015,9,28,0.3,1.015
-57.3722,-52.7169,2015,9,28,0.5,0.277
74.3398,-22.4494,2015,9,28,4.1,0.0741
84.2674,-23.2643,2015,9,28,4.1,0.0324
84.1113,-18.2933,2015,9,28,3.4,0.02
-49.9465,21.3584,2015,9,28,1.3,0.0
-5.913,63.739,2015,9,28,4.6,1.267
85.7097,-49.1024,2015,9,29,0.7,0.303
80.0228,-23.0524,2015,9,29,0.3,0.0147
45.8059,-43.1673,2015,9,29,0.7,1.278
47.382,-44.5442,2015,9,29,0.7,0.964
-49.93,21.3642,2015,9,29,1.4,0.00365
28.1101,34.2743,2015,9,29,0.7,0.0622
27.6391,34.5406,2015,9,29,0.9,0.0955
27.3547,35.1267,2015,9,29,0.8,0.064
28.527,33.9275,2015,9,29,0.6,0.0729
33.5823,43.3144,2015,9,29,0.6,0.296
6.0317,40.3016,2015,9,29,1.4,0.0
18.1456,37.7027,2015,9,29,0.5,0.119
18.7284,40.4381,2015,9,29,0.9,0.151
19.7727,36.9933,2015,9,29,0.7,0.108
9.4803,38.7183,2015,9,29,1.0,0.186
4.5921,41.8165,2015,9,29,0.6,0.176
-4.0635,47.0295,2015,9,29,1.6,0.16
2.6182,-42.0285,2015,9,29,0.3,0.431
-27.0445,30.7879,2015,9,29,0.0,0.0952
-57.3816,-52.6852,2015,9,29,0.8,0.0438
84.1923,-23.2389,2015,9,29,4.3,0.036
84.0783,-18.2749,2015,9,29,4.2,0.024
74.3136,-22.4656,2015,9,29,4.1,0.0589
-152.8278,-19.6145,2015,9,29,0.1,0.0038
31.9295,43.6249,2015,9,29,0.6,0.248
152.7819,-16.9516,2015,9,30,0.5,0.0248
80.0651,-23.0091,2015,9,30,0.4,0.042
65.5682,-49.1038,2015,9,30,0.5,0.263
33.2728,-49.3467,2015,9,30,0.6,0.0439
36.2963,-44.0474,2015,9,30,0.3,0.431
33.5178,-42.5099,2015,9,30,0.8,0.453
27.9702,-49.4446,2015,9,30,0.8,0.336
27.6735,34.5608,2015,9,30,1.0,0.091
6.5927,70.3363,2015,9,30,0.3,0.557
12.7848,-41.5391,2015,9,30,0.6,0.442
5.604,-41.6572,2015,9,30,0.8,0.666
93.1015,15.8737,2015,9,30,0.4,0.0329
2.8488,38.3211,2015,9,30,0.4,0.139
-4.0607,47.0377,2015,9,30,1.8,0.0502
-26.9855,30.728,2015,9,30,0.0,0.173
-57.3723,-52.6588,2015,9,30,0.5,0.35
74.2859,-22.4795,2015,9,30,4.1,0.122
84.0166,-18.2248,2015,9,30,3.9,0.016
84.1219,-23.2207,2015,9,30,4.0,0.0342
87.617,11.485,2015,9,30,4.5,0.117
-160.6336,-18.1586,2015,9,30,0.7,0.0036
-172.1801,-16.9158,2015,9,30,0.6,0.0071
-1.703,65.511,2015,9,30,3.9,0.544
65.4895,20.1482,2015,10,1,0.4,0.092
67.3357,18.1293,2015,10,1,0.1,0.0201
94.4554,-45.2728,2015,10,1,0.6,0.27
89.0462,-47.7375,2015,10,1,0.7,0.339
80.1188,-22.9618,2015,10,1,0.7,0.0042
68.8926,-51.5106,2015,10,1,0.8,0.186
45.7809,-43.1997,2015,10,1,0.6,0.664
27.7179,34.5745,2015,10,1,0.4,0.0543
11.3131,40.8283,2015,10,1,0.6,0.132
-4.0592,47.0456,2015,10,1,0.9,0.0794
-26.9461,30.6661,2015,10,1,0.5,0.164
20.352,61.566,2015,10,1,4.9,1.164
-57.2934,-52.6522,2015,10,1,0.5,0.27
74.2477,-22.4988,2015,10,1,4.3,0.135
84.0529,-23.1971,2015,10,1,4.2,0.0324
83.986,-18.1644,2015,10,1,3.6,0.01
86.5766,-48.8747,2015,10,2,0.8,0.318
80.1928,-22.9194,2015,10,2,0.3,0.0336
27.7541,34.5828,2015,10,2,0.2,0.0688
69.0601,12.7737,2015,10,2,0.5,0.0329
-4.0589,47.0506,2015,10,2,1.6,0.0885
-26.9215,30.5924,2015,10,2,0.0,0.158
-26.2104,10.7429,2015,10,2,0.2,0.0
-28.1905,14.1575,2015,10,2,0.8,0.0968
-57.2449,-52.632,2015,10,2,0.7,0.434
83.9774,-23.1817,2015,10,2,4.1,0.0378
74.2013,-22.5092,2015,10,2,4.1,0.118
83.9262,-18.1397,2015,10,2,4.1,0.016
93.028,14.692,2015,10,3,4.3,0.0584
80.2444,-22.8719,2015,10,3,0.1,0.0126
65.6146,-49.0462,2015,10,3,0.2,0.284
43.586,-47.89,2015,10,3,4.3,0.339
32.5302,-48.7264,2015,10,3,0.1,0.018
36.4041,-44.133,2015,10,3,0.1,0.445
33.4974,-42.4646,2015,10,3,0.1,0.475
27.9961,-49.6147,2015,10,3,0.1,0.274
24.6588,34.3019,2015,10,3,0.5,0.0629
27.7865,34.5894,2015,10,3,0.6,0.0711
19.8806,36.1325,2015,10,3,0.7,0.085
32.5632,42.7127,2015,10,3,0.4,0.611
12.9631,-41.4515,2015,10,3,0.1,0.339
5.4301,-41.709,2015,10,3,0.1,0.67
5.2926,40.4658,2015,10,3,0.6,0.136
10.1759,39.5934,2015,10,3,0.6,0.117
-22.762,-39.4834,2015,10,3,0.7,0.272
-20.7169,-41.1295,2015,10,3,0.7,0.234
-4.0623,47.0536,2015,10,3,0.9,0.0484
-26.9228,30.5069,2015,10,3,0.0,0.0714
-26.3205,-23.135,2015,10,3,0.2,0.00605
-23.6397,59.0977,2015,10,3,0.7,0.785
-57.198,-52.6059,2015,10,3,0.5,0.369
74.151,-22.5157,2015,10,3,4.3,0.137
83.8609,-18.0818,2015,10,3,4.0,0.014
83.8943,-23.1508,2015,10,3,3.9,0.0288
80.3281,-22.845,2015,10,4,0.3,0.0315
68.9498,-51.3676,2015,10,4,0.1,0.201
46.4735,-43.203,2015,10,4,0.1,0.292
46.9249,-43.2013,2015,10,4,0.4,0.204
47.1697,-44.2324,2015,10,4,0.7,1.35
28.0936,34.2509,2015,10,4,0.1,0.0411
27.8129,34.599,2015,10,4,0.5,0.0596
27.3418,35.1327,2015,10,4,0.1,0.0734
28.4183,33.9344,2015,10,4,0.2,0.113
19.9826,36.675,2015,10,4,0.7,0.112
33.4897,43.3414,2015,10,4,0.7,0.337
5.7607,40.2764,2015,10,4,1.3,0.0146
18.1264,37.6649,2015,10,4,0.7,0.085
9.4635,38.7421,2015,10,4,1.0,0.175
2.5191,-42.1036,2015,10,4,0.8,0.525
4.555,41.8021,2015,10,4,0.5,0.165
18.7615,40.1647,2015,10,4,0.6,0.233
-4.0668,47.0549,2015,10,4,0.0,0.121
-26.9442,30.4114,2015,10,4,0.0,0.0476
-33.904,21.5742,2015,10,4,0.8,0.0432
-57.0933,-52.4943,2015,10,4,0.8,0.383
74.0996,-22.5106,2015,10,4,4.2,0.118
83.8163,-23.1244,2015,10,4,4.1,0.0414
83.8183,-18.0494,2015,10,4,4.3,0.02
-152.9606,-19.6866,2015,10,4,0.1,0.038
28.945,-45.675,2015,10,5,4.4,0.276
152.7458,-16.9796,2015,10,5,0.7,0.0461
80.4269,-22.8284,2015,10,5,0.3,0.0315
87.4081,-49.12,2015,10,5,0.7,0.241
27.8439,34.6124,2015,10,5,0.1,0.0746
6.0728,70.4607,2015,10,5,0.3,0.526
93.1424,15.8093,2015,10,5,0.4,0.0639
2.8418,38.3227,2015,10,5,0.6,0.141
-4.0738,47.0586,2015,10,5,1.7,0.245
-26.9784,30.3257,2015,10,5,0.0,0.0476
-57.0774,-52.4815,2015,10,5,0.7,0.434
83.7571,-23.1055,2015,10,5,4.3,0.0378
74.0714,-22.5018,2015,10,5,4.0,0.0779
83.7524,-18.0183,2015,10,5,2.4,0.026
-160.5293,-18.2142,2015,10,5,0.7,0.036
31.7814,43.6832,2015,10,5,0.6,0.409
-172.2618,-17.2344,2015,10,5,0.7,0.0213
-1.685,65.574,2015,10,5,4.2,0.511
80.5164,-22.8265,2015,10,6,0.3,0.0042
94.5293,-45.0552,2015,10,6,0.7,0.328
89.2495,-48.0579,2015,10,6,0.6,0.35
65.6521,-49.035,2015,10,6,0.1,0.155
36.5998,-43.9562,2015,10,6,0.1,0.529
33.1581,-48.1829,2015,10,6,0.1,0.0036
33.4553,-42.4542,2015,10,6,0.1,0.5
27.8609,-49.8421,2015,10,6,0.1,0.401
13.0667,-41.4554,2015,10,6,0.1,0.445
5.255,-41.7721,2015,10,6,0.1,0.742
11.3192,40.8297,2015,10,6,0.1,0.153
-4.0712,47.0548,2015,10,6,1.7,0.121
-27.0234,30.2471,2015,10,6,0.0,0.0714
-30.8133,55.543,2015,10,6,0.4,0.562
-44.1289,45.2498,2015,10,6,0.6,0.299
-59.1744,60.4045,2015,10,6,0.8,0.965
-57.1021,-52.4627,2015,10,6,0.6,0.836
74.0465,-22.4963,2015,10,6,4.2,0.0703
83.6967,-17.9744,2015,10,6,4.2,0.028
83.6838,-23.0918,2015,10,6,4.0,0.0306
-15.608,73.452,2015,10,7,4.8,0.854
68.9715,-51.2747,2015,10,7,0.1,0.197
80.5876,-22.826,2015,10,7,0.3,0.0063
47.2508,-43.1884,2015,10,7,0.1,1.336
2.4607,-42.1435,2015,10,7,0.7,0.649
-4.0652,47.0519,2015,10,7,1.1,0.0847
-27.083,30.1852,2015,10,7,0.0,0.0238
-26.0762,10.6892,2015,10,7,1.0,0.0242
-28.0963,14.3176,2015,10,7,1.1,0.0363
-16.83,52.098,2015,10,7,4.3,0.414
-52.5448,58.8748,2015,10,7,0.4,1.299
-57.148,-52.4425,2015,10,7,0.4,0.872
74.0289,-22.5178,2015,10,7,4.1,0.057
83.6081,-23.0849,2015,10,7,4.1,0.0306
83.6535,-17.9593,2015,10,7,2.1,0.018
92.998,14.734,2015,10,7,4.2,0.153
9.042,-31.417,2015,10,8,4.0,0.971
80.6535,-22.853,2015,10,8,0.3,0.0273
87.759,-49.6486,2015,10,8,0.7,0.241
69.0057,-51.2616,2015,10,8,0.1,0.201
-49.8254,21.4317,2015,10,8,2.3,0.0
24.6365,34.3365,2015,10,8,0.6,0.0665
19.9283,36.0911,2015,10,8,0.4,0.0768
5.1056,40.4888,2015,10,8,0.1,0.119
10.1147,39.487,2015,10,8,0.2,0.112
27.9666,-38.3332,2015,10,8,0.5,1.137
-22.5202,-39.3455,2015,10,8,0.6,0.327
-20.6648,-41.047,2015,10,8,0.7,0.192
-21.1332,-17.0533,2015,10,8,0.6,0.00365
-4.0569,47.0515,2015,10,8,1.7,0.0852
-27.1353,30.1275,2015,10,8,0.0,0.0238
-26.3275,-23.0911,2015,10,8,0.4,0.0121
-23.6187,59.1073,2015,10,8,0.7,0.686
-49.823,21.4332,2015,10,8,1.9,-0.0
-43.9908,56.4042,2015,10,8,0.5,0.716
-47.6919,55.2479,2015,10,8,0.7,1.001
-49.7414,55.6465,2015,10,8,0.7,0.902
-57.1617,-52.4346,2015,10,8,0.3,1.442
83.5148,-23.0626,2015,10,8,4.0,0.027
83.5867,-17.9361,2015,10,8,4.2,0.014
73.9913,-22.5482,2015,10,8,4.0,0.0551
-49.8207,21.4346,2015,10,8,0.6,0.00183
-4.993,63.854,2015,10,8,4.1,0.443
90.8004,15.7163,2015,10,9,0.2,0.00109
80.698,-22.8827,2015,10,9,0.5,0.0042
69.033,-51.2557,2015,10,9,0.3,0.197
65.7602,-49.0405,2015,10,9,0.1,0.328
47.7081,-43.3589,2015,10,9,0.1,1.15
36.6506,-43.7897,2015,10,9,0.1,0.42
47.1081,-43.9318,2015,10,9,0.1,0.675
-49.8138,21.4389,2015,10,9,1.2,0.0
34.5386,-48.4742,2015,10,9,0.1,0.018
33.4508,-42.4505,2015,10,9,0.1,0.482
27.7284,-50.0615,2015,10,9,0.1,0.434
28.0858,34.1944,2015,10,9,0.6,0.076
27.2804,35.1698,2015,10,9,0.2,0.0732
28.3511,33.88,2015,10,9,0.4,0.0458
20.1063,36.9575,2015,10,9,0.0,0.0812
33.386,43.3684,2015,10,9,0.6,0.633
13.1301,-41.5047,2015,10,9,0.1,0.438
5.5079,40.266,2015,10,9,1.3,0.0073
5.144,-41.8293,2015,10,9,0.4,0.871
4.6286,41.7387,2015,10,9,0.1,0.136
18.1097,37.6312,2015,10,9,0.1,0.0795
9.4062,38.7398,2015,10,9,0.6,0.156
18.7769,40.0506,2015,10,9,0.5,0.191
-4.0534,47.0528,2015,10,9,1.5,4.175
-57.1555,-52.4169,2015,10,9,0.5,2.07
73.9588,-22.5679,2015,10,9,4.3,0.0532
83.5394,-17.9199,2015,10,9,3.9,0.026
83.4432,-23.0321,2015,10,9,4.3,0.0324
-153.0403,-19.8297,2015,10,9,0.0,0.0228
152.6639,-17.0094,2015,10,10,0.6,0.0994
80.7363,-22.8972,2015,10,10,0.2,0.0063
69.0555,-51.2217,2015,10,10,0.1,0.204
65.7344,-49.0277,2015,10,10,0.2,0.392
47.7696,-43.2437,2015,10,10,0.1,0.372
27.8892,34.6362,2015,10,10,0.2,0.121
5.5625,70.5593,2015,10,10,0.7,0.605
93.1201,15.6903,2015,10,10,0.4,0.0985
2.4547,-42.1553,2015,10,10,0.7,0.705
2.8136,38.3223,2015,10,10,0.4,0.13
-4.0482,47.0556,2015,10,10,1.2,0.135
87.733,11.722,2015,10,10,4.7,0.102
-27.274,30.0346,2015,10,10,0.0,0.0179
-57.1039,-52.3438,2015,10,10,0.6,2.263
73.9155,-22.5656,2015,10,10,4.2,0.0475
83.3639,-23.0049,2015,10,10,2.8,0.0288
83.495,-17.9267,2015,10,10,3.9,0.012
-172.268,-17.5582,2015,10,10,0.6,0.0142
65.4184,20.2006,2015,10,11,0.5,0.122
67.2291,18.351,2015,10,11,0.4,0.011
94.4768,-44.7332,2015,10,11,0.2,0.479
80.7842,-22.9203,2015,10,11,4.1,0.0105
89.0186,-48.4223,2015,10,11,0.4,0.336
87.7968,-50.2483,2015,10,11,0.6,0.259
69.0902,-51.1858,2015,10,11,0.3,0.204
65.7083,-49.0361,2015,10,11,0.3,0.353
11.3108,40.8394,2015,10,11,0.1,0.145
-4.0472,47.0609,2015,10,11,2.3,0.0968
-27.3596,30.0099,2015,10,11,0.0,0.0208
-57.0844,-52.3108,2015,10,11,0.6,4.208
83.2856,-22.9726,2015,10,11,4.2,0.0234
73.888,-22.5476,2015,10,11,4.2,0.0513
83.4354,-17.9101,2015,10,11,3.9,0.012
31.6628,43.7692,2015,10,11,0.7,0.542
-154.611,-38.98,2015,10,12,4.1,0.212
69.1176,-51.1482,2015,10,12,0.2,0.215
65.655,-49.0313,2015,10,12,0.2,0.324
80.8198,-22.9738,2015,10,12,2.0,0.0588
36.7972,-43.691,2015,10,12,0.1,0.412
35.7028,-48.8063,2015,10,12,0.1,0.0648
33.4917,-42.463,2015,10,12,0.1,0.686
27.5724,-50.2473,2015,10,12,0.1,0.42
13.2336,-41.5467,2015,10,12,0.1,0.336
5.041,-41.8728,2015,10,12,0.1,0.756
68.9041,12.7727,2015,10,12,0.4,0.0613
-4.0429,47.067,2015,10,12,0.2,0.0908
-27.4546,30.0115,2015,10,12,0.0,0.00595
-25.9494,10.5802,2015,10,12,0.0,0.0424
-28.0254,14.4295,2015,10,12,0.7,0.0121
-57.0548,-52.2956,2015,10,12,0.6,3.577
73.86,-22.5437,2015,10,12,4.1,0.0494
83.3921,-17.8928,2015,10,12,3.7,0.014
83.2129,-22.9293,2015,10,12,4.2,0.0234
80.8473,-23.0345,2015,10,13,0.2,0.0336
69.12,-51.1242,2015,10,13,0.1,0.219
65.6407,-49.0372,2015,10,13,0.1,0.378
48.044,-43.3616,2015,10,13,0.1,0.471
24.6147,34.3761,2015,10,13,0.1,0.0877
20.0132,36.0499,2015,10,13,0.5,0.0951
32.3803,42.6212,2015,10,13,0.7,0.551
4.9696,40.5232,2015,10,13,1.0,0.0876
10.1039,39.4384,2015,10,13,0.6,0.112
2.4752,-42.1754,2015,10,13,0.4,0.6
-22.2846,-39.2274,2015,10,13,0.7,0.309
-20.6024,-40.9874,2015,10,13,0.6,0.246
-4.0369,47.0727,2015,10,13,2.2,0.0986
-26.3982,-23.0818,2015,10,13,0.6,0.0121
-23.6587,58.8922,2015,10,13,0.8,0.774
45.078,-48.14,2015,10,13,4.6,0.391
-57.0228,-52.2822,2015,10,13,0.7,4.46
73.809,-22.5358,2015,10,13,4.3,0.0513
83.1563,-22.8935,2015,10,13,4.0,0.0288
83.3512,-17.8764,2015,10,13,4.3,0.012
-149.1365,-18.2267,2015,10,13,0.5,0.00365
80.8371,-23.1164,2015,10,14,3.9,0.0126
87.6721,-50.7437,2015,10,14,0.8,0.204
69.123,-51.1085,2015,10,14,0.1,0.204
65.6388,-49.0177,2015,10,14,0.1,0.396
48.0024,-43.4986,2015,10,14,0.1,0.482
47.0975,-43.7279,2015,10,14,0.1,0.383
28.0195,34.1217,2015,10,14,0.1,0.052
27.292,35.1498,2015,10,14,0.6,0.0724
28.2716,33.7919,2015,10,14,0.3,0.0491
19.5668,36.8462,2015,10,14,0.5,0.121
33.2134,43.3708,2015,10,14,0.5,0.788
5.3122,40.2107,2015,10,14,0.4,0.0219
4.822,41.7023,2015,10,14,0.6,0.137
18.098,37.615,2015,10,14,0.3,0.0915
18.7118,39.7696,2015,10,14,0.7,0.171
9.3857,38.7537,2015,10,14,0.5,0.11
-4.0301,47.0778,2015,10,14,1.4,0.126
-27.6454,30.0043,2015,10,14,0.1,0.19
-34.0363,21.1523,2015,10,14,0.8,0.0216
-56.9236,-52.0992,2015,10,14,0.7,2.639
83.1117,-22.8586,2015,10,14,4.0,0.0234
83.3294,-17.8758,2015,10,14,3.8,0.016
73.7564,-22.5317,2015,10,14,3.8,0.0494
-153.0453,-19.9633,2015,10,14,0.1,0.0114
29.703,-45.576,2015,10,15,4.2,0.31
152.6005,-17.049,2015,10,15,0.7,0.0461
80.8413,-23.2037,2015,10,15,0.5,0.0126
69.1179,-51.0867,2015,10,15,0.1,0.241
65.6779,-48.987,2015,10,15,0.1,0.457
36.8884,-48.7866,2015,10,15,0.6,0.00192
36.9673,-43.6087,2015,10,15,0.1,0.668
33.5493,-42.5382,2015,10,15,0.1,0.84
27.583,-50.3703,2015,10,15,0.2,0.482
27.9116,34.6484,2015,10,15,0.5,0.0927
5.0786,70.6114,2015,10,15,0.5,0.43
13.2692,-41.5387,2015,10,15,0.1,0.42
4.9334,-41.9171,2015,10,15,0.1,0.778
93.0387,15.6189,2015,10,15,0.4,0.0376
2.8183,38.3424,2015,10,15,0.7,0.178
-4.0257,47.0816,2015,10,15,2.9,0.0686
-27.7573,30.0067,2015,10,15,0.0,0.0119
-56.9203,-52.08,2015,10,15,0.7,5.052
73.7136,-22.5296,2015,10,15,4.2,0.0551
83.2975,-17.8807,2015,10,15,3.8,0.018
83.0737,-22.8482,2015,10,15,4.2,0.0324
-160.3583,-18.2216,2015,10,15,0.7,0.0072
-149.1151,-18.2066,2015,10,15,0.5,0.0584
-172.2343,-17.879,2015,10,15,0.7,0.0426
94.2633,-44.293,2015,10,16,0.5,0.587
80.8362,-23.279,2015,10,16,0.2,0.0168
88.5211,-48.8169,2015,10,16,0.8,0.325
69.0798,-51.0629,2015,10,16,0.2,0.234
65.6401,-48.9592,2015,10,16,0.1,0.382
48.2755,-43.4592,2015,10,16,0.1,1.296
11.3123,40.8473,2015,10,16,0.1,0.155
2.4466,-42.1776,2015,10,16,0.6,0.701
-4.0217,47.0872,2015,10,16,1.9,0.0877
-27.8606,30.0163,2015,10,16,0.2,0.0
-31.1092,55.7789,2015,10,16,0.1,0.475
2.4535,-42.18,2015,10,16,1.9,0.697
-44.5231,45.7182,2015,10,16,0.7,0.161
-59.6128,60.2934,2015,10,16,0.8,0.806
-56.8994,-52.0136,2015,10,16,0.5,3.307
73.6611,-22.5426,2015,10,16,4.1,0.057
83.0292,-22.8547,2015,10,16,4.1,0.0288
83.266,-17.8602,2015,10,16,4.2,0.016
77.114,-0.974,2015,10,16,4.3,0.115
-149.1319,-18.2159,2015,10,16,0.7,0.0511
87.8166,-51.0711,2015,10,17,0.7,0.318
69.0661,-51.0513,2015,10,17,0.1,0.259
65.662,-48.9708,2015,10,17,0.1,0.385
80.8238,-23.3563,2015,10,17,1.8,0.0042
-111.477,-59.939,2015,10,17,3.8,0.245
90.316,13.296,2015,10,17,4.8,0.073
-15.933,51.211,2015,10,17,4.2,0.737
-25.8644,10.4962,2015,10,17,0.1,0.0424
-4.0185,47.0935,2015,10,17,1.2,1.137
-27.9598,30.0235,2015,10,17,0.0,0.00595
-28.0082,14.5299,2015,10,17,0.5,0.0302
-52.2023,58.2137,2015,10,17,0.7,1.121
-56.8643,-51.9479,2015,10,17,0.5,4.07
82.9507,-22.8561,2015,10,17,4.1,0.027
73.5934,-22.561,2015,10,17,4.0,0.0684
83.2561,-17.8456,2015,10,17,4.3,0.022
-149.1404,-18.2026,2015,10,17,0.7,0.0913
31.6105,43.7886,2015,10,17,0.6,0.385
9.085,-31.195,2015,10,18,4.0,0.139
145.192,-45.338,2015,10,18,4.3,0.566
80.8142,-23.4209,2015,10,18,0.2,0.0063
69.0183,-51.0222,2015,10,18,0.3,0.255
65.6508,-48.9844,2015,10,18,0.1,0.385
37.9312,-48.6003,2015,10,18,0.6,0.0115
37.1299,-43.5336,2015,10,18,0.1,0.756
-49.8323,21.4472,2015,10,18,0.6,0.00183
33.6288,-42.5141,2015,10,18,0.1,0.763
27.8852,-50.4165,2015,10,18,0.1,0.438
24.5751,34.4054,2015,10,18,1.0,0.0748
20.1224,36.0078,2015,10,18,0.6,0.0916
13.2929,-41.4792,2015,10,18,0.1,0.5
4.8129,-41.9573,2015,10,18,0.1,0.734
4.8737,40.5617,2015,10,18,0.6,0.122
10.1449,39.4129,2015,10,18,0.6,0.128
28.3489,-39.6619,2015,10,18,0.6,0.795
-22.124,-39.0781,2015,10,18,0.6,0.321
-20.5401,-40.9539,2015,10,18,0.7,0.24
-21.2532,-16.9581,2015,10,18,0.5,0.0402
-4.0269,47.1004,2015,10,18,0.1,0.868
-26.4644,-23.0826,2015,10,18,0.5,0.0
-22.4805,58.8793,2015,10,18,0.5,0.734
-49.8328,21.4475,2015,10,18,1.4,0.0
-44.3152,55.9184,2015,10,18,0.6,0.788
-46.9164,55.1879,2015,10,18,0.4,0.648
-51.1603,55.8873,2015,10,18,0.3,0.573
-56.8451,-51.9134,2015,10,18,0.7,3.76
73.526,-22.5789,2015,10,18,4.2,0.0532
83.2428,-17.8325,2015,10,18,4.1,0.022
82.8534,-22.8371,2015,10,18,4.2,0.0306
-49.8333,21.4479,2015,10,18,1.4,0.00365
-149.1374,-18.2235,2015,10,18,0.7,0.0693
-4.378,63.89,2015,10,18,4.6,0.443
90.1012,15.6416,2015,10,19,0.6,0.0
80.7932,-23.4883,2015,10,19,1.8,0.0
65.7059,-49.0032,2015,10,19,0.3,0.396
69.0785,-50.9166,2015,10,19,0.1,0.0402
12.758,-41.598,2015,10,19,4.2,0.49
48.4499,-43.5215,2015,10,19,0.2,0.329
48.3582,-43.5461,2015,10,19,0.1,0.299
47.4687,-43.5648,2015,10,19,0.1,0.668
-49.8348,21.4488,2015,10,19,1.8,0.00365
27.9386,34.0999,2015,10,19,0.6,0.0667
27.2897,35.1235,2015,10,19,0.9,0.0789
28.1298,33.7279,2015,10,19,0.1,0.0677
18.5245,39.6068,2015,10,19,0.2,0.135
20.0574,36.736,2015,10,19,0.4,0.0742
33.0483,43.3254,2015,10,19,0.7,0.64
5.2277,40.112,2015,10,19,1.2,0.0073
4.9597,41.6592,2015,10,19,0.6,0.125
18.1001,37.6002,2015,10,19,0.7,0.12
9.3561,38.7862,2015,10,19,0.4,0.132
2.4569,-42.1814,2015,10,19,0.8,0.57
-4.0356,47.1057,2015,10,19,0.7,0.147
-28.1302,30.0441,2015,10,19,0.2,0.0773
-56.7875,-51.8276,2015,10,19,0.7,4.493
73.467,-22.5904,2015,10,19,4.2,0.057
82.7725,-22.8148,2015,10,19,4.0,0.027
83.2239,-17.8198,2015,10,19,4.0,0.018
-149.1813,-18.2304,2015,10,19,0.1,0.0438
-153.0174,-20.0115,2015,10,19,0.1,0.0228
152.534,-17.1306,2015,10,20,0.6,0.0355
87.628,12.139,2015,10,20,4.2,0.0584
80.7517,-23.537,2015,10,20,0.3,0.0462
88.2444,-51.4237,2015,10,20,0.6,0.343
69.0451,-50.9,2015,10,20,0.1,0.259
65.7463,-49.0232,2015,10,20,0.1,0.367
27.9089,34.6597,2015,10,20,0.7,0.108
4.6701,70.5982,2015,10,20,0.5,0.375
92.9242,15.5611,2015,10,20,0.4,0.0146
2.7912,38.3386,2015,10,20,0.4,0.14
-4.0473,47.1063,2015,10,20,2.5,1.131
-28.2059,30.0722,2015,10,20,0.0,0.0179
-56.7429,-51.756,2015,10,20,0.7,1.694
82.6777,-22.7928,2015,10,20,4.4,0.027
83.1841,-17.7971,2015,10,20,3.9,0.024
73.4048,-22.6059,2015,10,20,4.0,0.0532
-160.2804,-18.1818,2015,10,20,0.5,0.0036
-149.2065,-18.2286,2015,10,20,0.1,0.0839
-171.8282,-18.0351,2015,10,20,0.8,0.0071
65.3187,20.2979,2015,10,21,0.1,0.0277
94.3363,-43.769,2015,10,21,0.8,0.529
80.7133,-23.5811,2015,10,21,2.0,0.0252
87.9077,-49.2862,2015,10,21,0.7,0.343
69.0229,-50.8725,2015,10,21,0.1,0.237
65.752,-49.0251,2015,10,21,0.1,0.425
38.3972,-48.1612,2015,10,21,0.7,0.0972
37.3263,-43.4579,2015,10,21,0.1,0.927
33.6133,-42.3934,2015,10,21,0.1,1.033
28.535,-50.4816,2015,10,21,0.1,0.672
13.3432,-41.3993,2015,10,21,0.1,0.81
4.6805,-42.0104,2015,10,21,0.2,0.691
11.2971,40.8544,2015,10,21,0.1,0.164
-4.059,47.1019,2015,10,21,0.7,0.236
-28.2749,30.131,2015,10,21,0.5,0.0119
-56.7175,-51.6997,2015,10,21,0.4,2.405
73.3566,-22.6222,2015,10,21,4.2,0.0608
83.1568,-17.7667,2015,10,21,4.1,0.016
82.5854,-22.7852,2015,10,21,3.9,0.027
-149.2041,-18.2374,2015,10,21,0.1,0.0146
68.9838,-50.8398,2015,10,22,0.1,0.248
65.7979,-49.0538,2015,10,22,0.1,0.407
80.6429,-23.6256,2015,10,22,1.9,0.0084
48.6833,-43.5558,2015,10,22,0.1,0.215
68.8059,12.6853,2015,10,22,0.5,0.0
2.4637,-42.1883,2015,10,22,0.8,0.72
-25.771,10.4324,2015,10,22,0.3,0.0666
-4.0682,47.0966,2015,10,22,2.2,1.091
-28.3268,30.1576,2015,10,22,0.0,0.0417
-28.0398,14.6286,2015,10,22,0.8,0.0726
-56.6673,-51.6417,2015,10,22,0.8,3.53
73.2924,-22.6508,2015,10,22,3.9,0.0722
82.4814,-22.776,2015,10,22,4.1,0.0252
83.1247,-17.7322,2015,10,22,3.8,0.016
-149.2001,-18.2417,2015,10,22,0.1,0.0547
80.5618,-23.6487,2015,10,23,1.8,0.0021
88.5832,-51.7803,2015,10,23,0.6,0.361
68.9586,-50.804,2015,10,23,0.3,0.266
65.8219,-49.0745,2015,10,23,0.1,0.436
24.5102,34.441,2015,10,23,0.6,0.0827
20.2514,36.0725,2015,10,23,0.5,0.097
32.2016,42.4474,2015,10,23,0.6,0.399
4.8556,40.601,2015,10,23,0.7,0.127
10.1905,39.403,2015,10,23,0.4,0.156
-26.5451,-23.1028,2015,10,23,0.7,0.00605
-21.9932,-38.931,2015,10,23,0.6,0.296
-20.491,-40.9044,2015,10,23,0.5,0.318
-4.0746,47.0895,2015,10,23,1.5,0.216
-28.3937,30.226,2015,10,23,2.2,0.00595
-20.9024,58.7754,2015,10,23,0.4,0.314
-56.6439,-51.6193,2015,10,23,0.4,3.515
82.3391,-22.7585,2015,10,23,4.2,0.0252
73.2021,-22.6936,2015,10,23,4.1,0.0703
83.1052,-17.7046,2015,10,23,4.3,0.03
-149.231,-18.2266,2015,10,23,0.1,0.0329
31.4472,43.7558,2015,10,23,0.6,0.427
80.4438,-23.658,2015,10,24,0.2,0.0546
68.9399,-50.7859,2015,10,24,0.1,0.277
65.834,-49.1055,2015,10,24,0.1,0.443
38.5269,-47.7564,2015,10,24,0.0,0.0252
48.8026,-43.5983,2015,10,24,0.1,1.015
37.5295,-43.3795,2015,10,24,0.2,0.697
47.9044,-43.5077,2015,10,24,0.1,1.343
33.529,-42.2264,2015,10,24,0.3,0.569
29.3917,-50.6737,2015,10,24,0.1,0.566
27.918,34.0645,2015,10,24,0.3,0.089
27.2291,35.0663,2015,10,24,1.0,0.0955
27.9859,33.6308,2015,10,24,0.7,0.117
18.4409,39.575,2015,10,24,0.6,0.184
19.9329,36.972,2015,10,24,0.4,0.121
32.9436,43.2898,2015,10,24,0.5,0.952
13.3613,-41.2631,2015,10,24,0.1,1.135
5.1965,39.9695,2015,10,24,0.7,0.00365
4.5246,-42.0452,2015,10,24,0.1,0.652
5.0531,41.6099,2015,10,24,0.7,0.122
18.0714,37.5806,2015,10,24,0.0,0.114
9.2564,38.7468,2015,10,24,0.4,0.143
-4.0755,47.086,2015,10,24,1.2,0.585
-34.3054,20.8344,2015,10,24,0.8,0.0792
-56.6269,-51.6039,2015,10,24,0.4,4.201
73.1203,-22.7476,2015,10,24,3.9,0.0589
83.0801,-17.6644,2015,10,24,4.0,0.008
82.1996,-22.7224,2015,10,24,4.3,0.0252
-149.2356,-18.2288,2015,10,24,0.1,0.0329
-152.9823,-20.0118,2015,10,24,0.1,0.0228
4.357,68.488,2015,10,24,4.7,0.356
29.73,-45.886,2015,10,25,2.8,0.301
80.3087,-23.6396,2015,10,25,1.8,0.021
68.899,-50.7571,2015,10,25,0.5,0.285
65.8335,-49.1493,2015,10,25,0.2,0.418
48.936,-43.5923,2015,10,25,0.2,0.745
27.8425,34.6309,2015,10,25,0.4,0.105
4.5804,70.5843,2015,10,25,0.7,0.321
92.8534,15.5705,2015,10,25,0.6,0.0949
2.4715,-42.1939,2015,10,25,0.5,0.356
2.7305,38.3489,2015,10,25,0.6,0.179
-4.0668,47.0846,2015,10,25,0.6,0.103
-28.4463,30.2551,2015,10,25,0.1,0.0119
-56.6084,-51.591,2015,10,25,0.6,4.325
73.0561,-22.7929,2015,10,25,4.2,0.0703
82.0722,-22.6872,2015,10,25,4.1,0.0198
83.0512,-17.6212,2015,10,25,3.0,0.006
-160.2392,-18.1648,2015,10,25,0.4,0.0072
-149.2636,-18.2331,2015,10,25,0.1,0.0
-171.54,-17.8058,2015,10,25,0.3,0.0
-1.369,65.603,2015,10,25,4.8,0.601
94.9045,-43.7616,2015,10,26,0.6,0.925
80.1663,-23.5939,2015,10,26,2.1,0.0147
87.7199,-50.3575,2015,10,26,0.7,0.35
88.8459,-52.1123,2015,10,26,0.9,0.412
68.8516,-50.719,2015,10,26,0.1,0.259
65.8049,-49.1966,2015,10,26,0.1,0.432
11.2879,40.8668,2015,10,26,0.1,0.186
-4.0565,47.0889,2015,10,26,0.9,0.139
-28.4761,30.277,2015,10,26,0.1,0.0238
-31.2892,55.774,2015,10,26,0.1,0.403
-45.5013,45.7785,2015,10,26,0.3,0.548
-60.0388,60.4688,2015,10,26,0.6,0.63
-56.6025,-51.5784,2015,10,26,0.5,1.778
81.9418,-22.6571,2015,10,26,4.1,0.027
73.0186,-22.846,2015,10,26,4.1,0.0627
83.0226,-17.5719,2015,10,26,4.0,0.024
-149.2776,-18.2026,2015,10,26,0.1,0.0073
90.547,13.825,2015,10,27,4.6,0.0511
68.8372,-50.7067,2015,10,27,0.1,0.307
65.8448,-49.2423,2015,10,27,0.1,0.385
80.0524,-23.5229,2015,10,27,0.2,0.16
-15.703,50.85,2015,10,27,4.2,0.657
38.4816,-47.4837,2015,10,27,0.2,0.0662
37.7002,-43.3381,2015,10,27,0.1,0.602
33.3913,-42.1269,2015,10,27,0.1,0.54
30.866,-51.1183,2015,10,27,0.1,0.522
13.2281,-41.1225,2015,10,27,0.1,1.11
4.3369,-42.0637,2015,10,27,0.1,0.788
-25.6919,10.4074,2015,10,27,0.6,0.0
-4.0429,47.0972,2015,10,27,0.2,0.236
-28.4868,30.2711,2015,10,27,0.1,0.00595
-28.0852,14.7191,2015,10,27,0.6,0.0242
-52.277,58.1968,2015,10,27,0.7,0.788
-56.5911,-51.561,2015,10,27,0.4,1.033
72.9672,-22.8947,2015,10,27,4.1,0.0874
83.0007,-17.5348,2015,10,27,4.2,0.018
81.8129,-22.6324,2015,10,27,3.9,0.0252
-149.2828,-18.2078,2015,10,27,0.1,0.0
8.65,-30.779,2015,10,28,4.2,0.16
68.8002,-50.6627,2015,10,28,0.1,0.285
65.8754,-49.2737,2015,10,28,0.1,0.374
145.167,-45.286,2015,10,28,4.3,0.679
49.1892,-43.669,2015,10,28,0.1,1.029
-49.9396,21.424,2015,10,28,1.4,0.00183
24.4349,34.5276,2015,10,28,0.5,0.0517
20.2555,36.2208,2015,10,28,0.3,0.0788
4.8638,40.6063,2015,10,28,0.6,0.113
10.1996,39.3803,2015,10,28,0.5,0.126
29.3356,-40.5921,2015,10,28,0.7,2.283
2.504,-42.2195,2015,10,28,0.8,0.409
-26.6444,-23.196,2015,10,28,0.7,0.0242
-21.8448,-38.8027,2015,10,28,0.5,0.369
-20.4886,-40.8912,2015,10,28,0.7,0.234
-21.3831,-16.7358,2015,10,28,0.6,0.0146
-4.025,47.1061,2015,10,28,1.3,0.133
-28.4945,30.2719,2015,10,28,0.1,0.0119
-21.0451,58.3017,2015,10,28,0.4,0.398
-49.942,21.4235,2015,10,28,0.6,0.0639
-44.5878,56.082,2015,10,28,0.3,0.727
-46.2244,54.96,2015,10,28,0.4,0.554
-51.6662,55.3866,2015,10,28,0.7,0.533
-56.6,-51.5423,2015,10,28,0.6,0.259
-49.9443,21.423,2015,10,28,1.2,0.0
-149.287,-18.2104,2015,10,28,0.1,0.00365
31.193,43.7266,2015,10,28,0.6,0.562
89.2805,-52.3511,2015,10,29,0.6,0.31
68.7501,-50.6469,2015,10,29,0.1,0.31
65.8896,-49.2923,2015,10,29,0.2,0.392
49.2336,-43.6736,2015,10,29,0.1,1.573
48.2031,-43.4088,2015,10,29,0.1,2.259
-49.9512,21.4215,2015,10,29,1.5,0.0
27.8955,34.0408,2015,10,29,0.6,0.0806
27.2032,35.1273,2015,10,29,0.5,0.088
27.8796,33.5506,2015,10,29,1.1,0.0835
18.3474,39.5701,2015,10,29,1.0,0.244
19.5167,36.9936,2015,10,29,0.1,0.106
32.8306,43.2934,2015,10,29,0.6,0.997
5.1292,39.8499,2015,10,29,1.8,0.0292
5.0572,41.6512,2015,10,29,0.6,0.148
18.0531,37.5648,2015,10,29,0.4,0.11
9.2111,38.7719,2015,10,29,0.9,0.146
-4.0108,47.1131,2015,10,29,1.2,0.124
-28.4765,30.2605,2015,10,29,3.5,0.00595
-56.5731,-51.5208,2015,10,29,0.5,0.27
-152.9804,-19.9542,2015,10,29,0.1,0.0
152.3947,-17.163,2015,10,30,0.6,0.0071
79.8296,-23.3642,2015,10,30,0.1,0.0546
68.7182,-50.6504,2015,10,30,0.1,0.288
65.9248,-49.3169,2015,10,30,0.1,0.158
38.4312,-47.3475,2015,10,30,0.3,0.0013
37.8693,-43.3373,2015,10,30,0.1,0.245
33.2746,-42.1157,2015,10,30,0.1,1.219
32.0795,-51.8593,2015,10,30,0.1,0.599
27.7289,34.6381,2015,10,30,0.6,0.077
4.656,70.67,2015,10,30,0.4,0.224
13.0079,-40.9649,2015,10,30,0.1,0.745
4.1925,-42.077,2015,10,30,0.2,0.958
92.7654,15.4879,2015,10,30,0.4,0.0639
2.655,38.3234,2015,10,30,0.6,0.139
-4.0046,47.1216,2015,10,30,0.2,0.184
-28.458,30.2678,2015,10,30,0.3,0.0714
-56.5521,-51.5142,2015,10,30,0.6,0.109
72.8661,-23.0264,2015,10,30,4.2,0.0608
81.4826,-22.5555,2015,10,30,4.4,0.0252
82.9329,-17.3876,2015,10,30,4.2,0.032
-49.9697,21.4108,2015,10,30,0.1,0.0
-160.1912,-18.113,2015,10,30,0.4,0.0072
-149.3276,-18.2311,2015,10,30,0.1,0.00365
-171.6083,-17.523,2015,10,30,0.3,0.0213
65.3715,20.3573,2015,10,31,0.3,0.196
66.8602,18.6953,2015,10,31,0.4,0.0591
95.4321,-43.9636,2015,10,31,0.7,0.414
86.3426,-51.8782,2015,10,31,0.7,0.551
68.7106,-50.6448,2015,10,31,0.1,0.303
65.9835,-49.3369,2015,10,31,0.1,0.374
49.4798,-43.7333,2015,10,31,0.1,0.945
11.2761,40.8617,2015,10,31,0.1,0.134
2.5355,-42.2382,2015,10,31,0.8,0.341
-4.0075,47.1335,2015,10,31,3.0,0.155
-28.4601,30.2744,2015,10,31,0.0,0.0179
-56.522,-51.5121,2015,10,31,0.7,0.142
90.0337,-52.4145,2015,11,1,0.1,0.401
68.6756,-50.6263,2015,11,1,0.1,0.255
65.9924,-49.3499,2015,11,1,0.1,0.436
48.3468,-43.3615,2015,11,1,0.1,0.281
68.7065,12.687,2015,11,1,0.3,0.0164
-148.028,-61.264,2015,11,1,4.9,0.518
-25.6641,10.4235,2015,11,1,0.9,0.0363
-4.0153,47.1407,2015,11,1,0.0,0.0726
-28.4446,30.2768,2015,11,1,0.1,0.0119
-28.1506,14.806,2015,11,1,0.6,0.0484
-56.5331,-51.5044,2015,11,1,0.6,0.223
72.113,15.962,2015,11,1,4.6,0.255
79.5969,-23.2834,2015,11,2,0.2,0.0168
90.382,-52.34,2015,11,2,0.1,0.445
68.574,-50.6346,2015,11,2,0.3,0.277
65.9888,-49.3652,2015,11,2,0.2,0.392
38.3121,-47.2862,2015,11,2,0.1,0.0252
38.0106,-43.3605,2015,11,2,0.1,0.65
33.1633,-42.1785,2015,11,2,0.1,1.69
33.0418,-52.4708,2015,11,2,0.1,0.573
24.3618,34.6427,2015,11,2,0.6,0.0901
20.1185,36.3694,2015,11,2,0.7,0.138
32.2076,42.4078,2015,11,2,0.1,0.544
12.7225,-40.8426,2015,11,2,0.1,1.088
4.0032,-42.093,2015,11,2,0.1,1.001
4.8345,40.6183,2015,11,2,0.7,0.184
10.1798,39.3198,2015,11,2,0.1,0.15
-26.7287,-23.3164,2015,11,2,0.7,0.00605
-21.7147,-38.6873,2015,11,2,0.5,0.647
-20.4948,-40.8956,2015,11,2,0.6,0.27
-4.0277,47.1458,2015,11,2,0.6,0.488
-28.4658,30.3162,2015,11,2,0.1,0.0179
-22.0883,58.1061,2015,11,2,0.8,0.201
-56.5717,-51.4631,2015,11,2,0.5,0.0876
72.7721,-23.1073,2015,11,2,4.3,0.0551
82.8493,-17.1898,2015,11,2,3.6,0.042
-13.29,-68.437,2015,11,2,4.5,0.14
31.0217,43.7004,2015,11,2,0.7,0.713
90.0069,15.4385,2015,11,3,0.5,0.00949
85.4902,-51.9371,2015,11,3,0.6,0.467
90.7622,-52.2154,2015,11,3,0.2,0.361
68.5204,-50.6642,2015,11,3,0.1,0.296
66.0069,-49.3951,2015,11,3,0.1,0.144
49.7298,-43.8059,2015,11,3,0.1,1.748
49.6138,-43.7813,2015,11,3,0.1,1.135
27.8852,34.054,2015,11,3,0.6,0.0808
27.2612,35.1659,2015,11,3,0.3,0.063
27.8137,33.4367,2015,11,3,0.4,0.0516
18.2,39.5082,2015,11,3,0.5,0.231
19.7912,36.717,2015,11,3,0.3,0.148
32.7242,43.2738,2015,11,3,0.6,0.729
5.0272,39.8054,2015,11,3,0.8,0.00365
5.0774,41.6375,2015,11,3,0.7,0.186
18.0414,37.5536,2015,11,3,0.6,0.143
9.1848,38.7714,2015,11,3,0.6,0.164
2.6067,-42.2626,2015,11,3,0.6,0.472
-4.0397,47.1468,2015,11,3,1.1,0.127
-28.4971,30.3447,2015,11,3,2.6,0.0179
-34.5356,20.7127,2015,11,3,0.7,0.104
-56.5358,-51.3875,2015,11,3,0.7,0.124
-149.4195,-18.2044,2015,11,3,0.1,0.00365
-152.9893,-19.9517,2015,11,3,0.1,0.0038
29.668,-46.421,2015,11,4,4.4,0.38
152.3737,-17.0212,2015,11,4,0.5,0.0071
91.0297,-52.0975,2015,11,4,0.1,0.321
68.4923,-50.6775,2015,11,4,0.1,0.288
66.0143,-49.4,2015,11,4,0.1,0.382
48.561,-43.3505,2015,11,4,0.1,0.858
27.6483,34.6631,2015,11,4,0.4,0.118
4.629,70.7767,2015,11,4,0.5,0.151
92.6076,15.3554,2015,11,4,0.4,0.0511
2.5943,38.2794,2015,11,4,0.7,0.313
-4.0469,47.1476,2015,11,4,0.3,0.151
-56.5093,-51.3554,2015,11,4,0.6,0.109
-160.2035,-18.0679,2015,11,4,0.7,0.0108
-149.4546,-18.1914,2015,11,4,0.1,0.0219
-171.9268,-17.4037,2015,11,4,0.6,0.0106
-1.44,65.634,2015,11,4,4.7,0.346
96.3852,-44.5071,2015,11,5,0.1,1.48
79.3985,-23.2007,2015,11,5,0.3,0.0063
91.2576,-52.0148,2015,11,5,0.1,0.427
68.4142,-50.6687,2015,11,5,0.1,0.259
66.0128,-49.3965,2015,11,5,0.1,0.378
38.4509,-47.1554,2015,11,5,0.1,0.054
38.0971,-43.4041,2015,11,5,0.2,1.007
33.0327,-42.3279,2015,11,5,0.1,0.548
33.1958,-52.1517,2015,11,5,0.1,0.624
12.4048,-40.7058,2015,11,5,0.1,0.635
3.8228,-42.1286,2015,11,5,0.1,0.832
11.2793,40.8793,2015,11,5,0.1,0.158
75.587,-0.865,2015,11,5,4.0,0.115
-4.0486,47.1482,2015,11,5,1.0,0.194
-28.6303,30.4319,2015,11,5,0.4,0.762
-30.9315,56.2482,2015,11,5,0.1,0.356
-45.6343,45.5961,2015,11,5,0.7,0.829
-56.5014,-51.2545,2015,11,5,0.7,0.109
-59.9821,60.1457,2015,11,5,0.6,0.349
72.6731,-23.1702,2015,11,5,4.2,0.0456
82.7883,-16.9601,2015,11,5,4.4,0.03
90.76,14.307,2015,11,5,4.5,0.0657
-149.4695,-18.1611,2015,11,5,0.1,0.0219
80.9157,-22.2551,2015,11,5,4.1,0.0216
-16.532,72.308,2015,11,6,4.5,0.299
8.5387,43.7635,2015,11,6,0.6,0.179
84.9246,-51.6484,2015,11,6,0.1,0.482
91.4805,-51.9986,2015,11,6,0.1,0.35
68.3662,-50.6708,2015,11,6,0.3,0.329
66.0428,-49.4116,2015,11,6,0.3,0.461
-16.808,50.954,2015,11,6,4.5,0.683
49.8594,-43.8723,2015,11,6,0.3,1.015
49.7773,-43.8396,2015,11,6,0.1,1.96
-25.6808,10.4809,2015,11,6,0.2,0.0302
-4.0467,47.1494,2015,11,6,0.0,0.194
2.633,-42.2949,2015,11,6,0.7,0.799
-28.7404,30.4392,2015,11,6,0.1,0.0298
-28.2128,14.8726,2015,11,6,0.8,0.0302
-52.8976,58.486,2015,11,6,0.1,0.398
-56.5021,-51.2274,2015,11,6,0.3,0.0876
-149.5065,-18.1402,2015,11,6,0.1,0.011
-126.743,-54.644,2015,11,6,4.7,0.329
7.931,-30.439,2015,11,7,4.2,0.0792
8.5385,43.7612,2015,11,7,0.7,0.17
-118.75,-50.999,2015,11,7,4.1,0.382
91.6748,-52.0123,2015,11,7,0.3,0.438
68.3157,-50.6721,2015,11,7,0.1,0.325
66.0471,-49.4357,2015,11,7,0.1,0.371
48.7728,-43.307,2015,11,7,0.1,1.011
24.3427,34.7042,2015,11,7,1.2,0.066
19.9443,36.4632,2015,11,7,0.6,0.0912
4.7506,40.6507,2015,11,7,0.2,0.167
10.1555,39.3328,2015,11,7,0.7,0.0957
30.2763,-40.6469,2015,11,7,1.5,0.531
-21.593,-38.6128,2015,11,7,0.7,0.647
-20.5059,-40.8745,2015,11,7,0.7,0.288
-4.0365,47.1458,2015,11,7,1.6,0.165
-28.8564,30.4076,2015,11,7,0.1,0.0238
-26.7824,-23.4491,2015,11,7,0.1,0.0121
-22.7166,58.6621,2015,11,7,0.3,0.321
-50.0513,21.3485,2015,11,7,0.6,0.0605
-44.255,55.5975,2015,11,7,0.8,0.508
-46.6244,55.0686,2015,11,7,0.7,0.59
-52.3412,55.9908,2015,11,7,0.6,0.376
-56.502,-51.2039,2015,11,7,0.2,0.0657
-50.0536,21.3468,2015,11,7,1.1,0.0
-149.5336,-18.1055,2015,11,7,0.1,0.0146
30.7961,43.6222,2015,11,7,0.6,0.617
89.7469,15.4521,2015,11,8,0.3,0.00474
97.1211,-44.8435,2015,11,8,0.1,1.271
79.2264,-23.1555,2015,11,8,0.3,0.0294
91.806,-52.0117,2015,11,8,0.2,0.296
68.2596,-50.6507,2015,11,8,0.1,0.343
66.0853,-49.4654,2015,11,8,0.1,0.475
38.7157,-47.4451,2015,11,8,0.1,0.0504
38.1874,-43.5022,2015,11,8,0.1,0.445
-50.0602,21.3417,2015,11,8,1.5,0.0474
32.9207,-42.5294,2015,11,8,0.1,0.423
32.6954,-52.2619,2015,11,8,0.1,0.526
27.88,34.0632,2015,11,8,0.3,0.0995
27.3254,35.0922,2015,11,8,0.6,0.0877
27.7836,33.3139,2015,11,8,0.6,0.11
19.941,36.8941,2015,11,8,0.0,0.117
32.6314,43.261,2015,11,8,0.7,0.748
12.0772,-40.5897,2015,11,8,0.1,1.168
4.9569,39.8982,2015,11,8,2.0,0.0
3.6345,-42.1827,2015,11,8,0.1,0.594
5.1476,41.5844,2015,11,8,0.7,0.119
18.0609,37.5616,2015,11,8,0.6,0.101
18.3943,39.3541,2015,11,8,0.6,0.316
9.171,38.7728,2015,11,8,0.6,0.188
8.5423,43.7651,2015,11,8,0.1,0.176
11.069,-41.348,2015,11,8,4.5,1.343
-4.0303,47.1506,2015,11,8,0.6,0.0786
-28.926,30.3607,2015,11,8,0.1,0.0476
-56.514,-51.1868,2015,11,8,0.3,0.0985
72.6454,-23.2447,2015,11,8,4.4,0.0399
80.7425,-22.2559,2015,11,8,4.0,0.0216
82.7921,-16.7179,2015,11,8,2.7,0.014
-149.5158,-18.0865,2015,11,8,0.1,0.0073
-152.9738,-19.983,2015,11,8,0.1,0.0076
6.134,68.909,2015,11,8,4.6,0.158
152.2788,-16.8128,2015,11,9,0.8,0.0
84.8388,-51.4195,2015,11,9,0.1,0.482
91.9307,-52.0179,2015,11,9,0.1,0.31
68.1818,-50.6226,2015,11,9,0.1,0.321
66.0969,-49.4721,2015,11,9,0.1,0.533
49.9444,-43.9386,2015,11,9,0.1,0.737
49.9047,-43.9263,2015,11,9,0.1,1.482
-157.826,23.91,2015,11,9,4.8,0.0612
27.6046,34.6449,2015,11,9,0.6,0.0711
4.3504,70.8389,2015,11,9,0.3,0.127
8.5433,43.764,2015,11,9,0.1,0.13
2.5967,-42.3069,2015,11,9,0.7,0.559
2.5513,38.227,2015,11,9,0.4,0.259
-4.0163,47.1503,2015,11,9,0.3,0.05
-28.9667,30.3747,2015,11,9,0.1,0.0298
-56.5295,-51.1694,2015,11,9,0.7,0.0365
-160.2087,-18.0137,2015,11,9,0.6,0.0
-149.5499,-18.0748,2015,11,9,0.1,0.0073
-172.2247,-17.5335,2015,11,9,0.4,0.0178
65.3323,20.4171,2015,11,10,0.4,0.428
66.7929,18.77,2015,11,10,0.1,0.366
92.1148,-52.0181,2015,11,10,0.1,0.35
68.1017,-50.5872,2015,11,10,0.1,0.318
66.1222,-49.4847,2015,11,10,0.1,0.0972
48.9762,-43.2942,2015,11,10,0.1,1.172
11.269,40.913,2015,11,10,0.3,0.213
8.551,43.7589,2015,11,10,0.1,0.148
-4.0021,47.1525,2015,11,10,0.5,10.285
-29.001,30.3805,2015,11,10,0.2,0.00595
-56.5188,-51.1592,2015,11,10,0.5,0.0256
-149.5556,-18.0428,2015,11,10,0.1,0.011
-154.8,-38.925,2015,11,11,4.9,0.158
98.4095,-45.3275,2015,11,11,0.1,1.285
92.2367,-51.9591,2015,11,11,0.1,0.361
68.053,-50.591,2015,11,11,0.1,0.343
66.1679,-49.515,2015,11,11,0.1,0.569
79.0218,-23.1178,2015,11,11,0.3,0.0903
38.1297,-47.6386,2015,11,11,0.2,0.0288
38.2723,-43.6086,2015,11,11,0.1,1.059
32.9443,-42.748,2015,11,11,0.2,0.69
32.8197,-52.3395,2015,11,11,0.1,0.967
11.8019,-40.4364,2015,11,11,0.1,1.252
3.4638,-42.2272,2015,11,11,0.1,0.324
8.5581,43.7647,2015,11,11,0.4,0.151
68.6577,12.6294,2015,11,11,0.2,0.0577
-25.7108,10.5675,2015,11,11,0.9,0.0605
-3.9889,47.1552,2015,11,11,0.6,0.0935
-29.0404,30.4119,2015,11,11,0.2,0.851
-28.2495,14.9209,2015,11,11,0.7,0.0363
72.077,15.939,2015,11,11,4.6,0.204
-56.4744,-51.1647,2015,11,11,0.4,0.0146
80.51,-22.2902,2015,11,11,4.1,0.0198
72.6402,-23.2414,2015,11,11,4.2,0.0684
82.8167,-16.5705,2015,11,11,2.7,0.024
-149.5309,-18.0391,2015,11,11,0.1,0.0
84.8253,-51.4704,2015,11,12,0.1,0.496
92.3834,-51.9237,2015,11,12,0.1,0.434
68.0216,-50.5884,2015,11,12,0.1,0.0219
66.2263,-49.5123,2015,11,12,0.1,0.619
49.8981,-44.0083,2015,11,12,0.1,0.967
49.9123,-43.9897,2015,11,12,0.1,0.96
24.2972,34.7137,2015,11,12,0.5,0.11
19.798,36.4905,2015,11,12,0.5,0.131
32.4338,42.3527,2015,11,12,0.9,0.647
4.6919,40.7313,2015,11,12,0.1,0.104
10.1689,39.3611,2015,11,12,0.3,0.157
8.5686,43.7627,2015,11,12,0.1,0.231
2.5584,-42.3019,2015,11,12,0.6,0.585
-43.6072,51.0555,2015,11,12,0.7,0.162
-21.4704,-38.5603,2015,11,12,0.6,0.805
-20.5673,-40.854,2015,11,12,0.6,0.69
-3.9755,47.1609,2015,11,12,1.4,0.133
-29.075,30.4502,2015,11,12,0.1,0.0417
-26.8094,-23.6101,2015,11,12,0.2,0.0121
-21.9704,58.9537,2015,11,12,0.5,0.31
-56.4292,-51.1624,2015,11,12,0.6,0.0219
30.5819,43.5713,2015,11,12,0.6,0.616
89.6407,15.3785,2015,11,13,0.4,0.00183
92.5195,-51.9149,2015,11,13,0.1,0.427
67.9699,-50.5854,2015,11,13,0.1,0.354
66.3051,-49.5149,2015,11,13,0.1,0.266
49.097,-43.2897,2015,11,13,0.2,1.686
27.8571,34.0512,2015,11,13,0.6,0.0606
27.3527,35.099,2015,11,13,0.4,0.058
27.7875,33.1999,2015,11,13,0.3,0.103
19.5702,37.113,2015,11,13,1.1,0.133
32.5256,43.2546,2015,11,13,0.6,0.724
4.9243,40.0907,2015,11,13,0.3,0.0329
5.2943,41.6214,2015,11,13,0.6,0.272
18.0815,37.5808,2015,11,13,0.4,0.12
18.7381,39.359,2015,11,13,0.4,0.177
8.5751,43.7648,2015,11,13,0.1,0.198
-43.5395,51.1163,2015,11,13,0.7,0.18
9.149,38.7646,2015,11,13,0.5,0.224
-3.9614,47.1682,2015,11,13,0.1,0.0847
-29.1123,30.4797,2015,11,13,0.2,0.0298
-34.8252,20.84,2015,11,13,0.8,0.0792
-56.4127,-51.1564,2015,11,13,0.6,0.0511
-153.013,-20.0258,2015,11,13,0.1,0.0076
6.707,68.913,2015,11,13,4.2,0.166
152.1373,-16.6506,2015,11,14,0.4,0.0106
29.256,-47.217,2015,11,14,4.7,0.527
99.4453,-45.8009,2015,11,14,0.1,1.573
78.7979,-23.0748,2015,11,14,0.3,0.0189
92.6509,-51.9021,2015,11,14,0.2,0.398
67.9033,-50.5936,2015,11,14,0.1,0.369
66.3957,-49.5354,2015,11,14,0.1,0.655
37.9397,-47.6114,2015,11,14,0.1,0.0864
38.3311,-43.6742,2015,11,14,0.5,0.252
33.078,-42.9951,2015,11,14,0.1,1.208
33.1225,-52.4586,2015,11,14,0.1,0.88
27.5758,34.5915,2015,11,14,0.6,0.0748
3.8295,70.8405,2015,11,14,0.3,0.0786
11.5585,-40.2565,2015,11,14,0.1,0.785
8.5907,43.7625,2015,11,14,0.1,0.259
92.2082,15.3188,2015,11,14,0.6,0.0566
-40.1532,54.0423,2015,11,14,0.8,0.444
2.5403,38.1509,2015,11,14,0.3,0.247
-3.9508,47.1725,2015,11,14,0.2,0.0908
3.335,-42.2781,2015,11,14,0.2,0.652
-29.1694,30.5247,2015,11,14,0.2,0.0476
-56.3691,-51.1629,2015,11,14,0.8,0.0547
72.5967,-23.0918,2015,11,14,4.2,0.057
82.8277,-16.4718,2015,11,14,4.1,0.038
80.2445,-22.3298,2015,11,14,4.1,0.0252
-160.273,-18.0,2015,11,14,0.8,0.0072
-172.2282,-17.8202,2015,11,14,0.8,0.0
-1.298,65.726,2015,11,14,4.3,0.306
84.775,-51.6016,2015,11,15,0.1,0.522
92.7494,-51.9056,2015,11,15,0.1,0.456
67.8523,-50.597,2015,11,15,0.1,0.369
66.4841,-49.5457,2015,11,15,0.1,0.745
49.8265,-44.0385,2015,11,15,0.1,0.496
49.8556,-44.0268,2015,11,15,0.1,0.496
91.009,14.534,2015,11,15,4.2,0.073
-43.0552,51.0742,2015,11,15,0.6,0.222
11.256,40.9477,2015,11,15,0.2,0.183
8.5982,43.7603,2015,11,15,0.4,0.25
-40.1575,53.9682,2015,11,15,0.9,0.39
-43.2603,51.143,2015,11,15,0.7,0.216
2.5309,-42.3155,2015,11,15,0.4,0.769
-3.9478,47.1804,2015,11,15,1.7,0.206
-32.465,55.538,2015,11,15,0.3,0.367
-45.6312,45.5068,2015,11,15,0.7,0.759
-43.001,51.0559,2015,11,15,0.1,0.234
-59.5279,60.0665,2015,11,15,0.7,0.274
-56.4017,-51.1746,2015,11,15,0.7,0.0767
-42.9981,51.0541,2015,11,15,0.9,0.33
92.8424,-51.9229,2015,11,16,0.1,0.496
67.819,-50.5892,2015,11,16,0.1,0.438
66.5348,-49.582,2015,11,16,0.1,0.824
-17.131,50.749,2015,11,16,4.3,0.383
49.255,-43.3181,2015,11,16,0.1,0.226
-42.8537,50.9384,2015,11,16,0.4,0.21
-40.2059,53.9069,2015,11,16,0.6,0.408
8.6083,43.7652,2015,11,16,0.4,0.235
-25.7413,10.6466,2015,11,16,0.4,0.0484
-3.943,47.1815,2015,11,16,0.8,15.863
-28.3223,14.9645,2015,11,16,0.5,0.0484
-53.7653,58.8721,2015,11,16,0.1,0.179
-56.3809,-51.174,2015,11,16,0.3,0.0876
-149.5883,-18.0451,2015,11,16,0.1,0.00365
7.28,-30.212,2015,11,17,4.1,0.102
100.7354,-45.46,2015,11,17,0.1,1.091
78.5537,-22.9569,2015,11,17,0.3,0.0189
92.9313,-51.9406,2015,11,17,0.1,0.591
67.7956,-50.5809,2015,11,17,0.1,0.354
66.5917,-49.63,2015,11,17,0.1,0.317
38.1305,-47.4549,2015,11,17,0.1,0.0612
38.4208,-43.7342,2015,11,17,0.1,0.526
-50.1078,21.2472,2015,11,17,1.5,0.0
33.31,-43.2079,2015,11,17,0.1,0.745
33.798,-52.8438,2015,11,17,0.1,1.0
24.2506,34.7284,2015,11,17,0.7,0.0978
19.6497,36.4431,2015,11,17,0.2,0.179
-42.7322,50.7273,2015,11,17,0.6,0.204
-0.376,-54.397,2015,11,17,4.6,1.217
-40.3031,53.8649,2015,11,17,0.6,0.468
11.3791,-40.1047,2015,11,17,0.1,1.048
4.7831,40.8712,2015,11,17,0.6,0.145
10.1912,39.3882,2015,11,17,0.7,0.139
8.6194,43.7633,2015,11,17,0.1,0.174
32.0227,-39.3944,2015,11,17,1.3,0.661
-42.8098,50.899,2015,11,17,1.0,0.222
3.1838,-42.2913,2015,11,17,0.1,0.508
-21.317,-38.5386,2015,11,17,0.3,1.016
-20.6109,-40.8736,2015,11,17,0.7,0.768
-3.9442,47.1839,2015,11,17,0.8,0.212
-26.7753,-23.7926,2015,11,17,0.7,0.00605
-20.8619,59.3845,2015,11,17,0.3,0.31
-40.3214,53.8584,2015,11,17,0.5,0.216
-50.1088,21.2449,2015,11,17,1.6,0.164
-44.7656,55.3298,2015,11,17,0.6,0.403
-46.2126,55.1085,2015,11,17,0.6,0.418
-52.1105,56.208,2015,11,17,0.8,0.42
-56.2994,-51.1156,2015,11,17,0.5,0.314
72.5306,-22.8585,2015,11,17,4.3,0.0646
79.954,-22.3713,2015,11,17,4.1,0.0324
82.7928,-16.384,2015,11,17,4.1,0.03
30.3496,43.5179,2015,11,17,0.5,0.526
87.157,12.797,2015,11,18,4.9,0.0949
89.5861,15.5105,2015,11,18,0.2,0.0256
84.4959,-51.9418,2015,11,18,0.1,0.529
93.0303,-51.9611,2015,11,18,0.1,0.544
67.7788,-50.5719,2015,11,18,0.1,0.427
66.5933,-49.6441,2015,11,18,0.1,0.392
49.7471,-44.034,2015,11,18,0.1,0.763
49.7911,-44.0318,2015,11,18,0.1,0.777
-50.1124,21.2359,2015,11,18,1.1,0.00274
27.8351,34.0483,2015,11,18,0.7,0.0861
27.339,35.0936,2015,11,18,0.4,0.0879
27.9095,33.0691,2015,11,18,0.3,0.0913
19.4653,36.8878,2015,11,18,0.6,0.121
32.4257,43.2314,2015,11,18,0.6,0.617
-40.4197,53.8479,2015,11,18,0.8,0.636
4.7697,40.319,2015,11,18,1.3,0.0073
5.3113,41.5496,2015,11,18,0.4,0.115
18.1112,37.5888,2015,11,18,0.3,0.0874
18.8202,39.4211,2015,11,18,0.5,0.131
8.6253,43.7653,2015,11,18,0.1,0.209
2.5396,-42.3183,2015,11,18,0.8,0.668
9.1436,38.7191,2015,11,18,0.5,0.113
-3.9434,47.1827,2015,11,18,1.2,0.381
-56.2879,-51.0457,2015,11,18,0.8,0.175
-149.608,-18.057,2015,11,18,0.1,0.0
-153.0929,-20.0453,2015,11,18,0.0,0.0038
152.0046,-16.5705,2015,11,19,0.6,0.0142
93.1681,-51.9753,2015,11,19,0.1,0.46
67.7874,-50.5702,2015,11,19,0.1,0.401
66.6311,-49.6501,2015,11,19,0.1,0.202
49.3776,-43.3749,2015,11,19,0.1,0.949
27.631,34.5289,2015,11,19,0.4,0.0666
-42.7887,50.3799,2015,11,19,0.5,0.288
-40.5563,53.8431,2015,11,19,0.8,0.534
3.3559,70.8662,2015,11,19,0.7,0.0605
8.6353,43.7701,2015,11,19,0.5,0.221
92.012,15.2401,2015,11,19,0.5,0.0182
2.602,38.0966,2015,11,19,0.1,0.0292
-3.9448,47.1786,2015,11,19,0.1,0.109
-40.5855,53.8435,2015,11,19,0.7,0.51
87.162,4.313,2015,11,19,4.9,0.109
-56.2807,-51.0347,2015,11,19,0.1,0.416
-172.0772,-17.8349,2015,11,19,0.2,0.00355
65.4217,20.4336,2015,11,20,0.5,0.498
66.6618,18.7888,2015,11,20,0.4,0.233
101.9982,-44.8508,2015,11,20,0.2,1.109
78.3304,-22.7644,2015,11,20,0.3,0.0105
93.4069,-51.9822,2015,11,20,0.1,0.496
67.7971,-50.5778,2015,11,20,0.2,0.398
66.629,-49.6541,2015,11,20,0.1,0.241
39.0039,-47.3525,2015,11,20,0.1,0.213
38.5257,-43.7631,2015,11,20,0.1,0.223
33.6283,-43.3279,2015,11,20,0.1,1.347
34.6196,-53.6563,2015,11,20,0.1,0.646
-42.909,50.3029,2015,11,20,0.5,0.198
-40.7228,53.8492,2015,11,20,0.7,0.498
11.2481,-39.9571,2015,11,20,0.1,0.916
11.3012,40.9803,2015,11,20,0.1,0.216
8.6441,43.7761,2015,11,20,0.1,0.234
3.0623,-42.3038,2015,11,20,0.1,0.554
-3.9401,47.1737,2015,11,20,0.7,0.127
-56.2992,-51.0016,2015,11,20,0.4,0.266
79.6153,-22.3837,2015,11,20,3.9,0.0378
72.4396,-22.6034,2015,11,20,4.3,0.0722
82.7331,-16.3071,2015,11,20,4.0,0.046
-149.6241,-18.0206,2015,11,20,0.1,0.0
83.7094,-52.119,2015,11,21,0.2,0.602
93.6323,-51.9737,2015,11,21,0.1,0.522
67.8219,-50.5652,2015,11,21,0.2,0.172
66.6015,-49.6484,2015,11,21,0.1,0.0504
49.6997,-44.0315,2015,11,21,0.1,0.588
49.7341,-44.0296,2015,11,21,0.1,0.405
-43.0278,50.2809,2015,11,21,0.7,0.186
-40.8833,53.8528,2015,11,21,0.7,0.588
8.6368,43.7853,2015,11,21,0.5,0.181
68.6389,12.5362,2015,11,21,0.3,0.0774
2.5475,-42.3097,2015,11,21,1.1,0.686
-25.7576,10.7059,2015,11,21,0.7,0.0181
-3.9336,47.1655,2015,11,21,2.0,2.078
-28.4157,15.0367,2015,11,21,0.7,0.0363
-40.9138,53.853,2015,11,21,0.7,0.606
-56.3399,-50.9405,2015,11,21,0.5,0.854
93.9072,-51.9254,2015,11,22,0.1,0.548
67.8366,-50.578,2015,11,22,0.1,0.431
66.6191,-49.644,2015,11,22,0.1,0.0792
49.6228,-43.4594,2015,11,22,0.1,0.537
23.9062,34.7876,2015,11,22,0.6,0.179
19.589,36.3312,2015,11,22,0.5,0.108
32.9754,42.3465,2015,11,22,0.1,0.678
-43.1157,50.2872,2015,11,22,0.5,0.18
-41.0135,53.8428,2015,11,22,0.7,0.462
4.9738,40.8933,2015,11,22,0.7,0.271
10.1905,39.3726,2015,11,22,0.4,0.134
8.64,43.7975,2015,11,22,0.1,0.271
-21.2326,-38.5225,2015,11,22,0.5,1.398
-20.661,-40.8562,2015,11,22,0.5,1.494
-3.9286,47.1592,2015,11,22,0.0,0.0666
-26.7009,-23.934,2015,11,22,0.8,0.0121
-21.1609,60.067,2015,11,22,0.8,0.245
-41.0317,53.8399,2015,11,22,0.7,0.27
-56.3697,-50.9127,2015,11,22,0.6,0.883
-149.6608,-17.9938,2015,11,22,0.1,0.0
29.8673,43.4977,2015,11,22,0.6,0.628
89.3574,15.7492,2015,11,23,0.2,0.0146
103.028,-45.2006,2015,11,23,0.1,0.385
78.0909,-22.5077,2015,11,23,0.3,0.0063
94.1639,-51.8648,2015,11,23,0.1,0.511
67.8414,-50.5738,2015,11,23,0.1,0.496
66.6199,-49.6415,2015,11,23,0.1,0.637
39.4818,-47.769,2015,11,23,0.1,0.0324
38.6311,-43.8251,2015,11,23,0.1,0.664
34.0131,-43.3875,2015,11,23,0.1,0.81
35.2703,-54.01,2015,11,23,0.1,0.745
27.7992,34.0293,2015,11,23,0.5,0.0652
27.3414,35.1343,2015,11,23,0.5,0.0786
28.3037,32.9337,2015,11,23,0.3,0.15
-43.1685,50.2767,2015,11,23,0.4,0.18
-41.1089,53.8184,2015,11,23,0.6,0.57
11.1788,-39.8009,2015,11,23,0.1,1.018
4.6552,40.5809,2015,11,23,0.5,0.54
5.1976,41.4218,2015,11,23,0.7,0.185
18.0962,37.5899,2015,11,23,0.6,0.0798
18.7815,39.4662,2015,11,23,0.4,0.252
8.6526,43.8056,2015,11,23,0.1,0.428
2.9585,-42.2876,2015,11,23,0.1,0.565
9.1321,38.7058,2015,11,23,0.1,0.138
-3.9223,47.157,2015,11,23,0.3,2.94
-41.1265,53.8137,2015,11,23,0.5,0.498
-35.2581,20.9128,2015,11,23,0.6,0.0936
-56.3786,-50.8971,2015,11,23,0.5,1.183
72.3677,-22.2833,2015,11,23,4.2,0.0513
82.637,-16.231,2015,11,23,4.0,0.056
79.3239,-22.3887,2015,11,23,4.2,0.0342
-149.6478,-18.0001,2015,11,23,0.1,0.0
-153.2074,-20.0698,2015,11,23,0.2,0.0038
151.9322,-16.5749,2015,11,24,0.7,0.0178
29.18,-47.89,2015,11,24,4.2,0.488
82.9607,-51.9541,2015,11,24,0.1,0.723
94.3826,-51.807,2015,11,24,0.1,0.496
67.8951,-50.5971,2015,11,24,0.1,0.507
66.6264,-49.6501,2015,11,24,0.1,0.698
49.6513,-44.0612,2015,11,24,0.1,0.157
49.6815,-44.0619,2015,11,24,0.4,0.128
27.6538,34.5125,2015,11,24,0.6,0.0784
-43.2358,50.2792,2015,11,24,0.7,0.174
-41.2012,53.803,2015,11,24,0.6,0.564
2.788,70.9109,2015,11,24,0.7,0.0605
8.6184,43.811,2015,11,24,0.1,0.277
91.8011,15.1389,2015,11,24,0.3,0.0128
2.5485,-42.2478,2015,11,24,0.5,0.559
2.6384,38.0779,2015,11,24,0.5,0.131
-3.9145,47.1552,2015,11,24,2.1,1.342
-41.217,53.8004,2015,11,24,0.5,0.486
-56.3594,-50.8836,2015,11,24,0.6,0.996
-149.6783,-17.9922,2015,11,24,0.1,0.0
-172.2602,-17.642,2015,11,24,0.2,0.0213
75.247,-0.237,2015,11,25,4.8,0.072
94.5384,-51.7457,2015,11,25,0.1,0.255
67.8998,-50.5922,2015,11,25,0.1,0.394
66.6164,-49.6279,2015,11,25,0.1,1.494
49.986,-43.5084,2015,11,25,0.1,0.591
-41.2712,53.7809,2015,11,25,0.8,0.522
11.3854,41.0019,2015,11,25,0.1,0.227
8.5909,43.8142,2015,11,25,0.1,0.22
-3.9009,47.1535,2015,11,25,3.0,0.0733
-32.4535,55.1287,2015,11,25,0.1,0.414
-41.2841,53.7761,2015,11,25,0.6,0.522
-45.6182,45.5525,2015,11,25,0.7,0.642
-43.3098,50.3041,2015,11,25,0.6,0.216
-59.0744,59.6769,2015,11,25,0.8,0.256
-56.3343,-50.8779,2015,11,25,0.7,0.263
-149.6629,-17.9617,2015,11,25,0.1,0.0
-18.407,71.351,2015,11,26,4.8,0.0803
103.8639,-46.0438,2015,11,26,0.1,0.464
94.6916,-51.6903,2015,11,26,0.1,0.624
-16.975,50.913,2015,11,26,3.8,0.345
67.913,-50.6024,2015,11,26,0.1,0.577
66.5751,-49.5908,2015,11,26,0.1,0.986
77.8811,-22.2052,2015,11,26,4.1,0.0021
39.4696,-47.9646,2015,11,26,0.2,0.311
38.6913,-43.8796,2015,11,26,0.1,0.715
34.4056,-43.3281,2015,11,26,0.2,0.577
35.0237,-53.9008,2015,11,26,0.2,1.022
-43.3171,50.308,2015,11,26,0.7,0.162
-41.3264,53.7507,2015,11,26,0.7,0.504
11.171,-39.6879,2015,11,26,0.1,0.942
-43.3069,50.3051,2015,11,26,0.6,0.156
2.8657,-42.279,2015,11,26,0.2,0.76
-3.8895,47.1562,2015,11,26,0.0,0.0908
-25.8496,10.8266,2015,11,26,0.6,0.0242
-28.5,15.1162,2015,11,26,0.6,0.0666
-43.3196,50.3087,2015,11,26,0.7,0.174
-41.3361,53.745,2015,11,26,0.6,0.468
-53.6517,58.8801,2015,11,26,0.2,0.223
-56.2784,-50.8638,2015,11,26,0.7,0.31
72.2715,-22.0376,2015,11,26,4.2,0.0418
79.0112,-22.3884,2015,11,26,4.1,0.036
82.5154,-16.1336,2015,11,26,4.1,0.042
-149.6507,-17.9769,2015,11,26,0.1,0.0182
-128.951,-53.845,2015,11,27,4.8,0.358
6.357,-29.543,2015,11,27,4.3,0.0902
82.9309,-52.1298,2015,11,27,0.1,1.263
94.7832,-51.6053,2015,11,27,0.1,0.577
67.9083,-50.6253,2015,11,27,0.4,0.548
66.5791,-49.564,2015,11,27,0.3,0.562
49.5995,-44.0767,2015,11,27,0.1,0.723
49.6167,-44.0737,2015,11,27,0.2,0.566
-50.154,21.1901,2015,11,27,1.8,0.0
23.6759,34.9256,2015,11,27,0.2,0.0968
19.5479,36.1769,2015,11,27,0.1,0.197
-43.3276,50.3041,2015,11,27,0.5,0.15
-41.3508,53.7039,2015,11,27,0.6,0.444
5.2453,40.6979,2015,11,27,0.5,0.354
10.1947,39.3883,2015,11,27,0.6,0.209
32.6816,-37.5763,2015,11,27,1.3,1.174
-43.3091,50.3063,2015,11,27,0.5,0.15
2.5113,-42.1912,2015,11,27,0.1,0.589
-21.1791,-38.5369,2015,11,27,0.7,0.182
-20.6819,-40.8426,2015,11,27,0.7,1.368
-3.8803,47.1625,2015,11,27,0.9,7.484
-26.6286,-24.068,2015,11,27,0.5,0.00605
-20.9667,60.2892,2015,11,27,0.8,0.183
-41.3546,53.6944,2015,11,27,0.7,0.366
-50.155,21.1889,2015,11,27,0.3,0.122
-44.6032,55.0589,2015,11,27,0.4,0.396
-45.5797,54.7828,2015,11,27,0.6,0.356
-52.066,56.105,2015,11,27,0.7,0.361
-56.2446,-50.8708,2015,11,27,0.3,0.201
86.956,12.761,2015,11,27,4.5,0.073
-50.1558,21.1879,2015,11,27,1.4,0.0
-149.6844,-17.9658,2015,11,27,0.1,0.0146
29.4873,43.4356,2015,11,27,0.7,0.536
88.9218,15.7532,2015,11,28,0.3,0.00621
94.8948,-51.551,2015,11,28,0.2,0.489
67.9043,-50.6166,2015,11,28,0.1,0.566
66.5215,-49.5527,2015,11,28,0.1,0.871
50.3256,-43.5452,2015,11,28,0.1,1.329
27.7873,34.0565,2015,11,28,0.3,0.0894
27.312,35.1787,2015,11,28,0.6,0.207
28.7101,32.916,2015,11,28,0.5,0.0798
19.7393,36.9598,2015,11,28,0.5,0.13
32.2596,43.2242,2015,11,28,0.6,0.639
-41.3267,53.6372,2015,11,28,0.5,0.372
4.5157,40.6419,2015,11,28,0.7,0.19
5.0472,41.3019,2015,11,28,0.7,0.235
18.0528,37.5547,2015,11,28,0.4,0.179
18.4457,39.4772,2015,11,28,0.7,0.531
9.02,38.6596,2015,11,28,0.1,0.141
8.5096,43.7851,2015,11,28,0.1,0.243
-3.8733,47.1694,2015,11,28,0.3,0.889
-43.3128,50.3134,2015,11,28,0.4,0.144
-41.3213,53.6222,2015,11,28,0.4,0.39
-56.2352,-50.8689,2015,11,28,0.5,0.81
-149.6729,-17.922,2015,11,28,0.1,0.00365
-153.2891,-20.1514,2015,11,28,0.1,0.0152
7.041,68.519,2015,11,28,4.7,0.0972
151.9004,-16.6014,2015,11,29,0.6,0.032
105.2285,-46.293,2015,11,29,0.1,0.659
94.9575,-51.4691,2015,11,29,0.1,0.453
77.6845,-21.9182,2015,11,29,1.8,0.0084
67.8829,-50.6328,2015,11,29,0.3,0.164
66.5112,-49.577,2015,11,29,0.1,0.212
39.2093,-48.1139,2015,11,29,0.1,0.0446
38.7132,-43.9556,2015,11,29,0.1,1.0
34.4196,-54.5564,2015,11,29,0.1,1.354
34.751,-43.1747,2015,11,29,0.1,0.814
27.6737,34.5488,2015,11,29,0.6,0.0985
-41.293,53.543,2015,11,29,0.5,0.36
1.9642,70.9202,2015,11,29,0.6,0.0363
11.1988,-39.6387,2015,11,29,0.1,0.168
91.6451,15.1145,2015,11,29,0.1,0.0474
2.7811,-42.2433,2015,11,29,0.1,0.659
2.6412,38.0864,2015,11,29,0.2,0.204
-3.8683,47.1752,2015,11,29,0.3,0.104
78.6809,-22.4216,2015,11,29,4.0,0.0324
72.2135,-21.8185,2015,11,29,4.2,0.038
82.4038,-16.0414,2015,11,29,2.5,0.022
-149.6174,-17.9182,2015,11,29,0.1,0.0292
-160.6736,-17.7825,2015,11,29,0.8,0.0036
-172.7055,-17.6438,2015,11,29,0.6,0.0178
65.4142,20.424,2015,11,30,0.5,0.434
66.487,18.8155,2015,11,30,0.4,0.167
95.0174,-51.4196,2015,11,30,0.1,0.412
83.4923,-52.4678,2015,11,30,0.5,0.686
67.8635,-50.6184,2015,11,30,0.2,0.686
66.4846,-49.6021,2015,11,30,0.2,0.922
49.5267,-44.0823,2015,11,30,0.1,0.453
49.5572,-44.0791,2015,11,30,0.1,0.478
-41.2367,53.4643,2015,11,30,0.7,0.33
11.4363,40.9919,2015,11,30,0.1,0.195
2.4153,-42.1233,2015,11,30,0.7,0.292
-3.869,47.1787,2015,11,30,0.1,0.157
-56.2576,-50.8394,2015,11,30,0.6,6.705
-149.6062,-17.9219,2015,11,30,0.1,0.011
-154.776,-38.893,2015,12,1,4.7,0.184
95.0887,-51.3656,2015,12,1,0.1,0.529
67.8216,-50.6104,2015,12,1,0.1,0.591
66.4629,-49.6296,2015,12,1,0.1,0.562
50.744,-43.6486,2015,12,1,0.1,3.595
-43.5656,50.3585,2015,12,1,0.6,0.102
-41.1804,53.4137,2015,12,1,0.7,0.354
8.3922,43.7334,2015,12,1,0.1,0.165
68.6987,12.4353,2015,12,1,0.2,0.0237
-3.8731,47.1794,2015,12,1,0.1,0.115
-25.9471,10.9652,2015,12,1,0.2,0.0545
-28.5683,15.2367,2015,12,1,0.5,0.0424
-43.5907,50.3762,2015,12,1,0.4,0.102
-41.1707,53.406,2015,12,1,0.6,0.192
-56.1924,-50.7719,2015,12,1,0.1,4.154
-149.5717,-17.9042,2015,12,1,0.1,0.0
106.552,-46.018,2015,12,2,0.1,0.709
95.1457,-51.3056,2015,12,2,0.2,0.533
77.5045,-21.6117,2015,12,2,0.3,0.0
67.7934,-50.5926,2015,12,2,0.1,0.657
66.3819,-49.6764,2015,12,2,0.1,0.673
38.7192,-48.1387,2015,12,2,0.1,0.158
38.7533,-44.0229,2015,12,2,0.1,1.059
35.1336,-55.0085,2015,12,2,0.1,1.135
35.027,-42.9508,2015,12,2,0.1,1.004
23.6122,35.0552,2015,12,2,0.4,0.104
33.5654,42.4492,2015,12,2,0.4,0.544
-43.6938,50.4995,2015,12,2,0.5,0.132
-41.1239,53.4064,2015,12,2,0.8,0.408
11.4627,-39.6847,2015,12,2,0.1,0.226
10.1434,39.3657,2015,12,2,0.5,0.201
19.4952,36.0604,2015,12,2,0.5,0.175
2.6952,-42.2016,2015,12,2,0.1,0.551
5.3702,40.5312,2015,12,2,0.8,0.145
-21.1408,-38.5903,2015,12,2,0.7,1.143
-20.6984,-40.8434,2015,12,2,0.7,1.122
-3.8802,47.1795,2015,12,2,0.6,0.151
-26.5639,-24.1786,2015,12,2,0.7,0.0181
-19.8088,60.2917,2015,12,2,0.8,0.139
-43.7193,50.5284,2015,12,2,0.8,0.108
-41.1165,53.4063,2015,12,2,0.7,0.24
-56.1301,-50.6923,2015,12,2,0.1,3.42
72.1929,-21.6213,2015,12,2,4.3,0.0361
82.2918,-15.9814,2015,12,2,3.9,0.028
78.3608,-22.4625,2015,12,2,3.9,0.0306
-149.5556,-17.9225,2015,12,2,0.1,0.011
29.2445,43.3403,2015,12,2,0.7,0.592
88.4733,15.6112,2015,12,3,0.3,0.0146
84.4322,-52.5868,2015,12,3,0.1,1.278
49.4488,-44.0687,2015,12,3,0.1,0.507
49.5012,-44.0687,2015,12,3,0.1,0.471
27.8199,34.0297,2015,12,3,0.6,0.113
27.1975,35.1894,2015,12,3,0.4,0.102
29.011,33.0022,2015,12,3,0.5,0.0839
32.1116,43.2661,2015,12,3,0.6,0.575
-41.0415,53.4453,2015,12,3,0.7,0.354
4.9287,41.2743,2015,12,3,0.7,0.288
18.0495,37.517,2015,12,3,0.5,0.12
18.531,39.5536,2015,12,3,0.6,0.637
19.3261,36.674,2015,12,3,0.6,0.124
8.9675,38.6419,2015,12,3,0.1,0.197
4.5594,40.489,2015,12,3,0.6,0.011
2.277,-42.076,2015,12,3,0.6,0.191
-3.8841,47.1804,2015,12,3,0.2,0.623
-41.0292,53.4524,2015,12,3,0.7,0.381
-35.7531,20.9501,2015,12,3,0.7,0.09
-56.124,-50.6398,2015,12,3,0.1,3.453
-149.5226,-17.9066,2015,12,3,0.1,0.0
7.048,68.542,2015,12,3,4.8,0.0576
151.88,-16.6012,2015,12,4,0.8,0.0213
29.306,-48.713,2015,12,4,4.2,0.637
107.4033,-45.8327,2015,12,4,0.3,0.72
95.1664,-51.2305,2015,12,4,0.1,0.416
67.761,-50.5597,2015,12,4,0.1,0.577
66.2055,-49.6876,2015,12,4,0.1,0.511
51.3216,-43.7924,2015,12,4,0.1,0.734
38.8196,-44.0573,2015,12,4,0.1,0.796
35.1287,-42.7698,2015,12,4,0.1,1.416
27.7056,34.5821,2015,12,4,0.6,0.087
-43.8244,50.8211,2015,12,4,0.2,0.12
-40.9678,53.5171,2015,12,4,0.7,0.378
1.0326,70.802,2015,12,4,0.4,0.0242
11.8179,-39.7597,2015,12,4,0.1,0.153
8.2729,43.6868,2015,12,4,0.4,0.349
91.5423,15.0745,2015,12,4,0.2,0.0471
2.6645,-42.1579,2015,12,4,0.1,0.385
2.6273,38.0849,2015,12,4,0.7,0.164
-3.8878,47.1821,2015,12,4,0.1,0.0726
-40.9564,53.5298,2015,12,4,0.7,0.21
-43.8363,50.8518,2015,12,4,0.0,0.084
-56.0733,-50.5495,2015,12,4,0.1,3.54
91.384,14.386,2015,12,4,4.6,0.109
-173.0047,-17.7131,2015,12,4,0.6,0.0106
77.3482,-21.2971,2015,12,5,0.2,0.0315
84.6828,-52.6319,2015,12,5,0.1,0.723
38.2177,-47.9112,2015,12,5,0.1,0.0341
49.3785,-44.0488,2015,12,5,0.1,0.577
34.9381,-54.7124,2015,12,5,0.1,1.354
-40.8831,53.6135,2015,12,5,0.6,0.39
11.471,41.0379,2015,12,5,0.3,0.221
-3.8892,47.1826,2015,12,5,2.7,0.103
-31.8013,55.3153,2015,12,5,0.1,0.274
-45.6397,45.8387,2015,12,5,0.8,0.715
-58.7581,58.9886,2015,12,5,0.6,0.194
-56.0734,-50.5225,2015,12,5,0.1,2.81
72.1735,-21.4396,2015,12,5,4.3,0.038
78.0306,-22.4837,2015,12,5,2.9,0.0306
82.1747,-15.9432,2015,12,5,4.1,0.026
-149.4634,-17.9723,2015,12,5,0.1,0.00365
49.4359,-44.0437,2015,12,6,0.4,0.646
108.2022,-45.9035,2015,12,6,0.1,0.234
95.154,-51.1993,2015,12,6,0.1,0.423
-17.139,50.739,2015,12,6,4.5,0.213
67.7396,-50.5563,2015,12,6,0.1,0.803
65.9988,-49.6466,2015,12,6,0.1,0.565
51.7582,-43.8367,2015,12,6,0.1,0.135
49.4271,-44.0405,2015,12,6,0.3,0.365
38.8612,-44.0822,2015,12,6,0.1,0.829
35.1822,-42.6245,2015,12,6,0.1,0.624
-43.5713,50.9783,2015,12,6,0.2,0.084
-40.7381,53.6798,2015,12,6,0.7,0.384
12.2473,-39.9361,2015,12,6,0.1,0.15
2.633,-42.128,2015,12,6,0.1,0.198
-3.8905,47.1849,2015,12,6,1.2,0.304
-26.0351,11.1049,2015,12,6,0.1,0.0302
-28.6162,15.3646,2015,12,6,0.4,0.0545
-43.5424,50.9918,2015,12,6,0.0,0.78
-40.7084,53.6903,2015,12,6,0.6,0.312
-54.2743,58.9007,2015,12,6,0.1,0.193
-56.0778,-50.4877,2015,12,6,0.1,2.245
49.4196,-44.0378,2015,12,6,0.3,0.741
-149.4452,-17.9446,2015,12,6,0.1,0.0
49.4095,-44.0342,2015,12,7,0.1,0.672
6.11,-28.072,2015,12,7,4.1,0.0759
84.6349,-52.6759,2015,12,7,0.1,0.701
86.864,12.705,2015,12,7,3.9,0.131
144.078,-44.914,2015,12,7,4.2,0.61
49.3129,-44.0229,2015,12,7,0.1,0.124
-50.1432,21.1613,2015,12,7,1.5,0.0
34.5433,-54.9936,2015,12,7,0.1,1.745
23.5347,35.1154,2015,12,7,0.5,0.116
-40.5695,53.6889,2015,12,7,0.7,0.402
5.3718,40.4523,2015,12,7,0.6,0.178
10.1388,39.3187,2015,12,7,0.5,0.219
19.4885,35.9991,2015,12,7,0.5,0.111
8.1848,43.6457,2015,12,7,0.1,0.31
34.0518,-38.0071,2015,12,7,1.0,0.115
2.1166,-42.1032,2015,12,7,0.8,0.623
-21.1188,-38.6135,2015,12,7,0.7,1.016
-20.7095,-40.8349,2015,12,7,0.6,0.72
-3.8877,47.1858,2015,12,7,0.4,0.0857
-26.5191,-24.2895,2015,12,7,0.7,0.00605
-19.0972,59.5595,2015,12,7,0.4,0.124
-40.5395,53.689,2015,12,7,0.7,0.39
-43.8348,54.8639,2015,12,7,0.7,0.263
-46.0031,54.6161,2015,12,7,0.7,0.252
-52.2397,56.2713,2015,12,7,0.6,0.263
-56.0737,-50.4668,2015,12,7,0.1,2.394
-149.3883,-17.9428,2015,12,7,0.1,0.00365
-2.528,64.595,2015,12,7,4.3,0.0972
88.0825,15.4271,2015,12,8,0.5,0.031
108.8654,-46.2287,2015,12,8,0.1,0.148
77.2137,-21.0207,2015,12,8,0.3,0.0063
95.0661,-51.1824,2015,12,8,0.1,0.412
67.6995,-50.5452,2015,12,8,0.1,0.869
65.8302,-49.6041,2015,12,8,0.1,0.792
52.3267,-43.8466,2015,12,8,0.1,0.339
37.9349,-48.0316,2015,12,8,0.1,0.0137
38.9127,-44.1204,2015,12,8,0.1,0.606
35.1689,-42.4908,2015,12,8,0.1,0.299
27.8076,33.9787,2015,12,8,0.5,0.0855
27.0265,35.1348,2015,12,8,0.6,0.145
29.247,33.0954,2015,12,8,0.4,0.136
31.9566,43.281,2015,12,8,0.5,0.65
-42.9619,50.9029,2015,12,8,0.2,0.072
-40.4819,53.6533,2015,12,8,0.6,0.372
12.8259,-40.2567,2015,12,8,0.1,0.409
18.0451,37.5057,2015,12,8,0.5,0.0653
18.5275,39.5106,2015,12,8,0.3,0.199
19.4473,36.4478,2015,12,8,0.7,0.13
9.0327,38.6527,2015,12,8,0.1,0.233
4.7412,40.4219,2015,12,8,0.7,0.0693
2.5997,-42.0854,2015,12,8,0.1,0.749
4.7795,41.3433,2015,12,8,0.6,0.244
-3.881,47.1869,2015,12,8,0.4,2.226
-42.9032,50.894,2015,12,8,0.0,0.036
-40.4701,53.646,2015,12,8,0.7,0.372
-56.0617,-50.4371,2015,12,8,0.1,2.143
77.6548,-22.4941,2015,12,8,4.3,0.0306
72.1727,-21.2795,2015,12,8,4.3,0.0418
82.0304,-15.912,2015,12,8,4.2,0.03
-149.3815,-17.9471,2015,12,8,0.1,0.0
151.8513,-16.581,2015,12,9,0.6,0.0071
84.3301,-52.9206,2015,12,9,0.1,0.788
49.2122,-43.9995,2015,12,9,0.1,0.0876
34.6341,-55.3555,2015,12,9,0.1,1.409
27.7028,34.6115,2015,12,9,0.2,0.0991
0.5078,70.7443,2015,12,9,0.6,0.0181
91.4348,15.0303,2015,12,9,0.6,0.0172
2.0674,-42.1854,2015,12,9,0.4,0.795
2.594,38.1093,2015,12,9,0.6,0.0547
-3.8673,47.1878,2015,12,9,0.1,0.629
-56.0579,-50.4296,2015,12,9,0.1,1.902
-50.1401,21.1529,2015,12,9,0.6,0.0
-149.3509,-17.9144,2015,12,9,0.1,0.0256
-160.8197,-17.495,2015,12,9,0.7,0.0108
-173.1479,-17.9013,2015,12,9,0.7,0.0
65.3782,20.303,2015,12,10,0.5,0.45
66.4096,18.7541,2015,12,10,0.4,0.101
94.953,-51.2064,2015,12,10,0.1,0.526
67.6695,-50.5893,2015,12,10,0.1,1.128
65.6977,-49.5565,2015,12,10,0.1,0.821
52.8832,-43.9462,2015,12,10,0.1,0.0985
49.2295,-44.0019,2015,12,10,0.1,0.128
38.9603,-44.1503,2015,12,10,0.1,0.361
35.0745,-42.3441,2015,12,10,0.1,1.518
-42.6241,50.7587,2015,12,10,0.5,0.066
13.6719,-40.2936,2015,12,10,0.1,0.482
11.5089,41.0539,2015,12,10,0.1,0.194
8.1206,43.5885,2015,12,10,0.1,0.279
2.5508,-42.0409,2015,12,10,0.1,0.875
-3.8581,47.1932,2015,12,10,1.8,0.275
-42.596,50.745,2015,12,10,0.1,0.054
-56.0652,-50.4163,2015,12,10,0.1,1.694
-149.343,-17.9299,2015,12,10,0.1,0.011
-160.113,24.699,2015,12,10,4.9,0.0936
84.132,-53.551,2015,12,11,0.1,0.949
77.1652,-20.7775,2015,12,11,0.2,0.0252
37.9889,-48.192,2015,12,11,0.1,0.072
49.0733,-43.9765,2015,12,11,0.1,0.212
34.8726,-55.4645,2015,12,11,0.1,1.475
68.6754,12.4011,2015,12,11,0.4,0.0511
2.014,-42.2531,2015,12,11,0.2,0.896
-3.8504,47.2013,2015,12,11,0.0,0.0847
-26.1037,11.2274,2015,12,11,0.5,0.0121
-28.6199,15.5128,2015,12,11,0.6,0.0726
-56.0599,-50.4058,2015,12,11,0.1,2.825
72.2048,-21.138,2015,12,11,4.3,0.0684
81.9142,-15.8794,2015,12,11,4.0,0.024
77.298,-22.455,2015,12,11,4.2,0.036
-149.319,-17.9093,2015,12,11,0.1,0.00365
110.0813,-46.8712,2015,12,12,0.1,0.382
94.87,-51.2609,2015,12,12,0.1,0.449
67.6459,-50.6033,2015,12,12,0.1,1.172
65.5996,-49.5153,2015,12,12,0.1,1.494
53.2033,-44.144,2015,12,12,0.1,0.307
49.0901,-43.9771,2015,12,12,0.1,0.131
39.0202,-44.1614,2015,12,12,0.1,0.693
34.9596,-42.1813,2015,12,12,0.1,1.427
23.4176,35.1718,2015,12,12,0.4,0.102
34.2466,42.585,2015,12,12,0.0,0.78
-42.711,50.575,2015,12,12,0.1,0.084
14.4788,-39.9924,2015,12,12,0.1,0.686
10.1485,39.2201,2015,12,12,0.5,0.25
19.4919,35.9972,2015,12,12,0.4,0.118
2.482,-42.0036,2015,12,12,0.1,0.968
5.2199,40.4594,2015,12,12,0.0,0.179
-21.1424,-38.6245,2015,12,12,0.7,0.672
-20.7806,-40.8339,2015,12,12,0.6,0.654
-3.8439,47.2082,2015,12,12,2.3,0.119
-26.4989,-24.432,2015,12,12,0.3,0.00605
-18.1458,59.6571,2015,12,12,0.9,0.073
-42.7229,50.5577,2015,12,12,0.0,0.084
-56.0644,-50.3976,2015,12,12,0.1,1.869
-149.3123,-17.9177,2015,12,12,0.1,0.062
87.8949,15.2945,2015,12,13,0.4,0.0146
85.1079,-53.6454,2015,12,13,0.1,0.814
48.8589,-43.9766,2015,12,13,0.1,0.212
35.0231,-55.409,2015,12,13,0.2,1.708
27.8344,33.9491,2015,12,13,0.6,0.108
26.9001,35.1185,2015,12,13,0.5,0.185
29.4062,33.1295,2015,12,13,0.3,0.156
31.8295,43.297,2015,12,13,0.6,0.491
18.1015,37.5133,2015,12,13,0.5,0.0964
18.4366,39.4656,2015,12,13,0.2,0.219
19.6667,36.5958,2015,12,13,0.8,0.144
8.974,38.6137,2015,12,13,0.1,0.203
8.0744,43.5392,2015,12,13,0.1,0.239
4.7858,40.4815,2015,12,13,0.8,0.073
1.9051,-42.3368,2015,12,13,0.1,0.548
4.6418,41.3853,2015,12,13,0.4,0.24
-3.8405,47.2167,2015,12,13,1.8,1.664
-40.4564,53.6188,2015,12,13,0.1,0.216
-36.3068,20.9511,2015,12,13,0.6,0.0864
-56.0426,-50.4085,2015,12,13,0.1,1.712
-149.2907,-17.9461,2015,12,13,0.1,0.0146
-153.5145,-20.2942,2015,12,13,0.1,0.0
29.0245,43.1999,2015,12,13,0.8,0.671
29.924,-49.284,2015,12,14,4.3,0.513
151.8347,-16.565,2015,12,14,0.6,0.0178
111.0294,-46.8674,2015,12,14,0.1,0.364
77.1922,-20.5799,2015,12,14,0.2,0.0084
94.8347,-51.3165,2015,12,14,0.1,0.263
67.579,-50.5988,2015,12,14,0.1,1.394
65.5232,-49.462,2015,12,14,0.2,0.778
53.3538,-44.3306,2015,12,14,0.1,0.401
48.921,-43.9869,2015,12,14,0.1,0.493
39.0696,-44.1798,2015,12,14,0.1,0.299
34.8442,-42.0066,2015,12,14,0.1,1.701
27.7111,34.628,2015,12,14,0.5,0.351
91.367,14.264,2015,12,14,4.0,0.0584
-42.8928,50.3819,2015,12,14,0.1,0.114
-0.1539,70.7292,2015,12,14,0.5,0.0121
15.2263,-39.3512,2015,12,14,0.1,0.329
91.353,15.0255,2015,12,14,0.5,0.0256
2.4316,-41.9743,2015,12,14,0.1,0.749
2.5623,38.1106,2015,12,14,0.5,0.248
-3.8413,47.2254,2015,12,14,0.0,0.151
-42.9112,50.363,2015,12,14,0.0,0.132
-56.0402,-50.4256,2015,12,14,0.1,1.872
76.9866,-22.3426,2015,12,14,4.1,0.0198
81.7639,-15.8779,2015,12,14,4.1,0.024
-149.2957,-17.9438,2015,12,14,0.1,0.011
75.433,-0.045,2015,12,14,4.0,0.158
-160.889,-17.395,2015,12,14,0.6,0.0072
-173.2183,-18.1762,2015,12,14,0.7,0.0142
-0.434,65.985,2015,12,14,4.4,0.0828
86.1604,-53.3966,2015,12,15,0.4,0.58
48.5818,-43.9665,2015,12,15,0.1,0.409
35.0153,-55.2779,2015,12,15,0.1,2.04
11.5566,41.0894,2015,12,15,0.1,0.24
1.8125,-42.3776,2015,12,15,0.1,1.072
-3.8456,47.2341,2015,12,15,0.1,0.133
-31.5633,55.6185,2015,12,15,0.1,0.252
-45.9244,45.6217,2015,12,15,0.4,1.029
-58.0096,58.1269,2015,12,15,0.3,0.191
-56.0337,-50.4247,2015,12,15,0.1,0.237
-149.278,-17.9445,2015,12,15,0.1,0.0073
112.0717,-46.7635,2015,12,16,0.2,0.281
94.8793,-51.3579,2015,12,16,0.3,0.31
-17.381,50.982,2015,12,16,4.1,0.256
67.5253,-50.5651,2015,12,16,0.1,1.453
65.4407,-49.4159,2015,12,16,0.1,0.659
53.2945,-44.4123,2015,12,16,0.1,0.0182
48.7041,-44.0173,2015,12,16,0.1,0.131
39.144,-44.1861,2015,12,16,0.1,0.704
34.7737,-41.8302,2015,12,16,0.1,1.832
-43.1771,50.0093,2015,12,16,0.3,0.336
15.1541,-38.4629,2015,12,16,0.1,0.631
8.0179,43.4904,2015,12,16,0.1,0.217
2.3949,-41.9406,2015,12,16,0.1,0.904
-3.8523,47.2415,2015,12,16,0.0,0.109
-26.1766,11.3004,2015,12,16,0.8,0.0121
-28.5884,15.6322,2015,12,16,0.6,0.0726
-43.2047,49.9723,2015,12,16,0.0,0.348
-53.117,58.8047,2015,12,16,0.1,0.19
-56.0382,-50.4296,2015,12,16,0.1,1.632
-149.2713,-17.9527,2015,12,16,0.1,0.00365
86.845,12.732,2015,12,17,3.7,0.139
-128.159,-54.834,2015,12,17,4.3,0.482
6.916,-27.565,2015,12,17,4.1,0.0627
77.2674,-20.4426,2015,12,17,0.1,0.13
86.8839,-53.2682,2015,12,17,0.1,0.526
38.7606,-48.0125,2015,12,17,0.1,0.0576
48.3874,-43.9141,2015,12,17,0.1,0.153
34.7916,-55.1237,2015,12,17,0.1,2.237
23.305,35.1969,2015,12,17,0.7,0.1
10.0686,39.132,2015,12,17,0.5,0.35
19.4861,36.0082,2015,12,17,0.5,0.124
34.1558,-40.2702,2015,12,17,0.8,0.391
1.7365,-42.4289,2015,12,17,0.3,1.076
4.9978,40.5123,2015,12,17,0.7,0.207
-21.1256,-38.6149,2015,12,17,0.7,0.569
-20.8172,-40.8473,2015,12,17,0.6,1.266
-3.8615,47.2445,2015,12,17,0.5,0.121
-17.6394,59.8604,2015,12,17,0.2,0.113
-44.4007,54.1017,2015,12,17,0.8,0.202
-45.7601,54.3483,2015,12,17,0.5,0.263
-53.0198,56.7858,2015,12,17,0.4,0.168
-56.0426,-50.4084,2015,12,17,0.1,1.445
76.6691,-22.1643,2015,12,17,4.2,0.0216
72.4667,-20.9736,2015,12,17,4.0,0.0361
81.6031,-15.8805,2015,12,17,4.0,0.028
-149.2628,-17.9552,2015,12,17,0.1,0.0
87.7775,15.3427,2015,12,18,0.5,0.00183
112.8834,-46.568,2015,12,18,0.1,0.392
94.9144,-51.4013,2015,12,18,0.3,0.0
67.4692,-50.5771,2015,12,18,0.1,1.664
65.3723,-49.3829,2015,12,18,0.1,0.95
53.1748,-44.4072,2015,12,18,0.1,0.281
48.4737,-44.0503,2015,12,18,0.1,0.369
39.2131,-44.2009,2015,12,18,0.1,0.693
34.7509,-41.6857,2015,12,18,0.1,3.15
27.8136,33.937,2015,12,18,0.4,0.119
26.8293,35.065,2015,12,18,0.5,0.113
29.4493,33.1433,2015,12,18,0.5,0.108
31.7109,43.3366,2015,12,18,0.6,0.547
-43.4231,49.7754,2015,12,18,0.2,0.192
14.2212,-37.8581,2015,12,18,0.1,0.792
18.1852,37.5503,2015,12,18,0.6,0.131
18.3088,39.435,2015,12,18,0.5,0.247
19.2017,36.7683,2015,12,18,0.7,0.113
8.8384,38.5429,2015,12,18,0.1,0.2
4.6745,40.6491,2015,12,18,0.6,0.128
2.3939,-41.8927,2015,12,18,0.1,0.914
4.5625,41.4424,2015,12,18,0.3,0.122
-3.8692,47.2437,2015,12,18,0.3,0.308
-43.4451,49.756,2015,12,18,0.0,0.198
-40.5836,53.6727,2015,12,18,0.1,0.306
-56.0325,-50.389,2015,12,18,0.1,0.693
-149.2488,-17.9629,2015,12,18,0.1,0.0219
-153.5897,-20.3668,2015,12,18,0.4,0.0
28.7889,43.033,2015,12,18,0.6,0.58
151.9112,-16.5672,2015,12,19,0.5,0.0142
87.4807,-53.229,2015,12,19,0.1,0.621
48.3287,-43.7996,2015,12,19,0.1,0.296
34.3646,-54.9823,2015,12,19,0.2,2.577
27.7129,34.6284,2015,12,19,0.5,0.115
-0.5037,70.4958,2015,12,19,0.4,0.00605
7.9471,43.4482,2015,12,19,0.1,0.248
91.3022,15.0288,2015,12,19,0.2,0.0219
1.6637,-42.4707,2015,12,19,0.1,0.964
2.5668,38.0748,2015,12,19,0.6,0.161
-21.1278,-38.6111,2015,12,19,-0.0,0.212
-20.8196,-40.8339,2015,12,19,-0.0,1.176
-3.877,47.2439,2015,12,19,2.8,0.104
-56.046,-50.3804,2015,12,19,0.1,1.602
-149.2571,-17.9787,2015,12,19,0.1,0.0073
-160.9291,-17.321,2015,12,19,0.4,0.0
-173.2598,-18.6207,2015,12,19,0.3,0.00355
65.4523,20.0903,2015,12,20,0.5,0.211
66.2612,18.6646,2015,12,20,0.4,0.296
113.5427,-46.3173,2015,12,20,0.2,0.752
94.9912,-51.4374,2015,12,20,0.1,0.387
67.4295,-50.5775,2015,12,20,0.1,1.38
65.3344,-49.3433,2015,12,20,0.1,0.49
53.0811,-44.3418,2015,12,20,0.1,0.285
2.5923,38.0592,2015,12,20,0.2,0.395
7.9228,43.4289,2015,12,20,0.4,0.288
39.6283,-47.7105,2015,12,20,0.4,0.036
48.3091,-44.0522,2015,12,20,0.1,0.288
39.2712,-44.2207,2015,12,20,0.1,0.533
34.8092,-41.5661,2015,12,20,0.1,3.405
-43.6876,49.8646,2015,12,20,0.0,0.132
13.4729,-38.1502,2015,12,20,0.3,0.704
11.6174,41.1117,2015,12,20,0.1,0.179
10.0569,39.0962,2015,12,20,0.5,0.265
19.4929,36.0026,2015,12,20,0.5,0.121
7.9189,43.4259,2015,12,20,0.4,0.288
2.4003,-41.8581,2015,12,20,0.1,0.778
2.5959,38.0557,2015,12,20,0.2,0.0693
4.8401,40.5706,2015,12,20,0.5,0.176
-3.8813,47.2444,2015,12,20,0.4,0.25
7.9136,43.4218,2015,12,20,0.1,0.261
-43.7148,49.8777,2015,12,20,0.0,0.102
-56.0609,-50.3824,2015,12,20,0.1,0.774
72.4305,-20.8625,2015,12,20,4.3,0.0342
81.4676,-15.8812,2015,12,20,3.6,0.026
71.769,16.07,2015,12,20,4.3,0.153
76.3348,-21.948,2015,12,20,4.0,0.0306
-149.2687,-17.9934,2015,12,20,0.1,0.0
87.9232,-53.2553,2015,12,21,0.1,1.128
48.3425,-43.6566,2015,12,21,0.1,0.0474
34.0031,-55.0567,2015,12,21,0.1,2.519
29.4422,33.1586,2015,12,21,0.6,0.124
18.2347,37.5585,2015,12,21,0.5,0.135
7.8804,43.4085,2015,12,21,0.5,0.289
68.549,12.2734,2015,12,21,0.5,0.061
1.6334,-42.5067,2015,12,21,0.1,0.967
4.546,41.482,2015,12,21,0.5,0.128
-21.1297,-38.6202,2015,12,21,-0.0,0.762
-20.7988,-40.8313,2015,12,21,-0.0,0.816
-3.879,47.2444,2015,12,21,0.5,0.09
-26.2197,11.3211,2015,12,21,0.6,0.0181
-28.5339,15.7433,2015,12,21,0.6,0.0484
7.8734,43.4056,2015,12,21,0.1,0.225
-56.0665,-50.385,2015,12,21,0.1,0.255
-149.2789,-18.0129,2015,12,21,0.1,0.00365
114.2407,-46.2386,2015,12,22,0.1,1.03
95.1843,-51.4714,2015,12,22,0.2,0.387
67.3904,-50.5812,2015,12,22,0.1,0.956
65.3129,-49.3108,2015,12,22,0.1,0.929
52.9607,-44.2696,2015,12,22,0.1,0.281
7.863,43.4009,2015,12,22,0.4,0.229
-9.944,58.93,2015,12,22,3.8,0.0296
48.1715,-44.0602,2015,12,22,0.1,0.0839
39.3143,-44.2181,2015,12,22,0.1,0.15
34.9557,-41.4776,2015,12,22,0.1,1.566
23.2123,35.2095,2015,12,22,0.5,0.104
27.715,34.6163,2015,12,22,0.6,0.0708
34.5648,42.7213,2015,12,22,0.7,0.49
-43.965,50.2904,2015,12,22,0.3,0.138
13.9079,-38.6604,2015,12,22,0.1,0.719
7.8607,43.3995,2015,12,22,0.3,0.265
2.384,-41.8418,2015,12,22,0.1,0.306
-3.8738,47.247,2015,12,22,0.0,0.185
-26.54,-24.749,2015,12,22,0.7,0.00605
-17.4325,60.0335,2015,12,22,0.4,0.106
-43.9921,50.3338,2015,12,22,0.0,0.138
7.8577,43.3977,2015,12,22,0.1,0.229
-56.0778,-50.3983,2015,12,22,0.1,0.296
-149.2696,-18.0083,2015,12,22,0.1,0.0182
87.6387,15.4096,2015,12,23,1.0,0.0
88.3201,-53.2118,2015,12,23,0.2,0.777
77.5357,-20.3251,2015,12,23,0.4,0.021
7.8524,43.3765,2015,12,23,0.4,0.183
40.4405,-47.5141,2015,12,23,0.2,0.0612
48.5221,-43.5368,2015,12,23,0.1,0.102
33.8758,-55.5656,2015,12,23,0.1,2.259
27.781,33.9601,2015,12,23,0.4,0.124
26.7534,35.027,2015,12,23,0.6,0.165
31.59,43.4326,2015,12,23,0.6,0.535
11.6991,41.0775,2015,12,23,0.1,0.191
10.0291,39.0519,2015,12,23,0.6,0.239
19.5062,35.9863,2015,12,23,0.2,0.145
18.2193,39.5038,2015,12,23,0.7,0.27
19.2142,36.3419,2015,12,23,0.5,0.133
8.7254,38.4365,2015,12,23,0.1,0.248
7.8511,43.3722,2015,12,23,0.5,0.212
4.6074,40.8465,2015,12,23,0.7,0.0949
1.6338,-42.5371,2015,12,23,0.1,0.892
4.7201,40.6529,2015,12,23,0.8,0.366
-21.1178,-38.6131,2015,12,23,-0.0,0.744
-20.7944,-40.8305,2015,12,23,0.1,0.57
-3.8651,47.2516,2015,12,23,0.3,0.0635
-36.8479,20.9433,2015,12,23,0.6,0.0684
-40.648,53.7868,2015,12,23,0.2,0.294
7.8493,43.3662,2015,12,23,0.1,0.375
-56.0743,-50.4002,2015,12,23,0.1,0.686
2.6619,37.9912,2015,12,23,0.7,0.409
72.3911,-20.7501,2015,12,23,4.0,0.0342
76.0264,-21.7077,2015,12,23,3.9,0.0612
81.3003,-15.8907,2015,12,23,3.9,0.024
-149.2573,-18.0211,2015,12,23,0.1,0.0
-153.7302,-20.4459,2015,12,23,0.1,0.0076
28.8961,42.9836,2015,12,23,0.7,0.752
151.9699,-16.6538,2015,12,24,0.8,0.00355
31.888,-48.802,2015,12,24,4.4,0.629
115.0215,-46.3569,2015,12,24,0.1,0.151
95.4905,-51.2831,2015,12,24,0.2,0.365
67.3511,-50.5968,2015,12,24,0.1,1.121
65.2974,-49.285,2015,12,24,0.1,0.965
52.8988,-44.2408,2015,12,24,0.1,0.226
7.8465,43.355,2015,12,24,0.3,0.232
48.1143,-44.0994,2015,12,24,0.1,0.387
39.3962,-44.1933,2015,12,24,0.1,0.65
35.1732,-41.3749,2015,12,24,0.1,2.478
29.4236,33.193,2015,12,24,0.4,0.0817
-44.1709,50.8731,2015,12,24,0.3,0.132
-0.6156,70.2969,2015,12,24,0.5,0.0121
14.0929,-38.2299,2015,12,24,0.1,0.69
18.2967,37.5741,2015,12,24,0.6,0.18
7.8458,43.3527,2015,12,24,0.4,0.297
91.222,15.0383,2015,12,24,0.4,0.0226
2.4235,-41.8114,2015,12,24,0.2,0.932
4.5196,41.5202,2015,12,24,0.7,0.164
-3.8564,47.2568,2015,12,24,0.1,0.0786
-44.1893,50.9284,2015,12,24,0.0,0.132
7.8449,43.3497,2015,12,24,0.1,0.254
-56.0404,-50.4122,2015,12,24,0.1,0.314
-173.1766,-19.2723,2015,12,24,0.5,0.0142
88.3888,-53.0833,2015,12,25,0.1,0.361
7.8596,43.3284,2015,12,25,0.6,0.19
48.8186,-43.52,2015,12,25,0.1,0.0839
34.4015,-56.0705,2015,12,25,0.2,2.77
27.7556,34.6129,2015,12,25,0.6,0.247
7.862,43.3241,2015,12,25,0.3,0.252
1.5424,-42.529,2015,12,25,0.1,1.046
-21.1175,-38.6219,2015,12,25,0.0,0.744
-20.785,-40.8082,2015,12,25,0.0,0.552
-3.8486,47.2625,2015,12,25,0.0,0.0666
-30.7432,55.9668,2015,12,25,0.1,0.194
-45.6751,45.0329,2015,12,25,0.9,0.726
7.8653,43.3182,2015,12,25,0.1,0.251
-57.184,57.3769,2015,12,25,0.6,0.169
-55.9967,-50.4114,2015,12,25,0.1,0.142
-149.2639,-18.0722,2015,12,25,0.1,0.0
115.7578,-46.4514,2015,12,26,0.1,1.019
95.4272,-51.1987,2015,12,26,0.1,0.456
-17.736,51.382,2015,12,26,4.3,0.178
77.6584,-20.3579,2015,12,26,0.3,0.0819
67.2978,-50.6201,2015,12,26,0.1,1.19
65.2743,-49.2519,2015,12,26,0.1,1.393
52.8538,-44.2114,2015,12,26,0.1,0.102
7.8552,43.297,2015,12,26,0.3,0.26
41.0144,-47.4033,2015,12,26,0.5,0.0396
48.0387,-44.1409,2015,12,26,0.1,0.274
39.4557,-44.139,2015,12,26,0.2,0.825
35.4293,-41.2695,2015,12,26,0.2,0.748
-43.7232,51.2471,2015,12,26,0.0,0.108
13.2837,-37.7837,2015,12,26,0.1,0.766
11.7855,41.0455,2015,12,26,0.1,0.153
9.9715,39.0496,2015,12,26,0.3,0.229
19.5286,35.9773,2015,12,26,0.3,0.119
7.8532,43.2931,2015,12,26,0.4,0.201
4.6199,40.7568,2015,12,26,0.4,0.157
-3.8454,47.272,2015,12,26,0.0,0.0605
-26.2342,11.2906,2015,12,26,0.7,0.0605
-28.4507,15.8221,2015,12,26,0.7,0.0786
7.8505,43.2877,2015,12,26,0.1,0.21
-43.6734,51.2808,2015,12,26,0.0,0.114
-52.791,58.2662,2015,12,26,0.1,0.139
-55.9786,-50.4124,2015,12,26,0.1,0.27
75.7115,-21.4655,2015,12,26,4.2,0.0234
72.311,-20.6548,2015,12,26,4.4,0.0361
87.073,12.872,2015,12,26,4.1,0.139
81.1764,-15.8892,2015,12,26,3.8,0.02
-149.2834,-18.1174,2015,12,26,0.1,0.00365
88.5303,-53.0762,2015,12,27,0.1,0.394
48.8743,-43.6222,2015,12,27,0.1,0.0256
35.175,-56.0477,2015,12,27,0.1,2.712
23.0399,35.3382,2015,12,27,0.6,0.128
29.412,33.229,2015,12,27,0.2,0.039
18.3408,37.5907,2015,12,27,0.5,0.172
34.2547,-41.2591,2015,12,27,1.0,0.725
-64.012,24.5071,2015,12,27,0.7,0.0424
1.4642,-42.5309,2015,12,27,0.1,0.952
4.4852,41.5616,2015,12,27,0.8,0.139
-21.1153,-38.6282,2015,12,27,0.4,0.254
-20.7981,-40.8009,2015,12,27,-0.0,0.576
-3.8438,47.2817,2015,12,27,0.0,0.0786
-26.541,-24.8953,2015,12,27,0.6,0.00605
-44.1327,54.0792,2015,12,27,0.7,0.155
-45.4915,54.5545,2015,12,27,0.3,0.173
-53.019,56.8521,2015,12,27,0.7,0.124
-55.9564,-50.4208,2015,12,27,0.1,0.299
-149.2996,-18.1311,2015,12,27,0.1,0.0
87.542,15.5626,2015,12,28,0.4,0.0
116.4204,-46.5138,2015,12,28,0.1,0.882
95.4519,-51.1355,2015,12,28,0.2,0.46
67.2703,-50.6251,2015,12,28,0.3,1.175
65.2751,-49.2381,2015,12,28,0.2,0.583
52.8579,-44.1881,2015,12,28,0.1,0.0073
47.9098,-44.1886,2015,12,28,0.1,0.0292
39.5234,-44.1358,2015,12,28,0.1,1.653
35.8295,-41.1131,2015,12,28,0.1,1.336
27.7724,33.9745,2015,12,28,0.2,0.0521
27.8043,34.6095,2015,12,28,0.4,0.093
26.7159,35.0107,2015,12,28,0.2,0.103
31.3815,43.4749,2015,12,28,0.6,0.539
-42.8888,51.4283,2015,12,28,0.0,0.102
12.7782,-37.8061,2015,12,28,0.1,1.544
18.1775,39.5091,2015,12,28,0.5,0.256
19.6343,36.7225,2015,12,28,0.6,0.137
8.5722,38.3353,2015,12,28,0.1,0.21
-63.993,24.5149,2015,12,28,0.6,0.0121
4.7434,41.0571,2015,12,28,0.4,0.117
2.4966,-41.7623,2015,12,28,0.1,1.13
-3.8506,47.2928,2015,12,28,0.0,0.0666
-42.8063,51.444,2015,12,28,0.0,0.108
-40.5853,53.9054,2015,12,28,0.1,0.138
-55.9452,-50.4225,2015,12,28,0.1,0.212
-149.2767,-18.1483,2015,12,28,0.1,0.0
-153.849,-20.4573,2015,12,28,0.1,0.0076
28.8379,42.6527,2015,12,28,0.8,0.77
5.992,69.96,2015,12,28,4.0,0.0108
152.0421,-16.679,2015,12,29,0.6,0.0284
77.7642,-20.4346,2015,12,29,0.3,0.0819
88.9312,-53.2296,2015,12,29,0.2,0.526
41.4176,-47.3024,2015,12,29,0.1,0.0108
48.744,-43.7213,2015,12,29,0.1,0.00365
35.3697,-55.8186,2015,12,29,0.4,1.329
-0.6474,70.0804,2015,12,29,0.6,0.0121
11.8479,41.0358,2015,12,29,0.1,0.254
9.9165,39.0369,2015,12,29,0.2,0.298
19.5605,35.9685,2015,12,29,0.3,0.115
7.8815,43.2429,2015,12,29,0.1,0.354
91.1749,15.0478,2015,12,29,0.5,0.0365
-63.9736,24.5213,2015,12,29,0.7,0.0121
-60.3771,24.4497,2015,12,29,0.7,0.012
1.3567,-42.5194,2015,12,29,0.1,0.697
4.5494,40.8939,2015,12,29,0.4,0.14
-21.1421,-38.6402,2015,12,29,-0.0,0.78
-20.8152,-40.8032,2015,12,29,0.0,0.594
-3.8617,47.3044,2015,12,29,0.1,0.0847
-55.9415,-50.4218,2015,12,29,0.1,0.113
72.241,-20.5724,2015,12,29,4.1,0.0418
81.0474,-15.9264,2015,12,29,3.9,0.036
75.4708,-21.2664,2015,12,29,4.2,0.0288
-160.9488,-17.5622,2015,12,29,0.7,0.0036
-173.021,-19.8349,2015,12,29,0.7,0.0248
65.628,19.9107,2015,12,30,0.5,0.128
66.011,18.6341,2015,12,30,0.4,0.328
116.7939,-46.546,2015,12,30,0.1,0.792
95.4785,-51.0669,2015,12,30,0.1,0.467
67.2471,-50.6567,2015,12,30,0.1,1.142
65.2503,-49.2519,2015,12,30,0.1,0.864
47.8782,-44.2122,2015,12,30,0.1,0.0256
39.5361,-44.1264,2015,12,30,0.1,1.423
52.946,-44.1644,2015,12,30,0.1,0.0803
36.3205,-40.8832,2015,12,30,0.1,0.215
29.4188,33.2737,2015,12,30,0.6,0.0995
-42.1864,51.4798,2015,12,30,0.3,0.132
12.5836,-38.0912,2015,12,30,0.1,0.92
18.4027,37.6218,2015,12,30,0.6,0.123
-60.4174,24.3974,2015,12,30,0.7,0.018
2.5634,-41.7403,2015,12,30,0.1,0.853
4.4516,41.5807,2015,12,30,0.4,0.177
-3.8713,47.3128,2015,12,30,0.1,0.0786
-42.1187,51.4838,2015,12,30,0.1,0.102
-63.9588,24.5234,2015,12,30,0.2,0.0181
-55.9182,-50.4102,2015,12,30,0.1,0.281
89.433,-53.4336,2015,12,31,0.1,0.562
48.6131,-43.6237,2015,12,31,0.1,0.0876
35.2216,-55.726,2015,12,31,0.1,2.354
27.8476,34.6007,2015,12,31,0.4,0.176
68.4655,12.0968,2015,12,31,0.4,0.0365
-60.4428,24.3612,2015,12,31,0.6,0.012
1.2555,-42.5129,2015,12,31,0.1,0.791
-21.166,-38.631,2015,12,31,0.0,0.805
-20.821,-40.7889,2015,12,31,0.0,0.516
-3.8836,47.3218,2015,12,31,0.4,0.0666
-26.2629,11.1938,2015,12,31,0.0,0.0242
-28.3706,15.8739,2015,12,31,0.7,0.0605
-63.9598,24.5099,2015,12,31,0.6,0.0181
-55.9546,-50.4001,2015,12,31,0.1,0.259
-50.0658,21.1802,2015,12,31,4.1,0.171